station_id,num_bikes_available,num_bikes_available_types,num_bikes_disabled,num_docks_available,num_docks_disabled,last_reported
7000,8,"{'mechanical': 8, 'ebike': 0}",0,39,0,1790530862.0
7001,1,"{'mechanical': 0, 'ebike': 1}",9,13,0,1790530843.0
7002,5,"{'mechanical': 5, 'ebike': 0}",1,13,0,1790530919.0
7003,1,"{'mechanical': 0, 'ebike': 1}",0,14,0,1790530937.0
7004,2,"{'mechanical': 2, 'ebike': 0}",3,30,0,1790530936.0
7005,1,"{'mechanical': 0, 'ebike': 1}",0,22,0,1790530931.0
7006,1,"{'mechanical': 1, 'ebike': 0}",2,28,0,1790530863.0
7007,7,"{'mechanical': 4, 'ebike': 3}",0,12,0,1790530879.0
7008,0,"{'mechanical': 0, 'ebike': 0}",3,16,0,1790530876.0
7010,4,"{'mechanical': 4, 'ebike': 0}",1,14,0,1790530950.0
7013,13,"{'mechanical': 11, 'ebike': 2}",2,4,0,1790530889.0
7014,10,"{'mechanical': 9, 'ebike': 1}",3,4,0,1790530872.0
7015,19,"{'mechanical': 18, 'ebike': 1}",2,18,0,1790530923.0
7016,18,"{'mechanical': 18, 'ebike': 0}",0,17,0,1790530870.0
7017,0,"{'mechanical': 0, 'ebike': 0}",1,10,0,1790530888.0
7018,37,"{'mechanical': 33, 'ebike': 4}",1,11,0,1790530905.0
7019,41,"{'mechanical': 39, 'ebike': 2}",2,12,0,1790530951.0
7020,20,"{'mechanical': 19, 'ebike': 1}",1,12,0,1790530939.0
7021,12,"{'mechanical': 12, 'ebike': 0}",1,50,0,1790530880.0
7023,0,"{'mechanical': 0, 'ebike': 0}",4,7,0,1790530847.0
7024,3,"{'mechanical': 3, 'ebike': 0}",2,33,0,1790530850.0
7025,7,"{'mechanical': 4, 'ebike': 3}",1,19,0,1790530923.0
7026,5,"{'mechanical': 5, 'ebike': 0}",3,7,0,1790530841.0
7027,5,"{'mechanical': 3, 'ebike': 2}",3,22,1,1790530923.0
7028,2,"{'mechanical': 2, 'ebike': 0}",3,26,0,1790530947.0
7029,13,"{'mechanical': 13, 'ebike': 0}",0,2,0,1790530837.0
7030,0,"{'mechanical': 0, 'ebike': 0}",3,31,1,1790530902.0
7031,2,"{'mechanical': 2, 'ebike': 0}",2,35,0,1790530924.0
7032,12,"{'mechanical': 11, 'ebike': 1}",3,0,0,1790530915.0
7033,31,"{'mechanical': 29, 'ebike': 2}",1,11,0,1790530870.0
7034,3,"{'mechanical': 3, 'ebike': 0}",1,10,0,1790530863.0
7035,39,"{'mechanical': 39, 'ebike': 0}",0,4,0,1790530883.0
7036,10,"{'mechanical': 10, 'ebike': 0}",1,8,0,1790530949.0
7037,1,"{'mechanical': 1, 'ebike': 0}",3,37,0,1790530832.0
7038,24,"{'mechanical': 21, 'ebike': 3}",1,6,0,1790530835.0
7039,0,"{'mechanical': 0, 'ebike': 0}",0,19,0,1790530908.0
7040,1,"{'mechanical': 0, 'ebike': 1}",1,17,0,1790530886.0
7041,6,"{'mechanical': 6, 'ebike': 0}",1,15,1,1790530880.0
7042,1,"{'mechanical': 1, 'ebike': 0}",0,30,0,1790530939.0
7043,13,"{'mechanical': 11, 'ebike': 2}",1,5,0,1790530937.0
7044,6,"{'mechanical': 6, 'ebike': 0}",3,26,0,1790530855.0
7045,17,"{'mechanical': 17, 'ebike': 0}",0,20,0,1790530947.0
7046,40,"{'mechanical': 40, 'ebike': 0}",1,1,0,1790530929.0
7048,47,"{'mechanical': 47, 'ebike': 0}",0,0,0,1790530936.0
7049,8,"{'mechanical': 8, 'ebike': 0}",4,3,0,1790530937.0
7050,1,"{'mechanical': 0, 'ebike': 1}",2,13,0,1790530896.0
7052,32,"{'mechanical': 32, 'ebike': 0}",0,23,0,1790530944.0
7053,3,"{'mechanical': 2, 'ebike': 1}",1,23,0,1790530908.0
7054,8,"{'mechanical': 5, 'ebike': 3}",1,2,0,1790530936.0
7055,10,"{'mechanical': 10, 'ebike': 0}",2,3,0,1790530883.0
7057,9,"{'mechanical': 9, 'ebike': 0}",0,17,1,1790530926.0
7058,14,"{'mechanical': 12, 'ebike': 2}",1,24,0,1790530952.0
7059,9,"{'mechanical': 9, 'ebike': 0}",2,4,0,1790530903.0
7061,3,"{'mechanical': 3, 'ebike': 0}",1,11,0,1790530880.0
7063,16,"{'mechanical': 13, 'ebike': 3}",2,5,0,1790530935.0
7064,12,"{'mechanical': 12, 'ebike': 0}",0,7,0,1790530900.0
7065,2,"{'mechanical': 1, 'ebike': 1}",0,13,0,1790530907.0
7066,3,"{'mechanical': 0, 'ebike': 3}",0,12,0,1790530857.0
7067,5,"{'mechanical': 5, 'ebike': 0}",2,20,0,1790530872.0
7069,2,"{'mechanical': 2, 'ebike': 0}",3,6,0,1790530901.0
7070,9,"{'mechanical': 9, 'ebike': 0}",0,2,0,1790530917.0
7071,2,"{'mechanical': 2, 'ebike': 0}",0,21,0,1790530929.0
7073,20,"{'mechanical': 20, 'ebike': 0}",0,2,1,1790530886.0
7074,53,"{'mechanical': 53, 'ebike': 0}",0,2,0,1790530921.0
7075,22,"{'mechanical': 22, 'ebike': 0}",4,1,0,1790530864.0
7076,11,"{'mechanical': 11, 'ebike': 0}",3,43,0,1790530949.0
7077,1,"{'mechanical': 1, 'ebike': 0}",1,17,0,1790530828.0
7078,4,"{'mechanical': 4, 'ebike': 0}",1,10,0,1790530895.0
7079,3,"{'mechanical': 0, 'ebike': 3}",3,13,0,1790530904.0
7084,8,"{'mechanical': 8, 'ebike': 0}",3,0,0,1790530856.0
7085,3,"{'mechanical': 2, 'ebike': 1}",1,11,0,1790530850.0
7086,2,"{'mechanical': 2, 'ebike': 0}",1,20,0,1790530912.0
7087,0,"{'mechanical': 0, 'ebike': 0}",1,10,0,1790530841.0
7088,0,"{'mechanical': 0, 'ebike': 0}",1,14,0,1790530858.0
7089,0,"{'mechanical': 0, 'ebike': 0}",4,23,0,1790530913.0
7090,3,"{'mechanical': 3, 'ebike': 0}",0,16,0,1790530852.0
7091,0,"{'mechanical': 0, 'ebike': 0}",1,14,0,1790530935.0
7093,1,"{'mechanical': 1, 'ebike': 0}",0,24,0,1790530925.0
7094,17,"{'mechanical': 6, 'ebike': 11}",1,7,0,1790530849.0
7095,1,"{'mechanical': 1, 'ebike': 0}",1,13,0,1790530912.0
7096,3,"{'mechanical': 3, 'ebike': 0}",1,15,0,1790530909.0
7097,13,"{'mechanical': 13, 'ebike': 0}",0,17,1,1790530915.0
7098,8,"{'mechanical': 8, 'ebike': 0}",0,7,0,1790530882.0
7099,16,"{'mechanical': 16, 'ebike': 0}",0,23,0,1790530890.0
7100,6,"{'mechanical': 6, 'ebike': 0}",0,21,0,1790530930.0
7101,27,"{'mechanical': 26, 'ebike': 1}",0,0,0,1790530883.0
7102,8,"{'mechanical': 5, 'ebike': 3}",0,23,0,1790530881.0
7103,25,"{'mechanical': 24, 'ebike': 1}",0,7,0,1790530863.0
7104,10,"{'mechanical': 10, 'ebike': 0}",0,4,1,1790530949.0
7105,2,"{'mechanical': 2, 'ebike': 0}",1,11,1,1790530830.0
7106,35,"{'mechanical': 35, 'ebike': 0}",1,3,0,1790530855.0
7107,9,"{'mechanical': 9, 'ebike': 0}",1,5,0,1790530870.0
7109,17,"{'mechanical': 17, 'ebike': 0}",0,15,0,1790530870.0
7110,8,"{'mechanical': 8, 'ebike': 0}",0,7,0,1790530950.0
7111,2,"{'mechanical': 2, 'ebike': 0}",1,8,0,1790530838.0
7112,13,"{'mechanical': 13, 'ebike': 0}",1,5,0,1790530912.0
7113,6,"{'mechanical': 5, 'ebike': 1}",4,5,0,1790530898.0
7114,6,"{'mechanical': 6, 'ebike': 0}",4,17,0,1790530863.0
7115,12,"{'mechanical': 12, 'ebike': 0}",1,18,0,1790530906.0
7116,2,"{'mechanical': 1, 'ebike': 1}",1,16,0,1790530883.0
7117,1,"{'mechanical': 1, 'ebike': 0}",6,12,0,1790530943.0
7118,10,"{'mechanical': 9, 'ebike': 1}",0,9,0,1790530891.0
7119,2,"{'mechanical': 2, 'ebike': 0}",1,12,0,1790530846.0
7120,0,"{'mechanical': 0, 'ebike': 0}",1,10,0,1790530868.0
7121,4,"{'mechanical': 3, 'ebike': 1}",0,23,0,1790530840.0
7122,5,"{'mechanical': 4, 'ebike': 1}",1,9,0,1790530889.0
7123,13,"{'mechanical': 13, 'ebike': 0}",1,1,0,1790530906.0
7124,9,"{'mechanical': 9, 'ebike': 0}",0,10,0,1790530939.0
7126,1,"{'mechanical': 0, 'ebike': 1}",2,14,0,1790530887.0
7127,1,"{'mechanical': 0, 'ebike': 1}",3,11,0,1790530911.0
7128,4,"{'mechanical': 2, 'ebike': 2}",2,17,0,1790530925.0
7129,2,"{'mechanical': 0, 'ebike': 2}",0,9,0,1790530849.0
7130,1,"{'mechanical': 1, 'ebike': 0}",0,14,0,1790530841.0
7131,1,"{'mechanical': 1, 'ebike': 0}",1,13,0,1790530934.0
7132,1,"{'mechanical': 1, 'ebike': 0}",0,8,0,1790530946.0
7133,1,"{'mechanical': 0, 'ebike': 1}",0,10,0,1790530884.0
7135,20,"{'mechanical': 19, 'ebike': 1}",2,13,0,1790530855.0
7137,0,"{'mechanical': 0, 'ebike': 0}",3,12,0,1790530948.0
7138,0,"{'mechanical': 0, 'ebike': 0}",1,26,0,1790530932.0
7139,0,"{'mechanical': 0, 'ebike': 0}",3,12,0,1790530929.0
7140,0,"{'mechanical': 0, 'ebike': 0}",1,13,1,1790530929.0
7142,1,"{'mechanical': 0, 'ebike': 1}",0,14,0,1790530910.0
7143,1,"{'mechanical': 0, 'ebike': 1}",0,13,1,1790530915.0
7144,1,"{'mechanical': 1, 'ebike': 0}",2,11,1,1790530888.0
7146,1,"{'mechanical': 1, 'ebike': 0}",1,17,0,1790530924.0
7147,13,"{'mechanical': 12, 'ebike': 1}",0,2,0,1790530934.0
7148,15,"{'mechanical': 14, 'ebike': 1}",0,7,1,1790530860.0
7149,1,"{'mechanical': 0, 'ebike': 1}",0,10,0,1790530893.0
7150,5,"{'mechanical': 3, 'ebike': 2}",1,11,2,1790530944.0
7151,1,"{'mechanical': 1, 'ebike': 0}",1,17,0,1790530888.0
7152,0,"{'mechanical': 0, 'ebike': 0}",2,9,0,1790530826.0
7153,1,"{'mechanical': 1, 'ebike': 0}",6,12,0,1790530905.0
7154,1,"{'mechanical': 0, 'ebike': 1}",2,19,0,1790530893.0
7155,0,"{'mechanical': 0, 'ebike': 0}",1,17,1,1790530923.0
7156,0,"{'mechanical': 0, 'ebike': 0}",0,14,1,1790530884.0
7157,13,"{'mechanical': 11, 'ebike': 2}",0,10,0,1790530830.0
7158,1,"{'mechanical': 1, 'ebike': 0}",3,11,0,1790530839.0
7160,8,"{'mechanical': 8, 'ebike': 0}",0,11,0,1790530842.0
7161,3,"{'mechanical': 3, 'ebike': 0}",4,16,0,1790530842.0
7162,0,"{'mechanical': 0, 'ebike': 0}",0,21,2,1790530913.0
7164,14,"{'mechanical': 14, 'ebike': 0}",0,9,0,1790530866.0
7168,30,"{'mechanical': 26, 'ebike': 4}",0,17,0,1790530830.0
7169,9,"{'mechanical': 9, 'ebike': 0}",2,0,0,1790530826.0
7170,1,"{'mechanical': 1, 'ebike': 0}",1,11,2,1790530937.0
7172,19,"{'mechanical': 18, 'ebike': 1}",0,0,0,1790530911.0
7173,9,"{'mechanical': 6, 'ebike': 3}",0,10,0,1790530876.0
7174,0,"{'mechanical': 0, 'ebike': 0}",2,13,0,1790530925.0
7175,11,"{'mechanical': 11, 'ebike': 0}",3,13,0,1790530829.0
7176,3,"{'mechanical': 3, 'ebike': 0}",0,16,0,1790530938.0
7178,1,"{'mechanical': 1, 'ebike': 0}",2,11,1,1790530911.0
7180,0,"{'mechanical': 0, 'ebike': 0}",0,23,0,1790530898.0
7181,0,"{'mechanical': 0, 'ebike': 0}",1,14,0,1790530884.0
7182,0,"{'mechanical': 0, 'ebike': 0}",1,18,0,1790530923.0
7183,0,"{'mechanical': 0, 'ebike': 0}",0,15,0,1790530918.0
7184,1,"{'mechanical': 0, 'ebike': 1}",2,8,0,1790530874.0
7188,5,"{'mechanical': 5, 'ebike': 0}",0,29,1,1790530947.0
7189,11,"{'mechanical': 10, 'ebike': 1}",3,1,0,1790530928.0
7190,14,"{'mechanical': 13, 'ebike': 1}",0,1,0,1790530929.0
7191,3,"{'mechanical': 2, 'ebike': 1}",1,7,0,1790530890.0
7192,0,"{'mechanical': 0, 'ebike': 0}",2,13,0,1790530869.0
7193,12,"{'mechanical': 12, 'ebike': 0}",0,3,0,1790530867.0
7195,0,"{'mechanical': 0, 'ebike': 0}",0,11,0,1790530867.0
7196,1,"{'mechanical': 1, 'ebike': 0}",1,9,0,1790530899.0
7198,10,"{'mechanical': 10, 'ebike': 0}",0,9,0,1790530870.0
7199,2,"{'mechanical': 2, 'ebike': 0}",0,16,1,1790530948.0
7202,3,"{'mechanical': 3, 'ebike': 0}",1,22,1,1790530911.0
7203,32,"{'mechanical': 31, 'ebike': 1}",1,2,0,1790530870.0
7204,1,"{'mechanical': 0, 'ebike': 1}",3,15,0,1790530826.0
7205,6,"{'mechanical': 6, 'ebike': 0}",2,7,0,1790530885.0
7206,3,"{'mechanical': 1, 'ebike': 2}",1,9,0,1790530827.0
7207,25,"{'mechanical': 20, 'ebike': 5}",0,22,0,1790530928.0
7208,0,"{'mechanical': 0, 'ebike': 0}",1,13,1,1790530839.0
7209,5,"{'mechanical': 3, 'ebike': 2}",0,14,0,1790530933.0
7210,1,"{'mechanical': 1, 'ebike': 0}",2,12,0,1790530937.0
7211,13,"{'mechanical': 13, 'ebike': 0}",7,3,0,1790530910.0
7216,11,"{'mechanical': 11, 'ebike': 0}",3,9,0,1790530942.0
7217,4,"{'mechanical': 4, 'ebike': 0}",1,10,0,1790530915.0
7220,12,"{'mechanical': 12, 'ebike': 0}",2,5,0,1790530845.0
7221,0,"{'mechanical': 0, 'ebike': 0}",3,8,0,1790530845.0
7222,22,"{'mechanical': 22, 'ebike': 0}",1,4,0,1790530950.0
7223,6,"{'mechanical': 6, 'ebike': 0}",1,5,0,1790530951.0
7224,1,"{'mechanical': 1, 'ebike': 0}",3,19,0,1790530888.0
7225,11,"{'mechanical': 11, 'ebike': 0}",0,7,0,1790530872.0
7226,17,"{'mechanical': 17, 'ebike': 0}",1,1,0,1790530893.0
7227,6,"{'mechanical': 6, 'ebike': 0}",1,24,0,1790530851.0
7228,16,"{'mechanical': 16, 'ebike': 0}",1,2,0,1790530909.0
7229,2,"{'mechanical': 2, 'ebike': 0}",4,5,0,1790530896.0
7230,18,"{'mechanical': 18, 'ebike': 0}",1,0,0,1790530844.0
7231,3,"{'mechanical': 3, 'ebike': 0}",3,12,0,1790530906.0
7232,8,"{'mechanical': 8, 'ebike': 0}",1,7,0,1790530861.0
7233,6,"{'mechanical': 5, 'ebike': 1}",0,10,0,1790530837.0
7234,4,"{'mechanical': 4, 'ebike': 0}",3,12,0,1790530871.0
7235,1,"{'mechanical': 1, 'ebike': 0}",0,14,1,1790530908.0
7236,5,"{'mechanical': 5, 'ebike': 0}",0,19,0,1790530835.0
7237,0,"{'mechanical': 0, 'ebike': 0}",0,15,0,1790530871.0
7238,5,"{'mechanical': 5, 'ebike': 0}",1,10,0,1790530943.0
7239,3,"{'mechanical': 3, 'ebike': 0}",0,39,0,1790530935.0
7240,0,"{'mechanical': 0, 'ebike': 0}",1,32,1,1790530927.0
7241,5,"{'mechanical': 5, 'ebike': 0}",2,4,0,1790530847.0
7242,13,"{'mechanical': 10, 'ebike': 3}",2,20,0,1790530837.0
7243,5,"{'mechanical': 5, 'ebike': 0}",7,2,0,1790530938.0
7244,11,"{'mechanical': 9, 'ebike': 2}",3,2,0,1790530916.0
7246,1,"{'mechanical': 1, 'ebike': 0}",2,16,0,1790530885.0
7247,3,"{'mechanical': 2, 'ebike': 1}",1,8,0,1790530936.0
7248,17,"{'mechanical': 7, 'ebike': 10}",2,0,1,1790530876.0
7249,29,"{'mechanical': 1, 'ebike': 28}",7,16,0,1790530844.0
7250,11,"{'mechanical': 8, 'ebike': 3}",1,4,0,1790530848.0
7252,3,"{'mechanical': 3, 'ebike': 0}",0,15,0,1790530926.0
7253,8,"{'mechanical': 8, 'ebike': 0}",2,2,0,1790530918.0
7256,8,"{'mechanical': 6, 'ebike': 2}",1,2,1,1790530886.0
7257,2,"{'mechanical': 0, 'ebike': 2}",2,15,0,1790530841.0
7258,13,"{'mechanical': 13, 'ebike': 0}",0,1,1,1790530840.0
7259,15,"{'mechanical': 15, 'ebike': 0}",1,3,0,1790530831.0
7260,8,"{'mechanical': 8, 'ebike': 0}",1,6,0,1790530914.0
7261,19,"{'mechanical': 19, 'ebike': 0}",3,4,0,1790530893.0
7262,1,"{'mechanical': 1, 'ebike': 0}",2,13,0,1790530929.0
7264,1,"{'mechanical': 1, 'ebike': 0}",2,17,0,1790530891.0
7265,0,"{'mechanical': 0, 'ebike': 0}",1,10,1,1790530949.0
7266,2,"{'mechanical': 2, 'ebike': 0}",0,10,0,1790530903.0
7267,1,"{'mechanical': 0, 'ebike': 1}",3,11,0,1790530881.0
7268,2,"{'mechanical': 2, 'ebike': 0}",1,13,0,1790530889.0
7269,19,"{'mechanical': 17, 'ebike': 2}",1,0,0,1790530842.0
7270,0,"{'mechanical': 0, 'ebike': 0}",4,16,0,1790530945.0
7271,0,"{'mechanical': 0, 'ebike': 0}",1,15,1,1790530872.0
7272,1,"{'mechanical': 0, 'ebike': 1}",1,25,0,1790530924.0
7273,2,"{'mechanical': 2, 'ebike': 0}",2,16,0,1790530828.0
7276,3,"{'mechanical': 1, 'ebike': 2}",0,8,0,1790530916.0
7277,1,"{'mechanical': 0, 'ebike': 1}",0,19,0,1790530927.0
7278,9,"{'mechanical': 9, 'ebike': 0}",0,6,0,1790530948.0
7279,0,"{'mechanical': 0, 'ebike': 0}",3,13,0,1790530883.0
7281,2,"{'mechanical': 2, 'ebike': 0}",0,22,0,1790530826.0
7282,21,"{'mechanical': 21, 'ebike': 0}",2,0,0,1790530874.0
7283,18,"{'mechanical': 18, 'ebike': 0}",1,0,0,1790530947.0
7284,4,"{'mechanical': 3, 'ebike': 1}",1,19,0,1790530940.0
7285,2,"{'mechanical': 2, 'ebike': 0}",0,34,0,1790530944.0
7286,14,"{'mechanical': 13, 'ebike': 1}",0,4,0,1790530862.0
7287,15,"{'mechanical': 15, 'ebike': 0}",0,1,0,1790530950.0
7288,11,"{'mechanical': 11, 'ebike': 0}",0,19,1,1790530837.0
7289,9,"{'mechanical': 9, 'ebike': 0}",2,12,0,1790530869.0
7291,9,"{'mechanical': 8, 'ebike': 1}",1,5,0,1790530837.0
7292,9,"{'mechanical': 9, 'ebike': 0}",0,15,0,1790530931.0
7296,3,"{'mechanical': 2, 'ebike': 1}",2,14,0,1790530851.0
7297,3,"{'mechanical': 3, 'ebike': 0}",3,13,0,1790530909.0
7298,19,"{'mechanical': 18, 'ebike': 1}",1,4,0,1790530913.0
7299,8,"{'mechanical': 7, 'ebike': 1}",1,6,0,1790530886.0
7301,0,"{'mechanical': 0, 'ebike': 0}",1,14,0,1790530934.0
7302,0,"{'mechanical': 0, 'ebike': 0}",0,11,0,1790530852.0
7303,26,"{'mechanical': 26, 'ebike': 0}",0,17,0,1790530864.0
7309,13,"{'mechanical': 13, 'ebike': 0}",1,9,0,1790530895.0
7311,1,"{'mechanical': 1, 'ebike': 0}",2,16,0,1790530907.0
7312,4,"{'mechanical': 4, 'ebike': 0}",0,7,0,1790530833.0
7313,26,"{'mechanical': 25, 'ebike': 1}",0,3,0,1790530869.0
7314,2,"{'mechanical': 2, 'ebike': 0}",0,13,0,1790530866.0
7315,5,"{'mechanical': 5, 'ebike': 0}",0,6,0,1790530938.0
7316,14,"{'mechanical': 13, 'ebike': 1}",0,1,0,1790530921.0
7317,36,"{'mechanical': 34, 'ebike': 2}",0,3,0,1790530859.0
7318,18,"{'mechanical': 18, 'ebike': 0}",0,9,0,1790530905.0
7319,7,"{'mechanical': 7, 'ebike': 0}",0,4,0,1790530892.0
7320,9,"{'mechanical': 8, 'ebike': 1}",1,9,0,1790530842.0
7321,11,"{'mechanical': 11, 'ebike': 0}",1,7,0,1790530903.0
7322,2,"{'mechanical': 2, 'ebike': 0}",3,13,1,1790530838.0
7323,14,"{'mechanical': 14, 'ebike': 0}",2,2,1,1790530839.0
7324,2,"{'mechanical': 2, 'ebike': 0}",1,20,0,1790530943.0
7326,1,"{'mechanical': 1, 'ebike': 0}",1,17,0,1790530927.0
7329,18,"{'mechanical': 18, 'ebike': 0}",1,0,0,1790530920.0
7331,2,"{'mechanical': 0, 'ebike': 2}",0,17,0,1790530900.0
7332,1,"{'mechanical': 0, 'ebike': 1}",0,22,0,1790530829.0
7333,9,"{'mechanical': 8, 'ebike': 1}",0,10,0,1790530844.0
7334,11,"{'mechanical': 10, 'ebike': 1}",1,3,0,1790530828.0
7335,11,"{'mechanical': 9, 'ebike': 2}",3,5,0,1790530842.0
7336,16,"{'mechanical': 16, 'ebike': 0}",0,3,0,1790530905.0
7337,20,"{'mechanical': 18, 'ebike': 2}",1,2,0,1790530839.0
7338,2,"{'mechanical': 2, 'ebike': 0}",0,17,0,1790530841.0
7339,6,"{'mechanical': 5, 'ebike': 1}",2,7,0,1790530915.0
7340,5,"{'mechanical': 5, 'ebike': 0}",0,10,0,1790530878.0
7341,13,"{'mechanical': 13, 'ebike': 0}",1,0,0,1790530917.0
7342,8,"{'mechanical': 8, 'ebike': 0}",0,3,0,1790530884.0
7343,32,"{'mechanical': 32, 'ebike': 0}",1,7,1,1790530904.0
7344,28,"{'mechanical': 28, 'ebike': 0}",2,19,0,1790530949.0
7345,18,"{'mechanical': 18, 'ebike': 0}",0,13,0,1790530847.0
7346,10,"{'mechanical': 10, 'ebike': 0}",2,11,0,1790530900.0
7347,1,"{'mechanical': 1, 'ebike': 0}",0,14,0,1790530902.0
7348,0,"{'mechanical': 0, 'ebike': 0}",0,19,0,1790530850.0
7349,0,"{'mechanical': 0, 'ebike': 0}",1,21,1,1790530882.0
7350,0,"{'mechanical': 0, 'ebike': 0}",0,23,0,1790530835.0
7351,1,"{'mechanical': 1, 'ebike': 0}",0,18,0,1790530865.0
7352,0,"{'mechanical': 0, 'ebike': 0}",0,19,0,1790530841.0
7353,11,"{'mechanical': 11, 'ebike': 0}",0,8,0,1790530946.0
7354,21,"{'mechanical': 21, 'ebike': 0}",2,8,0,1790530877.0
7355,0,"{'mechanical': 0, 'ebike': 0}",1,10,0,1790530830.0
7356,23,"{'mechanical': 23, 'ebike': 0}",0,8,0,1790530872.0
7357,19,"{'mechanical': 19, 'ebike': 0}",0,0,0,1790530893.0
7358,11,"{'mechanical': 11, 'ebike': 0}",3,3,0,1790530843.0
7359,1,"{'mechanical': 1, 'ebike': 0}",1,21,0,1790530917.0
7360,0,"{'mechanical': 0, 'ebike': 0}",0,17,0,1790530903.0
7361,1,"{'mechanical': 0, 'ebike': 1}",3,15,0,1790530883.0
7362,4,"{'mechanical': 4, 'ebike': 0}",2,13,0,1790530946.0
7363,0,"{'mechanical': 0, 'ebike': 0}",3,12,0,1790530898.0
7364,34,"{'mechanical': 34, 'ebike': 0}",0,1,0,1790530889.0
7365,60,"{'mechanical': 60, 'ebike': 0}",1,0,0,1790530867.0
7366,6,"{'mechanical': 6, 'ebike': 0}",2,12,0,1790530924.0
7367,8,"{'mechanical': 6, 'ebike': 2}",2,6,0,1790530942.0
7368,5,"{'mechanical': 3, 'ebike': 2}",0,3,0,1790530892.0
7371,4,"{'mechanical': 2, 'ebike': 2}",0,16,0,1790530877.0
7373,10,"{'mechanical': 10, 'ebike': 0}",1,4,0,1790530844.0
7374,18,"{'mechanical': 18, 'ebike': 0}",0,1,0,1790530940.0
7375,10,"{'mechanical': 10, 'ebike': 0}",1,0,0,1790530882.0
7376,0,"{'mechanical': 0, 'ebike': 0}",1,18,0,1790530833.0
7377,6,"{'mechanical': 1, 'ebike': 5}",4,26,0,1790530873.0
7378,3,"{'mechanical': 2, 'ebike': 1}",1,11,0,1790530872.0
7379,2,"{'mechanical': 1, 'ebike': 1}",1,12,0,1790530864.0
7380,7,"{'mechanical': 0, 'ebike': 7}",2,7,0,1790530913.0
7381,8,"{'mechanical': 4, 'ebike': 4}",1,26,0,1790530931.0
7382,11,"{'mechanical': 10, 'ebike': 1}",2,14,0,1790530944.0
7383,3,"{'mechanical': 2, 'ebike': 1}",0,12,0,1790530888.0
7384,7,"{'mechanical': 2, 'ebike': 5}",1,1,0,1790530944.0
7385,2,"{'mechanical': 0, 'ebike': 2}",27,4,0,1790530869.0
7386,6,"{'mechanical': 5, 'ebike': 1}",2,8,0,1790530832.0
7387,0,"{'mechanical': 0, 'ebike': 0}",0,12,0,1790530858.0
7388,0,"{'mechanical': 0, 'ebike': 0}",1,14,0,1790530897.0
7389,1,"{'mechanical': 1, 'ebike': 0}",3,21,0,1790530910.0
7391,18,"{'mechanical': 18, 'ebike': 0}",3,10,0,1790530951.0
7395,0,"{'mechanical': 0, 'ebike': 0}",0,23,0,1790530904.0
7398,5,"{'mechanical': 5, 'ebike': 0}",3,11,0,1790530840.0
7399,13,"{'mechanical': 13, 'ebike': 0}",0,6,0,1790530840.0
7400,8,"{'mechanical': 8, 'ebike': 0}",0,15,0,1790530837.0
7403,2,"{'mechanical': 1, 'ebike': 1}",0,17,0,1790530909.0
7404,3,"{'mechanical': 0, 'ebike': 3}",2,13,1,1790530910.0
7407,21,"{'mechanical': 20, 'ebike': 1}",2,0,0,1790530893.0
7409,12,"{'mechanical': 12, 'ebike': 0}",1,14,0,1790530884.0
7410,0,"{'mechanical': 0, 'ebike': 0}",0,19,0,1790530860.0
7411,23,"{'mechanical': 23, 'ebike': 0}",0,0,0,1790530913.0
7412,5,"{'mechanical': 4, 'ebike': 1}",3,15,0,1790530826.0
7414,3,"{'mechanical': 1, 'ebike': 2}",0,12,0,1790530850.0
7415,7,"{'mechanical': 7, 'ebike': 0}",1,15,0,1790530856.0
7416,2,"{'mechanical': 2, 'ebike': 0}",0,29,0,1790530827.0
7417,11,"{'mechanical': 11, 'ebike': 0}",0,0,0,1790530894.0
7418,0,"{'mechanical': 0, 'ebike': 0}",1,24,0,1790530851.0
7419,0,"{'mechanical': 0, 'ebike': 0}",2,25,0,1790530869.0
7420,0,"{'mechanical': 0, 'ebike': 0}",3,23,0,1790530922.0
7422,3,"{'mechanical': 3, 'ebike': 0}",2,11,0,1790530827.0
7425,20,"{'mechanical': 20, 'ebike': 0}",0,3,0,1790530861.0
7427,29,"{'mechanical': 27, 'ebike': 2}",0,12,0,1790530934.0
7428,35,"{'mechanical': 35, 'ebike': 0}",0,8,0,1790530862.0
7429,0,"{'mechanical': 0, 'ebike': 0}",1,14,0,1790530841.0
7430,3,"{'mechanical': 3, 'ebike': 0}",1,23,0,1790530838.0
7431,24,"{'mechanical': 23, 'ebike': 1}",0,1,0,1790530894.0
7432,8,"{'mechanical': 7, 'ebike': 1}",1,38,0,1790530931.0
7433,10,"{'mechanical': 10, 'ebike': 0}",1,5,0,1790530831.0
7434,30,"{'mechanical': 1, 'ebike': 29}",1,8,0,1790530937.0
7435,1,"{'mechanical': 0, 'ebike': 1}",0,10,0,1790530874.0
7437,1,"{'mechanical': 1, 'ebike': 0}",1,13,0,1790530849.0
7438,1,"{'mechanical': 1, 'ebike': 0}",1,17,0,1790530900.0
7441,0,"{'mechanical': 0, 'ebike': 0}",1,22,0,1790530859.0
7442,0,"{'mechanical': 0, 'ebike': 0}",1,14,0,1790530871.0
7444,0,"{'mechanical': 0, 'ebike': 0}",0,20,0,1790530830.0
7445,18,"{'mechanical': 18, 'ebike': 0}",0,1,0,1790530873.0
7446,21,"{'mechanical': 21, 'ebike': 0}",1,3,0,1790530948.0
7447,1,"{'mechanical': 1, 'ebike': 0}",0,22,0,1790530941.0
7448,2,"{'mechanical': 2, 'ebike': 0}",0,16,1,1790530901.0
7449,0,"{'mechanical': 0, 'ebike': 0}",0,15,0,1790530852.0
7450,2,"{'mechanical': 1, 'ebike': 1}",0,12,1,1790530859.0
7451,0,"{'mechanical': 0, 'ebike': 0}",3,28,0,1790530836.0
7452,0,"{'mechanical': 0, 'ebike': 0}",2,21,0,1790530899.0
7453,5,"{'mechanical': 5, 'ebike': 0}",1,10,1,1790530945.0
7454,4,"{'mechanical': 4, 'ebike': 0}",5,6,0,1790530943.0
7455,2,"{'mechanical': 0, 'ebike': 2}",1,24,0,1790530869.0
7457,2,"{'mechanical': 2, 'ebike': 0}",0,20,1,1790530883.0
7458,2,"{'mechanical': 1, 'ebike': 1}",1,14,0,1790530888.0
7459,0,"{'mechanical': 0, 'ebike': 0}",0,11,0,1790530872.0
7460,0,"{'mechanical': 0, 'ebike': 0}",1,24,2,1790530937.0
7461,6,"{'mechanical': 6, 'ebike': 0}",2,15,0,1790530835.0
7462,2,"{'mechanical': 2, 'ebike': 0}",1,14,0,1790530898.0
7465,0,"{'mechanical': 0, 'ebike': 0}",4,15,0,1790530938.0
7466,1,"{'mechanical': 0, 'ebike': 1}",3,15,0,1790530929.0
7467,3,"{'mechanical': 3, 'ebike': 0}",0,12,0,1790530888.0
7468,12,"{'mechanical': 12, 'ebike': 0}",1,14,0,1790530900.0
7469,9,"{'mechanical': 9, 'ebike': 0}",1,13,0,1790530833.0
7471,12,"{'mechanical': 12, 'ebike': 0}",0,3,0,1790530890.0
7473,2,"{'mechanical': 2, 'ebike': 0}",5,8,0,1790530947.0
7474,10,"{'mechanical': 10, 'ebike': 0}",1,12,0,1790530920.0
7475,3,"{'mechanical': 2, 'ebike': 1}",3,13,0,1790530852.0
7476,1,"{'mechanical': 0, 'ebike': 1}",1,13,0,1790530885.0
7477,0,"{'mechanical': 0, 'ebike': 0}",1,19,0,1790530915.0
7478,16,"{'mechanical': 15, 'ebike': 1}",1,2,0,1790530877.0
7480,3,"{'mechanical': 2, 'ebike': 1}",1,11,0,1790530882.0
7483,1,"{'mechanical': 0, 'ebike': 1}",0,11,0,1790530934.0
7484,4,"{'mechanical': 0, 'ebike': 4}",2,10,0,1790530910.0
7485,1,"{'mechanical': 0, 'ebike': 1}",0,14,0,1790530925.0
7486,2,"{'mechanical': 2, 'ebike': 0}",0,20,0,1790530831.0
7487,10,"{'mechanical': 9, 'ebike': 1}",0,5,0,1790530833.0
7488,1,"{'mechanical': 0, 'ebike': 1}",2,8,0,1790530923.0
7489,3,"{'mechanical': 3, 'ebike': 0}",0,16,0,1790530942.0
7492,1,"{'mechanical': 1, 'ebike': 0}",0,14,0,1790530848.0
7493,9,"{'mechanical': 9, 'ebike': 0}",0,3,0,1790530828.0
7494,2,"{'mechanical': 1, 'ebike': 1}",3,7,0,1790530881.0
7496,14,"{'mechanical': 13, 'ebike': 1}",2,4,0,1790530885.0
7497,1,"{'mechanical': 0, 'ebike': 1}",2,17,0,1790530850.0
7501,3,"{'mechanical': 3, 'ebike': 0}",0,17,0,1790530876.0
7502,2,"{'mechanical': 2, 'ebike': 0}",3,15,0,1790530860.0
7503,0,"{'mechanical': 0, 'ebike': 0}",0,20,0,1790530848.0
7504,4,"{'mechanical': 4, 'ebike': 0}",0,12,0,1790530935.0
7505,0,"{'mechanical': 0, 'ebike': 0}",1,19,0,1790530830.0
7506,6,"{'mechanical': 6, 'ebike': 0}",0,6,0,1790530838.0
7508,0,"{'mechanical': 0, 'ebike': 0}",1,19,0,1790530839.0
7514,58,"{'mechanical': 57, 'ebike': 1}",2,3,0,1790530889.0
7515,17,"{'mechanical': 17, 'ebike': 0}",2,8,0,1790530868.0
7516,10,"{'mechanical': 10, 'ebike': 0}",2,5,0,1790530844.0
7517,23,"{'mechanical': 21, 'ebike': 2}",0,0,0,1790530931.0
7518,25,"{'mechanical': 25, 'ebike': 0}",1,1,0,1790530935.0
7520,0,"{'mechanical': 0, 'ebike': 0}",1,14,0,1790530914.0
7521,4,"{'mechanical': 3, 'ebike': 1}",1,18,0,1790530874.0
7522,1,"{'mechanical': 0, 'ebike': 1}",1,15,0,1790530929.0
7523,7,"{'mechanical': 6, 'ebike': 1}",0,8,0,1790530865.0
7524,9,"{'mechanical': 9, 'ebike': 0}",2,24,0,1790530847.0
7526,3,"{'mechanical': 1, 'ebike': 2}",1,19,0,1790530829.0
7527,6,"{'mechanical': 5, 'ebike': 1}",0,13,0,1790530861.0
7528,0,"{'mechanical': 0, 'ebike': 0}",3,14,0,1790530846.0
7529,3,"{'mechanical': 3, 'ebike': 0}",0,12,0,1790530906.0
7530,3,"{'mechanical': 1, 'ebike': 2}",1,18,0,1790530859.0
7531,0,"{'mechanical': 0, 'ebike': 0}",1,19,0,1790530928.0
7533,13,"{'mechanical': 13, 'ebike': 0}",2,12,0,1790530826.0
7534,13,"{'mechanical': 13, 'ebike': 0}",1,1,0,1790530864.0
7536,6,"{'mechanical': 5, 'ebike': 1}",1,16,0,1790530838.0
7537,1,"{'mechanical': 1, 'ebike': 0}",4,11,0,1790530856.0
7538,1,"{'mechanical': 1, 'ebike': 0}",1,17,0,1790530936.0
7539,3,"{'mechanical': 2, 'ebike': 1}",1,15,0,1790530836.0
7540,0,"{'mechanical': 0, 'ebike': 0}",2,17,0,1790530942.0
7541,0,"{'mechanical': 0, 'ebike': 0}",3,17,0,1790530881.0
7542,10,"{'mechanical': 10, 'ebike': 0}",0,13,0,1790530858.0
7543,11,"{'mechanical': 10, 'ebike': 1}",0,4,0,1790530907.0
7545,5,"{'mechanical': 5, 'ebike': 0}",2,8,0,1790530842.0
7546,2,"{'mechanical': 2, 'ebike': 0}",2,14,0,1790530929.0
7547,3,"{'mechanical': 3, 'ebike': 0}",0,12,0,1790530951.0
7548,3,"{'mechanical': 3, 'ebike': 0}",5,12,0,1790530827.0
7549,1,"{'mechanical': 0, 'ebike': 1}",1,45,0,1790530927.0
7551,3,"{'mechanical': 3, 'ebike': 0}",1,11,0,1790530839.0
7552,4,"{'mechanical': 3, 'ebike': 1}",1,12,2,1790530861.0
7553,2,"{'mechanical': 0, 'ebike': 2}",0,17,0,1790530880.0
7554,11,"{'mechanical': 11, 'ebike': 0}",1,15,0,1790530899.0
7555,2,"{'mechanical': 2, 'ebike': 0}",0,17,1,1790530945.0
7556,17,"{'mechanical': 15, 'ebike': 2}",2,12,0,1790530941.0
7557,18,"{'mechanical': 18, 'ebike': 0}",0,5,0,1790530872.0
7558,17,"{'mechanical': 16, 'ebike': 1}",2,0,0,1790530840.0
7559,11,"{'mechanical': 10, 'ebike': 1}",0,4,0,1790530919.0
7561,6,"{'mechanical': 4, 'ebike': 2}",0,9,0,1790530880.0
7562,0,"{'mechanical': 0, 'ebike': 0}",1,22,0,1790530921.0
7563,6,"{'mechanical': 6, 'ebike': 0}",0,13,0,1790530913.0
7564,3,"{'mechanical': 2, 'ebike': 1}",0,20,0,1790530854.0
7565,0,"{'mechanical': 0, 'ebike': 0}",1,22,0,1790530852.0
7566,0,"{'mechanical': 0, 'ebike': 0}",1,18,0,1790530912.0
7567,5,"{'mechanical': 4, 'ebike': 1}",0,22,0,1790530853.0
7568,6,"{'mechanical': 5, 'ebike': 1}",2,18,1,1790530853.0
7569,75,"{'mechanical': 74, 'ebike': 1}",2,9,1,1790530852.0
7570,3,"{'mechanical': 3, 'ebike': 0}",3,11,0,1790530928.0
7571,19,"{'mechanical': 19, 'ebike': 0}",0,0,0,1790530930.0
7572,1,"{'mechanical': 0, 'ebike': 1}",0,14,0,1790530890.0
7575,4,"{'mechanical': 3, 'ebike': 1}",0,11,0,1790530948.0
7576,16,"{'mechanical': 16, 'ebike': 0}",0,7,0,1790530889.0
7577,1,"{'mechanical': 1, 'ebike': 0}",2,24,0,1790530868.0
7578,1,"{'mechanical': 1, 'ebike': 0}",5,9,0,1790530910.0
7579,7,"{'mechanical': 3, 'ebike': 4}",2,10,0,1790530937.0
7580,6,"{'mechanical': 5, 'ebike': 1}",0,9,0,1790530883.0
7581,1,"{'mechanical': 1, 'ebike': 0}",0,14,0,1790530840.0
7582,1,"{'mechanical': 1, 'ebike': 0}",0,15,0,1790530893.0
7583,4,"{'mechanical': 3, 'ebike': 1}",0,19,0,1790530877.0
7584,3,"{'mechanical': 3, 'ebike': 0}",0,24,0,1790530897.0
7587,4,"{'mechanical': 4, 'ebike': 0}",0,14,1,1790530848.0
7588,3,"{'mechanical': 2, 'ebike': 1}",1,15,0,1790530828.0
7589,2,"{'mechanical': 2, 'ebike': 0}",3,10,0,1790530924.0
7590,3,"{'mechanical': 3, 'ebike': 0}",0,20,0,1790530880.0
7591,0,"{'mechanical': 0, 'ebike': 0}",4,19,0,1790530914.0
7593,3,"{'mechanical': 3, 'ebike': 0}",0,24,0,1790530883.0
7594,13,"{'mechanical': 5, 'ebike': 8}",1,1,0,1790530892.0
7595,0,"{'mechanical': 0, 'ebike': 0}",1,14,0,1790530832.0
7596,7,"{'mechanical': 6, 'ebike': 1}",0,25,0,1790530887.0
7597,0,"{'mechanical': 0, 'ebike': 0}",0,15,0,1790530874.0
7598,0,"{'mechanical': 0, 'ebike': 0}",0,14,1,1790530888.0
7599,4,"{'mechanical': 3, 'ebike': 1}",3,10,0,1790530902.0
7600,0,"{'mechanical': 0, 'ebike': 0}",0,20,0,1790530917.0
7601,10,"{'mechanical': 7, 'ebike': 3}",3,11,1,1790530911.0
7602,2,"{'mechanical': 2, 'ebike': 0}",0,17,0,1790530950.0
7603,4,"{'mechanical': 3, 'ebike': 1}",1,9,0,1790530871.0
7604,4,"{'mechanical': 4, 'ebike': 0}",0,15,0,1790530938.0
7605,1,"{'mechanical': 1, 'ebike': 0}",0,19,0,1790530939.0
7606,5,"{'mechanical': 4, 'ebike': 1}",1,13,0,1790530870.0
7607,10,"{'mechanical': 10, 'ebike': 0}",0,8,1,1790530904.0
7608,0,"{'mechanical': 0, 'ebike': 0}",0,27,0,1790530867.0
7609,2,"{'mechanical': 2, 'ebike': 0}",0,25,0,1790530877.0
7610,0,"{'mechanical': 0, 'ebike': 0}",0,15,0,1790530903.0
7611,7,"{'mechanical': 6, 'ebike': 1}",0,12,0,1790530915.0
7612,2,"{'mechanical': 1, 'ebike': 1}",1,16,0,1790530845.0
7613,0,"{'mechanical': 0, 'ebike': 0}",0,17,2,1790530939.0
7614,5,"{'mechanical': 3, 'ebike': 2}",2,16,0,1790530926.0
7615,10,"{'mechanical': 10, 'ebike': 0}",2,7,0,1790530887.0
7616,3,"{'mechanical': 3, 'ebike': 0}",0,16,0,1790530858.0
7617,0,"{'mechanical': 0, 'ebike': 0}",0,19,0,1790530932.0
7618,0,"{'mechanical': 0, 'ebike': 0}",0,11,0,1790530845.0
7619,0,"{'mechanical': 0, 'ebike': 0}",1,14,0,1790530884.0
7620,1,"{'mechanical': 0, 'ebike': 1}",1,29,0,1790530857.0
7622,16,"{'mechanical': 14, 'ebike': 2}",5,2,0,1790530834.0
7623,3,"{'mechanical': 2, 'ebike': 1}",2,14,0,1790530890.0
7624,0,"{'mechanical': 0, 'ebike': 0}",0,11,0,1790530857.0
7625,0,"{'mechanical': 0, 'ebike': 0}",0,23,0,1790530928.0
7626,1,"{'mechanical': 1, 'ebike': 0}",2,22,0,1790530856.0
7627,0,"{'mechanical': 0, 'ebike': 0}",0,15,0,1790530826.0
7629,3,"{'mechanical': 3, 'ebike': 0}",0,12,0,1790530918.0
7630,5,"{'mechanical': 5, 'ebike': 0}",1,17,0,1790530900.0
7631,14,"{'mechanical': 14, 'ebike': 0}",0,1,0,1790530883.0
7632,1,"{'mechanical': 0, 'ebike': 1}",2,14,0,1790530944.0
7633,13,"{'mechanical': 13, 'ebike': 0}",2,0,0,1790530849.0
7635,1,"{'mechanical': 1, 'ebike': 0}",3,11,0,1790530900.0
7636,8,"{'mechanical': 7, 'ebike': 1}",0,15,0,1790530899.0
7637,1,"{'mechanical': 0, 'ebike': 1}",1,16,1,1790530869.0
7639,8,"{'mechanical': 8, 'ebike': 0}",3,5,0,1790530892.0
7640,1,"{'mechanical': 0, 'ebike': 1}",2,10,2,1790530829.0
7641,4,"{'mechanical': 2, 'ebike': 2}",0,11,0,1790530874.0
7642,0,"{'mechanical': 0, 'ebike': 0}",3,16,0,1790530918.0
7643,0,"{'mechanical': 0, 'ebike': 0}",0,19,0,1790530840.0
7644,1,"{'mechanical': 0, 'ebike': 1}",0,14,0,1790530837.0
7645,1,"{'mechanical': 1, 'ebike': 0}",2,13,0,1790530919.0
7646,12,"{'mechanical': 10, 'ebike': 2}",0,3,0,1790530900.0
7650,0,"{'mechanical': 0, 'ebike': 0}",4,19,0,1790530863.0
7653,7,"{'mechanical': 7, 'ebike': 0}",2,6,0,1790530937.0
7654,0,"{'mechanical': 0, 'ebike': 0}",0,7,0,1790530903.0
7655,2,"{'mechanical': 0, 'ebike': 2}",1,12,0,1790530930.0
7656,5,"{'mechanical': 5, 'ebike': 0}",2,4,0,1790530892.0
7657,20,"{'mechanical': 19, 'ebike': 1}",0,0,0,1790530862.0
7658,20,"{'mechanical': 20, 'ebike': 0}",5,2,0,1790530857.0
7659,2,"{'mechanical': 0, 'ebike': 2}",1,16,0,1790530947.0
7660,16,"{'mechanical': 16, 'ebike': 0}",4,19,0,1790530840.0
7662,12,"{'mechanical': 11, 'ebike': 1}",0,7,0,1790530915.0
7663,3,"{'mechanical': 3, 'ebike': 0}",1,13,0,1790530871.0
7664,6,"{'mechanical': 6, 'ebike': 0}",1,8,0,1790530897.0
7665,3,"{'mechanical': 3, 'ebike': 0}",0,8,0,1790530863.0
7666,0,"{'mechanical': 0, 'ebike': 0}",2,22,2,1790530872.0
7667,4,"{'mechanical': 4, 'ebike': 0}",2,9,0,1790530881.0
7668,6,"{'mechanical': 0, 'ebike': 6}",2,12,0,1790530837.0
7671,3,"{'mechanical': 1, 'ebike': 2}",1,8,0,1790530945.0
7675,1,"{'mechanical': 0, 'ebike': 1}",1,12,1,1790530902.0
7676,0,"{'mechanical': 0, 'ebike': 0}",0,16,0,1790530831.0
7677,0,"{'mechanical': 0, 'ebike': 0}",1,14,0,1790530945.0
7678,0,"{'mechanical': 0, 'ebike': 0}",1,15,0,1790530937.0
7679,0,"{'mechanical': 0, 'ebike': 0}",1,14,0,1790530944.0
7681,2,"{'mechanical': 1, 'ebike': 1}",1,21,0,1790530864.0
7682,28,"{'mechanical': 26, 'ebike': 2}",0,7,0,1790530855.0
7684,5,"{'mechanical': 5, 'ebike': 0}",1,17,0,1790530853.0
7685,16,"{'mechanical': 15, 'ebike': 1}",5,2,0,1790530893.0
7686,15,"{'mechanical': 15, 'ebike': 0}",0,0,0,1790530949.0
7687,1,"{'mechanical': 0, 'ebike': 1}",2,9,0,1790530883.0
7688,0,"{'mechanical': 0, 'ebike': 0}",1,14,0,1790530921.0
7691,1,"{'mechanical': 0, 'ebike': 1}",2,14,2,1790530898.0
7692,21,"{'mechanical': 20, 'ebike': 1}",1,4,0,1790530947.0
7693,2,"{'mechanical': 2, 'ebike': 0}",0,21,0,1790530949.0
7694,2,"{'mechanical': 0, 'ebike': 2}",0,17,0,1790530860.0
7695,17,"{'mechanical': 17, 'ebike': 0}",0,2,0,1790530920.0
7696,11,"{'mechanical': 11, 'ebike': 0}",0,8,0,1790530842.0
7698,6,"{'mechanical': 6, 'ebike': 0}",0,8,0,1790530920.0
7699,1,"{'mechanical': 0, 'ebike': 1}",2,12,0,1790530944.0
7700,0,"{'mechanical': 0, 'ebike': 0}",0,15,0,1790530918.0
7701,16,"{'mechanical': 15, 'ebike': 1}",0,2,1,1790530877.0
7702,11,"{'mechanical': 11, 'ebike': 0}",1,6,0,1790530923.0
7704,6,"{'mechanical': 5, 'ebike': 1}",0,13,0,1790530911.0
7705,18,"{'mechanical': 18, 'ebike': 0}",0,1,0,1790530946.0
7706,11,"{'mechanical': 10, 'ebike': 1}",1,14,1,1790530936.0
7707,9,"{'mechanical': 9, 'ebike': 0}",0,9,1,1790530914.0
7708,6,"{'mechanical': 0, 'ebike': 6}",20,2,0,1790530844.0
7709,1,"{'mechanical': 0, 'ebike': 1}",0,22,0,1790530861.0
7710,4,"{'mechanical': 1, 'ebike': 3}",10,1,0,1790530945.0
7711,1,"{'mechanical': 1, 'ebike': 0}",1,13,0,1790530841.0
7712,17,"{'mechanical': 16, 'ebike': 1}",1,4,1,1790530859.0
7713,4,"{'mechanical': 4, 'ebike': 0}",2,13,0,1790530831.0
7715,0,"{'mechanical': 0, 'ebike': 0}",0,11,0,1790530935.0
7716,16,"{'mechanical': 16, 'ebike': 0}",1,2,0,1790530874.0
7717,11,"{'mechanical': 11, 'ebike': 0}",0,0,0,1790530939.0
7718,5,"{'mechanical': 5, 'ebike': 0}",0,5,1,1790530937.0
7720,28,"{'mechanical': 27, 'ebike': 1}",2,1,0,1790530854.0
7721,0,"{'mechanical': 0, 'ebike': 0}",0,11,0,1790530841.0
7725,0,"{'mechanical': 0, 'ebike': 0}",1,14,0,1790530886.0
7728,0,"{'mechanical': 0, 'ebike': 0}",0,19,0,1790530860.0
7729,25,"{'mechanical': 7, 'ebike': 18}",4,16,0,1790530900.0
7730,35,"{'mechanical': 10, 'ebike': 25}",4,4,0,1790530887.0
7731,0,"{'mechanical': 0, 'ebike': 0}",0,15,0,1790530913.0
7732,6,"{'mechanical': 6, 'ebike': 0}",0,9,0,1790530911.0
7733,5,"{'mechanical': 5, 'ebike': 0}",0,10,0,1790530847.0
7734,1,"{'mechanical': 1, 'ebike': 0}",0,14,0,1790530891.0
7735,2,"{'mechanical': 0, 'ebike': 2}",0,13,0,1790530950.0
7736,1,"{'mechanical': 1, 'ebike': 0}",0,14,0,1790530862.0
7737,3,"{'mechanical': 3, 'ebike': 0}",0,12,0,1790530949.0
7738,0,"{'mechanical': 0, 'ebike': 0}",1,14,0,1790530870.0
7739,0,"{'mechanical': 0, 'ebike': 0}",1,14,0,1790530926.0
7740,4,"{'mechanical': 4, 'ebike': 0}",0,11,0,1790530927.0
7741,1,"{'mechanical': 1, 'ebike': 0}",1,13,0,1790530944.0
7742,0,"{'mechanical': 0, 'ebike': 0}",0,19,0,1790530909.0
7743,1,"{'mechanical': 0, 'ebike': 1}",2,16,0,1790530933.0
7744,0,"{'mechanical': 0, 'ebike': 0}",0,23,0,1790530932.0
7745,9,"{'mechanical': 7, 'ebike': 2}",0,6,0,1790530887.0
7746,1,"{'mechanical': 1, 'ebike': 0}",0,17,1,1790530861.0
7747,0,"{'mechanical': 0, 'ebike': 0}",1,14,0,1790530949.0
7748,5,"{'mechanical': 4, 'ebike': 1}",0,14,0,1790530843.0
7749,3,"{'mechanical': 3, 'ebike': 0}",0,12,0,1790530950.0
7750,1,"{'mechanical': 1, 'ebike': 0}",0,14,0,1790530939.0
7751,6,"{'mechanical': 5, 'ebike': 1}",1,8,0,1790530892.0
7752,18,"{'mechanical': 18, 'ebike': 0}",0,5,0,1790530846.0
7753,4,"{'mechanical': 4, 'ebike': 0}",2,9,0,1790530951.0
7754,1,"{'mechanical': 1, 'ebike': 0}",1,12,0,1790530843.0
7755,6,"{'mechanical': 6, 'ebike': 0}",0,9,0,1790530842.0
7756,5,"{'mechanical': 5, 'ebike': 0}",0,14,0,1790530884.0
7757,15,"{'mechanical': 14, 'ebike': 1}",2,1,0,1790530947.0
7758,6,"{'mechanical': 6, 'ebike': 0}",0,13,0,1790530928.0
7759,14,"{'mechanical': 14, 'ebike': 0}",0,1,0,1790530902.0
7760,2,"{'mechanical': 2, 'ebike': 0}",3,18,0,1790530829.0
7761,5,"{'mechanical': 5, 'ebike': 0}",0,10,0,1790530831.0
7762,2,"{'mechanical': 2, 'ebike': 0}",1,11,0,1790530938.0
7765,4,"{'mechanical': 3, 'ebike': 1}",0,11,0,1790530853.0
7766,1,"{'mechanical': 0, 'ebike': 1}",0,14,0,1790530870.0
7767,7,"{'mechanical': 7, 'ebike': 0}",0,4,0,1790530912.0
7768,4,"{'mechanical': 2, 'ebike': 2}",3,7,0,1790530836.0
7769,3,"{'mechanical': 3, 'ebike': 0}",1,11,0,1790530894.0
7770,9,"{'mechanical': 9, 'ebike': 0}",0,14,0,1790530924.0
7771,3,"{'mechanical': 0, 'ebike': 3}",2,6,0,1790530859.0
7772,8,"{'mechanical': 8, 'ebike': 0}",0,7,0,1790530861.0
7773,0,"{'mechanical': 0, 'ebike': 0}",0,13,1,1790530887.0
7774,0,"{'mechanical': 0, 'ebike': 0}",0,15,0,1790530907.0
7775,2,"{'mechanical': 1, 'ebike': 1}",0,9,0,1790530826.0
7776,0,"{'mechanical': 0, 'ebike': 0}",0,19,0,1790530929.0
7777,11,"{'mechanical': 10, 'ebike': 1}",0,3,1,1790530842.0
7778,3,"{'mechanical': 3, 'ebike': 0}",0,8,0,1790530861.0
7779,2,"{'mechanical': 2, 'ebike': 0}",1,12,0,1790530886.0
7780,0,"{'mechanical': 0, 'ebike': 0}",1,15,0,1790530948.0
7781,0,"{'mechanical': 0, 'ebike': 0}",2,13,0,1790530852.0
7782,0,"{'mechanical': 0, 'ebike': 0}",0,20,0,1790530913.0
7783,5,"{'mechanical': 5, 'ebike': 0}",0,15,0,1790530951.0
7784,3,"{'mechanical': 3, 'ebike': 0}",0,16,0,1790530877.0
7785,3,"{'mechanical': 3, 'ebike': 0}",1,12,0,1790530924.0
7787,26,"{'mechanical': 26, 'ebike': 0}",3,2,0,1790530929.0
7788,31,"{'mechanical': 31, 'ebike': 0}",1,17,0,1790530864.0
7789,13,"{'mechanical': 0, 'ebike': 13}",3,7,0,1790530849.0
7790,4,"{'mechanical': 2, 'ebike': 2}",2,11,0,1790530895.0
7791,14,"{'mechanical': 13, 'ebike': 1}",1,0,0,1790530932.0
7792,5,"{'mechanical': 4, 'ebike': 1}",0,10,0,1790530865.0
7796,4,"{'mechanical': 4, 'ebike': 0}",0,15,0,1790530903.0
7798,6,"{'mechanical': 5, 'ebike': 1}",0,9,0,1790530919.0
7799,1,"{'mechanical': 1, 'ebike': 0}",0,14,0,1790530851.0
7800,3,"{'mechanical': 2, 'ebike': 1}",0,16,0,1790530928.0
7801,2,"{'mechanical': 2, 'ebike': 0}",1,12,0,1790530921.0
7802,5,"{'mechanical': 5, 'ebike': 0}",3,4,0,1790530830.0
7803,3,"{'mechanical': 1, 'ebike': 2}",1,15,0,1790530857.0
7804,0,"{'mechanical': 0, 'ebike': 0}",0,13,0,1790530844.0
7805,2,"{'mechanical': 2, 'ebike': 0}",0,17,0,1790530927.0
7806,0,"{'mechanical': 0, 'ebike': 0}",1,14,0,1790530940.0
7807,0,"{'mechanical': 0, 'ebike': 0}",0,15,0,1790530915.0
7808,0,"{'mechanical': 0, 'ebike': 0}",0,15,0,1790530830.0
7809,1,"{'mechanical': 0, 'ebike': 1}",1,17,0,1790530828.0
7810,10,"{'mechanical': 2, 'ebike': 8}",0,5,0,1790530833.0
7811,12,"{'mechanical': 12, 'ebike': 0}",3,4,0,1790530944.0
7812,9,"{'mechanical': 9, 'ebike': 0}",0,10,0,1790530935.0
7813,5,"{'mechanical': 4, 'ebike': 1}",2,16,0,1790530907.0
7814,4,"{'mechanical': 4, 'ebike': 0}",0,11,0,1790530928.0
7815,1,"{'mechanical': 0, 'ebike': 1}",0,13,1,1790530841.0
7816,20,"{'mechanical': 18, 'ebike': 2}",3,31,1,1790530860.0
7817,3,"{'mechanical': 2, 'ebike': 1}",3,9,0,1790530834.0
7818,9,"{'mechanical': 1, 'ebike': 8}",3,7,0,1790530929.0
7819,1,"{'mechanical': 0, 'ebike': 1}",2,12,0,1790530844.0
7820,2,"{'mechanical': 1, 'ebike': 1}",1,12,0,1790530855.0
7821,15,"{'mechanical': 14, 'ebike': 1}",2,3,0,1790530828.0
7822,17,"{'mechanical': 15, 'ebike': 2}",0,2,0,1790530923.0
7823,2,"{'mechanical': 1, 'ebike': 1}",3,5,1,1790530945.0
7824,1,"{'mechanical': 1, 'ebike': 0}",0,18,0,1790530859.0
7825,1,"{'mechanical': 1, 'ebike': 0}",1,12,0,1790530891.0
7826,9,"{'mechanical': 9, 'ebike': 0}",1,5,0,1790530847.0
7827,0,"{'mechanical': 0, 'ebike': 0}",0,15,0,1790530903.0
7828,2,"{'mechanical': 2, 'ebike': 0}",0,9,0,1790530873.0
7830,2,"{'mechanical': 2, 'ebike': 0}",0,13,0,1790530919.0
7831,10,"{'mechanical': 10, 'ebike': 0}",0,9,0,1790530939.0
7832,15,"{'mechanical': 14, 'ebike': 1}",1,3,0,1790530859.0
7833,0,"{'mechanical': 0, 'ebike': 0}",0,15,0,1790530924.0
7834,0,"{'mechanical': 0, 'ebike': 0}",0,15,0,1790530939.0
7835,5,"{'mechanical': 1, 'ebike': 4}",0,14,0,1790530854.0
7836,0,"{'mechanical': 0, 'ebike': 0}",0,19,0,1790530920.0
7837,1,"{'mechanical': 0, 'ebike': 1}",2,16,0,1790530833.0
7838,10,"{'mechanical': 10, 'ebike': 0}",2,7,0,1790530884.0
7839,5,"{'mechanical': 4, 'ebike': 1}",1,5,0,1790530926.0
7840,1,"{'mechanical': 1, 'ebike': 0}",0,14,0,1790530856.0
7841,1,"{'mechanical': 1, 'ebike': 0}",1,13,0,1790530915.0
7842,8,"{'mechanical': 8, 'ebike': 0}",0,3,0,1790530879.0
7843,13,"{'mechanical': 11, 'ebike': 2}",2,0,0,1790530943.0
7844,8,"{'mechanical': 8, 'ebike': 0}",2,5,0,1790530937.0
7845,14,"{'mechanical': 12, 'ebike': 2}",0,1,0,1790530910.0
7846,1,"{'mechanical': 0, 'ebike': 1}",3,11,0,1790530885.0
7848,2,"{'mechanical': 2, 'ebike': 0}",3,18,0,1790530921.0
7849,2,"{'mechanical': 2, 'ebike': 0}",0,13,0,1790530944.0
7850,12,"{'mechanical': 12, 'ebike': 0}",1,2,1,1790530946.0
7851,0,"{'mechanical': 0, 'ebike': 0}",2,13,0,1790530909.0
7852,8,"{'mechanical': 8, 'ebike': 0}",0,15,0,1790530831.0
7853,12,"{'mechanical': 12, 'ebike': 0}",0,3,0,1790530904.0
7854,0,"{'mechanical': 0, 'ebike': 0}",0,19,0,1790530868.0
7855,4,"{'mechanical': 3, 'ebike': 1}",1,10,0,1790530938.0
7856,2,"{'mechanical': 2, 'ebike': 0}",0,13,0,1790530939.0
7857,1,"{'mechanical': 1, 'ebike': 0}",0,18,0,1790530858.0
7858,3,"{'mechanical': 1, 'ebike': 2}",1,19,0,1790530840.0
7859,4,"{'mechanical': 4, 'ebike': 0}",0,11,0,1790530865.0
7860,4,"{'mechanical': 4, 'ebike': 0}",1,10,0,1790530862.0
7861,0,"{'mechanical': 0, 'ebike': 0}",0,19,0,1790530884.0
7862,2,"{'mechanical': 1, 'ebike': 1}",0,13,0,1790530951.0
7863,2,"{'mechanical': 0, 'ebike': 2}",0,12,1,1790530928.0
7864,5,"{'mechanical': 2, 'ebike': 3}",1,9,0,1790530878.0
7865,3,"{'mechanical': 0, 'ebike': 3}",6,34,0,1790530917.0
7866,8,"{'mechanical': 3, 'ebike': 5}",0,15,0,1790530872.0
7867,0,"{'mechanical': 0, 'ebike': 0}",2,13,0,1790530909.0
7868,1,"{'mechanical': 1, 'ebike': 0}",0,17,1,1790530903.0
7869,6,"{'mechanical': 6, 'ebike': 0}",0,9,0,1790530885.0
7870,4,"{'mechanical': 3, 'ebike': 1}",0,11,0,1790530916.0
7871,2,"{'mechanical': 2, 'ebike': 0}",0,12,0,1790530865.0
7872,4,"{'mechanical': 4, 'ebike': 0}",0,11,0,1790530830.0
7874,0,"{'mechanical': 0, 'ebike': 0}",1,14,0,1790530845.0
7875,6,"{'mechanical': 6, 'ebike': 0}",0,9,0,1790530936.0
7877,7,"{'mechanical': 7, 'ebike': 0}",0,8,0,1790530930.0
7878,1,"{'mechanical': 1, 'ebike': 0}",0,14,0,1790530919.0
7880,8,"{'mechanical': 8, 'ebike': 0}",1,6,0,1790530856.0
7883,2,"{'mechanical': 2, 'ebike': 0}",0,9,0,1790530859.0
7884,5,"{'mechanical': 5, 'ebike': 0}",0,10,0,1790530951.0
7885,10,"{'mechanical': 9, 'ebike': 1}",1,0,0,1790530904.0
7887,27,"{'mechanical': 5, 'ebike': 22}",5,10,1,1790530914.0
7888,4,"{'mechanical': 3, 'ebike': 1}",0,11,0,1790530907.0
7889,12,"{'mechanical': 11, 'ebike': 1}",0,7,0,1790530857.0
7890,2,"{'mechanical': 0, 'ebike': 2}",0,21,0,1790530931.0
7891,0,"{'mechanical': 0, 'ebike': 0}",0,19,0,1790530839.0
7893,2,"{'mechanical': 2, 'ebike': 0}",0,17,0,1790530861.0
7894,2,"{'mechanical': 1, 'ebike': 1}",1,12,0,1790530901.0
7895,2,"{'mechanical': 1, 'ebike': 1}",0,13,0,1790530942.0
7896,1,"{'mechanical': 0, 'ebike': 1}",1,13,0,1790530935.0
7897,2,"{'mechanical': 2, 'ebike': 0}",0,13,0,1790530900.0
7899,3,"{'mechanical': 3, 'ebike': 0}",0,19,1,1790530882.0
7900,0,"{'mechanical': 0, 'ebike': 0}",0,11,0,1790530898.0
7901,4,"{'mechanical': 3, 'ebike': 1}",1,6,0,1790530864.0
7902,0,"{'mechanical': 0, 'ebike': 0}",0,15,0,1790530912.0
7903,1,"{'mechanical': 1, 'ebike': 0}",2,12,0,1790530951.0
7904,0,"{'mechanical': 0, 'ebike': 0}",0,11,0,1790530855.0
7906,2,"{'mechanical': 2, 'ebike': 0}",2,10,0,1790530900.0
7907,16,"{'mechanical': 0, 'ebike': 16}",12,13,0,1790530863.0
7909,2,"{'mechanical': 2, 'ebike': 0}",0,21,0,1790530932.0
7910,1,"{'mechanical': 1, 'ebike': 0}",1,13,0,1790530918.0
7911,2,"{'mechanical': 2, 'ebike': 0}",0,17,0,1790530946.0
7912,0,"{'mechanical': 0, 'ebike': 0}",1,18,0,1790530911.0
7913,6,"{'mechanical': 4, 'ebike': 2}",0,29,0,1790530951.0
7914,6,"{'mechanical': 6, 'ebike': 0}",1,20,0,1790530832.0
7915,9,"{'mechanical': 6, 'ebike': 3}",2,3,1,1790530925.0
7916,16,"{'mechanical': 16, 'ebike': 0}",0,3,0,1790530923.0
7917,1,"{'mechanical': 1, 'ebike': 0}",1,37,0,1790530894.0
7918,4,"{'mechanical': 4, 'ebike': 0}",1,10,0,1790530936.0
7919,5,"{'mechanical': 3, 'ebike': 2}",0,14,0,1790530849.0
7920,5,"{'mechanical': 5, 'ebike': 0}",0,10,0,1790530859.0
7922,3,"{'mechanical': 0, 'ebike': 3}",0,19,1,1790530845.0
7923,10,"{'mechanical': 10, 'ebike': 0}",0,9,0,1790530870.0
7924,4,"{'mechanical': 3, 'ebike': 1}",2,6,0,1790530843.0
7925,8,"{'mechanical': 8, 'ebike': 0}",4,12,0,1790530897.0
7926,3,"{'mechanical': 0, 'ebike': 3}",1,20,0,1790530893.0
7927,6,"{'mechanical': 6, 'ebike': 0}",5,13,0,1790530878.0
7928,2,"{'mechanical': 1, 'ebike': 1}",1,76,0,1790530854.0
7929,11,"{'mechanical': 9, 'ebike': 2}",1,0,0,1790530882.0
7930,3,"{'mechanical': 3, 'ebike': 0}",0,12,0,1790530915.0
7931,1,"{'mechanical': 1, 'ebike': 0}",0,15,0,1790530928.0
7932,10,"{'mechanical': 9, 'ebike': 1}",0,2,0,1790530881.0
7933,6,"{'mechanical': 5, 'ebike': 1}",4,12,1,1790530861.0
7934,6,"{'mechanical': 3, 'ebike': 3}",2,2,0,1790530831.0
7935,0,"{'mechanical': 0, 'ebike': 0}",1,14,0,1790530905.0
7936,15,"{'mechanical': 15, 'ebike': 0}",0,0,0,1790530835.0
7937,13,"{'mechanical': 12, 'ebike': 1}",3,3,0,1790530886.0
7938,14,"{'mechanical': 14, 'ebike': 0}",1,0,0,1790530881.0
7939,13,"{'mechanical': 13, 'ebike': 0}",3,1,0,1790530914.0
7940,0,"{'mechanical': 0, 'ebike': 0}",4,28,0,1790530949.0
7941,8,"{'mechanical': 7, 'ebike': 1}",2,5,0,1790530839.0
7942,6,"{'mechanical': 0, 'ebike': 6}",1,8,0,1790530828.0
7943,0,"{'mechanical': 0, 'ebike': 0}",4,19,0,1790530855.0
7944,2,"{'mechanical': 1, 'ebike': 1}",3,18,0,1790530901.0
7945,28,"{'mechanical': 28, 'ebike': 0}",0,3,0,1790530945.0
7946,13,"{'mechanical': 13, 'ebike': 0}",2,0,0,1790530915.0
7947,11,"{'mechanical': 11, 'ebike': 0}",0,0,0,1790530951.0
7948,20,"{'mechanical': 20, 'ebike': 0}",1,2,0,1790530839.0
7949,9,"{'mechanical': 9, 'ebike': 0}",0,6,0,1790530893.0
7950,21,"{'mechanical': 21, 'ebike': 0}",1,1,0,1790530894.0
7951,0,"{'mechanical': 0, 'ebike': 0}",0,19,0,1790530937.0
7952,11,"{'mechanical': 11, 'ebike': 0}",2,6,0,1790530838.0
7953,2,"{'mechanical': 2, 'ebike': 0}",1,11,0,1790530865.0
7954,13,"{'mechanical': 13, 'ebike': 0}",3,7,0,1790530829.0
7955,0,"{'mechanical': 0, 'ebike': 0}",3,18,2,1790530879.0
7956,0,"{'mechanical': 0, 'ebike': 0}",0,11,0,1790530870.0
7957,2,"{'mechanical': 2, 'ebike': 0}",1,16,0,1790530909.0
7958,5,"{'mechanical': 5, 'ebike': 0}",2,12,0,1790530930.0
7959,2,"{'mechanical': 2, 'ebike': 0}",1,12,0,1790530943.0
7960,5,"{'mechanical': 3, 'ebike': 2}",0,14,0,1790530914.0
7961,4,"{'mechanical': 0, 'ebike': 4}",0,11,0,1790530836.0
7962,5,"{'mechanical': 5, 'ebike': 0}",0,10,0,1790530845.0
7963,2,"{'mechanical': 2, 'ebike': 0}",1,8,0,1790530877.0
7964,1,"{'mechanical': 1, 'ebike': 0}",1,13,0,1790530882.0
7965,0,"{'mechanical': 0, 'ebike': 0}",0,19,0,1790530950.0
7966,1,"{'mechanical': 1, 'ebike': 0}",3,11,0,1790530847.0
7967,1,"{'mechanical': 0, 'ebike': 1}",0,14,0,1790530836.0
7968,5,"{'mechanical': 5, 'ebike': 0}",0,14,0,1790530913.0
7969,1,"{'mechanical': 1, 'ebike': 0}",0,18,0,1790530842.0
7970,5,"{'mechanical': 3, 'ebike': 2}",0,14,0,1790530857.0
7971,2,"{'mechanical': 2, 'ebike': 0}",2,10,0,1790530833.0
7972,1,"{'mechanical': 1, 'ebike': 0}",0,10,0,1790530876.0
7973,1,"{'mechanical': 0, 'ebike': 1}",3,15,0,1790530876.0
7974,2,"{'mechanical': 1, 'ebike': 1}",0,17,0,1790530901.0
7976,9,"{'mechanical': 9, 'ebike': 0}",0,9,1,1790530939.0
7977,2,"{'mechanical': 2, 'ebike': 0}",3,10,0,1790530897.0
7978,8,"{'mechanical': 8, 'ebike': 0}",1,14,0,1790530914.0
7979,0,"{'mechanical': 0, 'ebike': 0}",3,16,0,1790530830.0
7981,3,"{'mechanical': 3, 'ebike': 0}",1,11,0,1790530833.0
7982,4,"{'mechanical': 4, 'ebike': 0}",0,15,0,1790530947.0
7983,0,"{'mechanical': 0, 'ebike': 0}",6,8,0,1790530843.0
7984,20,"{'mechanical': 20, 'ebike': 0}",1,2,0,1790530837.0
7985,3,"{'mechanical': 3, 'ebike': 0}",2,10,0,1790530891.0
7986,2,"{'mechanical': 2, 'ebike': 0}",2,15,0,1790530878.0
7987,3,"{'mechanical': 3, 'ebike': 0}",0,12,0,1790530908.0
7988,7,"{'mechanical': 6, 'ebike': 1}",1,11,0,1790530922.0
7989,2,"{'mechanical': 2, 'ebike': 0}",0,13,0,1790530935.0
7990,3,"{'mechanical': 3, 'ebike': 0}",1,7,0,1790530906.0
7991,0,"{'mechanical': 0, 'ebike': 0}",2,13,0,1790530830.0
7992,3,"{'mechanical': 3, 'ebike': 0}",0,8,0,1790530826.0
7993,2,"{'mechanical': 0, 'ebike': 2}",2,10,0,1790530948.0
7994,1,"{'mechanical': 1, 'ebike': 0}",0,10,0,1790530892.0
7995,0,"{'mechanical': 0, 'ebike': 0}",1,14,0,1790530936.0
7996,15,"{'mechanical': 2, 'ebike': 13}",0,8,0,1790530885.0
7997,19,"{'mechanical': 2, 'ebike': 17}",3,17,0,1790530918.0
7998,0,"{'mechanical': 0, 'ebike': 0}",1,18,0,1790530871.0
7999,5,"{'mechanical': 4, 'ebike': 1}",0,10,0,1790530895.0
8000,25,"{'mechanical': 3, 'ebike': 22}",4,2,0,1790530852.0
8001,22,"{'mechanical': 22, 'ebike': 0}",0,2,0,1790530928.0
8002,2,"{'mechanical': 2, 'ebike': 0}",0,13,0,1790530931.0
8003,4,"{'mechanical': 4, 'ebike': 0}",0,7,0,1790530930.0
8004,0,"{'mechanical': 0, 'ebike': 0}",1,10,0,1790530896.0
8005,1,"{'mechanical': 0, 'ebike': 1}",2,8,0,1790530931.0
8006,22,"{'mechanical': 22, 'ebike': 0}",0,1,0,1790530854.0
8007,17,"{'mechanical': 8, 'ebike': 9}",3,11,0,1790530849.0
8008,0,"{'mechanical': 0, 'ebike': 0}",0,16,0,1790530902.0
8009,18,"{'mechanical': 0, 'ebike': 18}",6,15,0,1790530876.0
8010,3,"{'mechanical': 3, 'ebike': 0}",1,15,0,1790530830.0
8011,9,"{'mechanical': 6, 'ebike': 3}",15,7,0,1790530935.0
8012,4,"{'mechanical': 2, 'ebike': 2}",3,13,0,1790530936.0
8013,10,"{'mechanical': 10, 'ebike': 0}",0,2,0,1790530922.0
8014,2,"{'mechanical': 2, 'ebike': 0}",1,20,0,1790530949.0
8015,9,"{'mechanical': 8, 'ebike': 1}",1,2,0,1790530904.0
8016,11,"{'mechanical': 11, 'ebike': 0}",3,9,0,1790530885.0
8017,3,"{'mechanical': 3, 'ebike': 0}",5,7,0,1790530879.0
8018,16,"{'mechanical': 16, 'ebike': 0}",0,0,0,1790530912.0
8020,7,"{'mechanical': 6, 'ebike': 1}",2,0,0,1790530924.0
8021,5,"{'mechanical': 5, 'ebike': 0}",0,14,0,1790530884.0
8022,3,"{'mechanical': 3, 'ebike': 0}",0,8,0,1790530922.0
8023,4,"{'mechanical': 3, 'ebike': 1}",0,7,0,1790530897.0
8025,9,"{'mechanical': 8, 'ebike': 1}",1,0,1,1790530842.0
8026,11,"{'mechanical': 10, 'ebike': 1}",1,11,0,1790530929.0
8027,6,"{'mechanical': 6, 'ebike': 0}",0,33,0,1790530833.0
8028,25,"{'mechanical': 25, 'ebike': 0}",0,2,0,1790530858.0
8029,14,"{'mechanical': 14, 'ebike': 0}",0,33,0,1790530935.0
8030,23,"{'mechanical': 23, 'ebike': 0}",0,12,0,1790530921.0
8031,4,"{'mechanical': 4, 'ebike': 0}",0,11,0,1790530911.0
8032,4,"{'mechanical': 4, 'ebike': 0}",0,11,0,1790530869.0
8033,2,"{'mechanical': 2, 'ebike': 0}",0,17,0,1790530939.0
8034,6,"{'mechanical': 5, 'ebike': 1}",0,9,0,1790530913.0
8035,3,"{'mechanical': 3, 'ebike': 0}",0,16,0,1790530857.0
8036,3,"{'mechanical': 3, 'ebike': 0}",0,15,0,1790530945.0
8037,8,"{'mechanical': 6, 'ebike': 2}",2,5,0,1790530950.0
8038,4,"{'mechanical': 4, 'ebike': 0}",2,5,0,1790530829.0
8039,6,"{'mechanical': 6, 'ebike': 0}",3,10,0,1790530882.0
8040,2,"{'mechanical': 1, 'ebike': 1}",1,20,0,1790530881.0
8041,2,"{'mechanical': 2, 'ebike': 0}",2,7,0,1790530845.0
8042,4,"{'mechanical': 3, 'ebike': 1}",1,14,0,1790530835.0
8043,0,"{'mechanical': 0, 'ebike': 0}",1,14,0,1790530850.0
8044,2,"{'mechanical': 2, 'ebike': 0}",0,9,0,1790530890.0
8045,1,"{'mechanical': 0, 'ebike': 1}",0,14,0,1790530917.0
8046,0,"{'mechanical': 0, 'ebike': 0}",0,11,0,1790530903.0
8047,1,"{'mechanical': 1, 'ebike': 0}",0,10,0,1790530920.0
8048,6,"{'mechanical': 6, 'ebike': 0}",1,8,0,1790530841.0
8049,3,"{'mechanical': 3, 'ebike': 0}",0,16,0,1790530926.0
8050,1,"{'mechanical': 0, 'ebike': 1}",1,21,0,1790530850.0
8051,2,"{'mechanical': 1, 'ebike': 1}",0,10,0,1790530912.0
8052,1,"{'mechanical': 1, 'ebike': 0}",2,7,0,1790530879.0
8053,3,"{'mechanical': 3, 'ebike': 0}",1,13,0,1790530840.0
8054,3,"{'mechanical': 3, 'ebike': 0}",2,14,0,1790530863.0
8055,9,"{'mechanical': 9, 'ebike': 0}",1,1,0,1790530910.0
8056,0,"{'mechanical': 0, 'ebike': 0}",0,19,0,1790530925.0
8057,4,"{'mechanical': 4, 'ebike': 0}",0,15,0,1790530945.0
8058,5,"{'mechanical': 5, 'ebike': 0}",1,13,0,1790530837.0
8059,4,"{'mechanical': 4, 'ebike': 0}",0,7,0,1790530945.0
8060,0,"{'mechanical': 0, 'ebike': 0}",0,15,0,1790530843.0
8061,1,"{'mechanical': 1, 'ebike': 0}",3,7,0,1790530932.0
8062,7,"{'mechanical': 7, 'ebike': 0}",0,4,0,1790530855.0
8063,1,"{'mechanical': 1, 'ebike': 0}",2,8,0,1790530865.0
8064,2,"{'mechanical': 2, 'ebike': 0}",2,7,0,1790530862.0
8065,1,"{'mechanical': 1, 'ebike': 0}",2,8,0,1790530945.0
8066,0,"{'mechanical': 0, 'ebike': 0}",0,15,0,1790530899.0
8070,17,"{'mechanical': 17, 'ebike': 0}",0,14,0,1790530827.0
8073,0,"{'mechanical': 0, 'ebike': 0}",0,14,0,1790530894.0
8074,5,"{'mechanical': 5, 'ebike': 0}",0,6,0,1790530841.0
8075,17,"{'mechanical': 16, 'ebike': 1}",1,1,0,1790530867.0
8076,1,"{'mechanical': 1, 'ebike': 0}",0,10,0,1790530851.0
8077,0,"{'mechanical': 0, 'ebike': 0}",0,11,0,1790530907.0
8078,2,"{'mechanical': 2, 'ebike': 0}",2,11,0,1790530948.0
8079,4,"{'mechanical': 4, 'ebike': 0}",2,4,1,1790530838.0
8080,4,"{'mechanical': 2, 'ebike': 2}",1,10,0,1790530913.0
8081,0,"{'mechanical': 0, 'ebike': 0}",1,10,0,1790530877.0
8082,6,"{'mechanical': 6, 'ebike': 0}",0,9,0,1790530875.0
8083,0,"{'mechanical': 0, 'ebike': 0}",0,11,0,1790530828.0
8084,0,"{'mechanical': 0, 'ebike': 0}",0,15,0,1790530896.0
8085,0,"{'mechanical': 0, 'ebike': 0}",1,10,0,1790530893.0
8086,0,"{'mechanical': 0, 'ebike': 0}",2,13,0,1790530906.0
8087,4,"{'mechanical': 4, 'ebike': 0}",2,13,0,1790530838.0
8088,1,"{'mechanical': 1, 'ebike': 0}",0,10,0,1790530860.0
8089,1,"{'mechanical': 1, 'ebike': 0}",0,14,0,1790530929.0
8090,15,"{'mechanical': 9, 'ebike': 6}",0,0,0,1790530884.0
8091,7,"{'mechanical': 6, 'ebike': 1}",0,4,0,1790530861.0
8092,2,"{'mechanical': 2, 'ebike': 0}",0,12,1,1790530836.0
8093,5,"{'mechanical': 5, 'ebike': 0}",0,10,0,1790530858.0
8094,5,"{'mechanical': 3, 'ebike': 2}",0,14,0,1790530898.0
8095,3,"{'mechanical': 3, 'ebike': 0}",0,8,0,1790530913.0
8096,5,"{'mechanical': 4, 'ebike': 1}",0,15,0,1790530852.0
8099,4,"{'mechanical': 4, 'ebike': 0}",1,6,0,1790530862.0
8101,0,"{'mechanical': 0, 'ebike': 0}",0,15,0,1790530926.0
8102,5,"{'mechanical': 4, 'ebike': 1}",0,10,0,1790530870.0
8104,6,"{'mechanical': 6, 'ebike': 0}",1,8,0,1790530938.0
8105,0,"{'mechanical': 0, 'ebike': 0}",4,11,0,1790530906.0
8106,0,"{'mechanical': 0, 'ebike': 0}",0,11,0,1790530939.0
8107,2,"{'mechanical': 1, 'ebike': 1}",0,13,0,1790530896.0
8108,5,"{'mechanical': 5, 'ebike': 0}",0,10,0,1790530887.0
8109,0,"{'mechanical': 0, 'ebike': 0}",0,11,0,1790530843.0
8110,1,"{'mechanical': 1, 'ebike': 0}",6,8,0,1790530880.0
8111,0,"{'mechanical': 0, 'ebike': 0}",0,11,0,1790530897.0
8112,0,"{'mechanical': 0, 'ebike': 0}",1,10,0,1790530912.0
8113,7,"{'mechanical': 7, 'ebike': 0}",0,16,0,1790530893.0
8114,2,"{'mechanical': 2, 'ebike': 0}",4,5,0,1790530857.0
8115,6,"{'mechanical': 6, 'ebike': 0}",0,5,0,1790530947.0
8117,4,"{'mechanical': 3, 'ebike': 1}",2,9,0,1790530840.0
8119,3,"{'mechanical': 3, 'ebike': 0}",0,8,0,1790530907.0
8120,4,"{'mechanical': 4, 'ebike': 0}",0,7,0,1790530829.0
8122,4,"{'mechanical': 4, 'ebike': 0}",0,10,1,1790530858.0
8123,8,"{'mechanical': 8, 'ebike': 0}",0,3,0,1790530913.0
8125,4,"{'mechanical': 4, 'ebike': 0}",1,10,0,1790530828.0
8128,6,"{'mechanical': 6, 'ebike': 0}",1,4,0,1790530901.0
8129,0,"{'mechanical': 0, 'ebike': 0}",0,11,0,1790530829.0
8130,0,"{'mechanical': 0, 'ebike': 0}",0,11,0,1790530925.0
8131,0,"{'mechanical': 0, 'ebike': 0}",0,11,0,1790530915.0
8133,4,"{'mechanical': 4, 'ebike': 0}",0,11,0,1790530860.0
8134,1,"{'mechanical': 1, 'ebike': 0}",0,10,0,1790530933.0
8137,13,"{'mechanical': 12, 'ebike': 1}",3,14,0,1790530920.0
8138,6,"{'mechanical': 2, 'ebike': 4}",0,17,0,1790530948.0
8139,1,"{'mechanical': 1, 'ebike': 0}",0,10,0,1790530841.0
8141,1,"{'mechanical': 1, 'ebike': 0}",0,10,0,1790530880.0
8142,2,"{'mechanical': 2, 'ebike': 0}",0,8,1,1790530840.0
8144,2,"{'mechanical': 2, 'ebike': 0}",0,9,0,1790530935.0
8149,0,"{'mechanical': 0, 'ebike': 0}",0,11,0,1790530827.0
8150,2,"{'mechanical': 0, 'ebike': 2}",2,7,0,1790530949.0
8151,0,"{'mechanical': 0, 'ebike': 0}",0,11,0,1790530826.0
8152,0,"{'mechanical': 0, 'ebike': 0}",4,12,0,1790530894.0
8153,1,"{'mechanical': 1, 'ebike': 0}",1,17,0,1790530872.0
8154,1,"{'mechanical': 1, 'ebike': 0}",0,10,0,1790530888.0
8155,0,"{'mechanical': 0, 'ebike': 0}",1,14,0,1790530921.0
8156,0,"{'mechanical': 0, 'ebike': 0}",2,9,0,1790530828.0
8157,0,"{'mechanical': 0, 'ebike': 0}",0,15,0,1790530928.0
8158,1,"{'mechanical': 1, 'ebike': 0}",1,9,0,1790530904.0
8159,4,"{'mechanical': 4, 'ebike': 0}",1,9,1,1790530933.0
8160,1,"{'mechanical': 1, 'ebike': 0}",0,14,0,1790530882.0
8161,7,"{'mechanical': 7, 'ebike': 0}",1,7,0,1790530950.0
8162,3,"{'mechanical': 3, 'ebike': 0}",1,23,0,1790530887.0
8163,0,"{'mechanical': 0, 'ebike': 0}",0,23,0,1790530906.0
8164,3,"{'mechanical': 3, 'ebike': 0}",0,16,0,1790530868.0
8165,0,"{'mechanical': 0, 'ebike': 0}",1,10,0,1790530933.0
8166,0,"{'mechanical': 0, 'ebike': 0}",1,10,0,1790530852.0
8167,1,"{'mechanical': 0, 'ebike': 1}",1,12,1,1790530842.0
8168,9,"{'mechanical': 9, 'ebike': 0}",1,1,0,1790530843.0
8169,3,"{'mechanical': 3, 'ebike': 0}",0,12,0,1790530929.0
8170,5,"{'mechanical': 5, 'ebike': 0}",1,9,0,1790530896.0
8171,23,"{'mechanical': 23, 'ebike': 0}",0,0,0,1790530844.0
8172,1,"{'mechanical': 0, 'ebike': 1}",0,21,1,1790530942.0
8173,0,"{'mechanical': 0, 'ebike': 0}",1,10,0,1790530940.0
8174,16,"{'mechanical': 15, 'ebike': 1}",2,1,0,1790530889.0
8175,20,"{'mechanical': 20, 'ebike': 0}",3,0,0,1790530847.0
8176,23,"{'mechanical': 0, 'ebike': 23}",0,16,0,1790530912.0
8177,0,"{'mechanical': 0, 'ebike': 0}",0,11,0,1790530909.0
8178,3,"{'mechanical': 3, 'ebike': 0}",2,18,0,1790530906.0
8179,3,"{'mechanical': 1, 'ebike': 2}",0,8,0,1790530871.0
8180,14,"{'mechanical': 13, 'ebike': 1}",1,0,0,1790530838.0
8181,8,"{'mechanical': 7, 'ebike': 1}",1,22,0,1790530846.0
8182,11,"{'mechanical': 10, 'ebike': 1}",0,12,0,1790530938.0
8183,11,"{'mechanical': 9, 'ebike': 2}",0,12,0,1790530828.0
8184,1,"{'mechanical': 1, 'ebike': 0}",2,12,0,1790530865.0
8185,1,"{'mechanical': 1, 'ebike': 0}",0,10,0,1790530940.0
8186,0,"{'mechanical': 0, 'ebike': 0}",0,15,0,1790530845.0
8187,0,"{'mechanical': 0, 'ebike': 0}",2,13,0,1790530921.0
8188,3,"{'mechanical': 3, 'ebike': 0}",7,13,0,1790530929.0
8189,0,"{'mechanical': 0, 'ebike': 0}",2,13,0,1790530840.0
8190,6,"{'mechanical': 6, 'ebike': 0}",0,21,0,1790530942.0
8191,16,"{'mechanical': 2, 'ebike': 14}",1,6,0,1790530882.0
8193,17,"{'mechanical': 1, 'ebike': 16}",7,4,0,1790530833.0
8194,8,"{'mechanical': 0, 'ebike': 8}",5,10,0,1790530932.0
8196,6,"{'mechanical': 1, 'ebike': 5}",0,13,0,1790530952.0
8197,5,"{'mechanical': 4, 'ebike': 1}",13,12,1,1790530907.0
8198,30,"{'mechanical': 0, 'ebike': 30}",1,8,0,1790530836.0
8199,7,"{'mechanical': 0, 'ebike': 7}",1,15,0,1790530884.0
8200,18,"{'mechanical': 18, 'ebike': 0}",1,4,0,1790530924.0
8201,1,"{'mechanical': 1, 'ebike': 0}",2,8,0,1790530850.0
8202,18,"{'mechanical': 3, 'ebike': 15}",0,1,0,1790530936.0
8203,1,"{'mechanical': 1, 'ebike': 0}",0,10,0,1790530895.0
8204,0,"{'mechanical': 0, 'ebike': 0}",0,11,0,1790530914.0
8205,0,"{'mechanical': 0, 'ebike': 0}",1,14,0,1790530872.0
8206,2,"{'mechanical': 2, 'ebike': 0}",1,14,0,1790530901.0
8207,0,"{'mechanical': 0, 'ebike': 0}",0,8,0,1790530895.0
8208,4,"{'mechanical': 2, 'ebike': 2}",0,7,0,1790530908.0
8209,5,"{'mechanical': 3, 'ebike': 2}",0,9,0,1790530899.0
8210,4,"{'mechanical': 4, 'ebike': 0}",2,5,0,1790530889.0
8211,0,"{'mechanical': 0, 'ebike': 0}",2,9,0,1790530901.0
8212,11,"{'mechanical': 2, 'ebike': 9}",3,12,0,1790530884.0
8213,2,"{'mechanical': 2, 'ebike': 0}",2,13,0,1790530866.0
8214,1,"{'mechanical': 0, 'ebike': 1}",1,9,0,1790530894.0
8215,1,"{'mechanical': 1, 'ebike': 0}",3,13,0,1790530863.0
8216,0,"{'mechanical': 0, 'ebike': 0}",0,14,0,1790530857.0
8217,3,"{'mechanical': 0, 'ebike': 3}",1,10,0,1790530906.0
8218,0,"{'mechanical': 0, 'ebike': 0}",2,9,0,1790530901.0
8219,0,"{'mechanical': 0, 'ebike': 0}",0,19,0,1790530951.0
8220,1,"{'mechanical': 1, 'ebike': 0}",0,10,0,1790530843.0
8221,0,"{'mechanical': 0, 'ebike': 0}",2,9,0,1790530925.0
8224,14,"{'mechanical': 14, 'ebike': 0}",1,4,0,1790530855.0
8225,3,"{'mechanical': 3, 'ebike': 0}",0,8,0,1790530881.0
8226,5,"{'mechanical': 5, 'ebike': 0}",0,10,0,1790530852.0
8227,3,"{'mechanical': 3, 'ebike': 0}",0,8,0,1790530896.0
8228,5,"{'mechanical': 5, 'ebike': 0}",0,34,0,1790530896.0
8229,11,"{'mechanical': 11, 'ebike': 0}",1,23,0,1790530928.0
8230,28,"{'mechanical': 27, 'ebike': 1}",1,10,0,1790530919.0
8231,1,"{'mechanical': 1, 'ebike': 0}",2,16,0,1790530917.0
8232,3,"{'mechanical': 3, 'ebike': 0}",3,16,1,1790530936.0
8234,4,"{'mechanical': 3, 'ebike': 1}",1,14,0,1790530889.0
8235,0,"{'mechanical': 0, 'ebike': 0}",3,12,0,1790530834.0
8236,8,"{'mechanical': 8, 'ebike': 0}",0,7,0,1790530871.0
8237,9,"{'mechanical': 8, 'ebike': 1}",1,13,0,1790530878.0
8238,3,"{'mechanical': 2, 'ebike': 1}",0,12,0,1790530882.0
8239,0,"{'mechanical': 0, 'ebike': 0}",1,10,0,1790530943.0
8240,3,"{'mechanical': 2, 'ebike': 1}",1,11,0,1790530949.0
8241,1,"{'mechanical': 1, 'ebike': 0}",0,14,0,1790530924.0
8242,0,"{'mechanical': 0, 'ebike': 0}",0,19,0,1790530850.0
8243,0,"{'mechanical': 0, 'ebike': 0}",0,16,0,1790530927.0
8245,6,"{'mechanical': 4, 'ebike': 2}",4,8,1,1790530903.0
8246,0,"{'mechanical': 0, 'ebike': 0}",2,9,0,1790530924.0
8247,0,"{'mechanical': 0, 'ebike': 0}",1,14,0,1790530837.0
8248,0,"{'mechanical': 0, 'ebike': 0}",0,11,0,1790530862.0
8249,3,"{'mechanical': 1, 'ebike': 2}",0,12,0,1790530936.0
8250,1,"{'mechanical': 0, 'ebike': 1}",0,10,0,1790530910.0
8251,14,"{'mechanical': 14, 'ebike': 0}",1,2,0,1790530935.0
8252,0,"{'mechanical': 0, 'ebike': 0}",0,15,0,1790530845.0
8253,1,"{'mechanical': 1, 'ebike': 0}",0,18,0,1790530865.0
8254,11,"{'mechanical': 10, 'ebike': 1}",1,2,0,1790530854.0
8255,0,"{'mechanical': 0, 'ebike': 0}",3,12,0,1790530861.0
8256,1,"{'mechanical': 1, 'ebike': 0}",0,14,0,1790530919.0
8257,2,"{'mechanical': 1, 'ebike': 1}",0,15,0,1790530897.0
8258,2,"{'mechanical': 0, 'ebike': 2}",0,9,0,1790530937.0
8259,0,"{'mechanical': 0, 'ebike': 0}",0,7,0,1790530935.0
8260,30,"{'mechanical': 29, 'ebike': 1}",4,1,0,1790530896.0
8261,6,"{'mechanical': 3, 'ebike': 3}",0,9,0,1790530900.0
8262,32,"{'mechanical': 32, 'ebike': 0}",1,6,0,1790530924.0
8263,0,"{'mechanical': 0, 'ebike': 0}",0,23,0,1790530871.0
8264,1,"{'mechanical': 1, 'ebike': 0}",2,24,0,1790530894.0
8265,0,"{'mechanical': 0, 'ebike': 0}",1,18,0,1790530865.0
8266,1,"{'mechanical': 1, 'ebike': 0}",0,26,0,1790530834.0
8267,12,"{'mechanical': 12, 'ebike': 0}",0,11,0,1790530893.0
8268,6,"{'mechanical': 6, 'ebike': 0}",1,16,0,1790530915.0
8269,3,"{'mechanical': 1, 'ebike': 2}",1,7,0,1790530927.0
8271,12,"{'mechanical': 9, 'ebike': 3}",0,7,0,1790530852.0
7000,21,"{'mechanical': 20, 'ebike': 1}",2,24,0,1790540542.0
7001,1,"{'mechanical': 1, 'ebike': 0}",9,13,0,1790540629.0
7002,3,"{'mechanical': 2, 'ebike': 1}",2,14,0,1790540642.0
7003,0,"{'mechanical': 0, 'ebike': 0}",1,14,0,1790540570.0
7004,0,"{'mechanical': 0, 'ebike': 0}",4,31,0,1790540539.0
7005,5,"{'mechanical': 5, 'ebike': 0}",0,18,0,1790540560.0
7006,3,"{'mechanical': 1, 'ebike': 2}",3,25,0,1790540626.0
7007,3,"{'mechanical': 2, 'ebike': 1}",0,16,0,1790540643.0
7008,0,"{'mechanical': 0, 'ebike': 0}",3,16,0,1790540640.0
7010,18,"{'mechanical': 17, 'ebike': 1}",1,0,0,1790540573.0
7013,9,"{'mechanical': 9, 'ebike': 0}",3,7,0,1790540654.0
7014,4,"{'mechanical': 4, 'ebike': 0}",5,8,0,1790540626.0
7015,21,"{'mechanical': 21, 'ebike': 0}",2,16,0,1790540645.0
7016,5,"{'mechanical': 5, 'ebike': 0}",2,28,0,1790540600.0
7017,0,"{'mechanical': 0, 'ebike': 0}",1,10,0,1790540602.0
7018,17,"{'mechanical': 15, 'ebike': 2}",1,31,0,1790540546.0
7019,41,"{'mechanical': 41, 'ebike': 0}",2,12,0,1790540582.0
7020,28,"{'mechanical': 28, 'ebike': 0}",1,4,0,1790540577.0
7021,24,"{'mechanical': 23, 'ebike': 1}",3,36,0,1790540579.0
7023,6,"{'mechanical': 5, 'ebike': 1}",4,1,0,1790540600.0
7024,11,"{'mechanical': 11, 'ebike': 0}",2,25,0,1790540608.0
7025,6,"{'mechanical': 3, 'ebike': 3}",2,19,0,1790540559.0
7026,3,"{'mechanical': 2, 'ebike': 1}",3,9,0,1790540599.0
7027,2,"{'mechanical': 2, 'ebike': 0}",3,25,1,1790540558.0
7028,3,"{'mechanical': 3, 'ebike': 0}",3,25,0,1790540602.0
7029,5,"{'mechanical': 4, 'ebike': 1}",1,9,0,1790540593.0
7030,21,"{'mechanical': 20, 'ebike': 1}",3,10,1,1790540659.0
7031,1,"{'mechanical': 0, 'ebike': 1}",2,36,0,1790540560.0
7032,9,"{'mechanical': 8, 'ebike': 1}",4,2,0,1790540663.0
7033,10,"{'mechanical': 10, 'ebike': 0}",0,33,0,1790540598.0
7034,1,"{'mechanical': 0, 'ebike': 1}",1,12,0,1790540615.0
7035,38,"{'mechanical': 38, 'ebike': 0}",0,5,0,1790540642.0
7036,13,"{'mechanical': 13, 'ebike': 0}",1,5,0,1790540582.0
7037,1,"{'mechanical': 1, 'ebike': 0}",3,37,0,1790540627.0
7038,15,"{'mechanical': 13, 'ebike': 2}",2,14,0,1790540586.0
7039,2,"{'mechanical': 2, 'ebike': 0}",0,17,0,1790540544.0
7040,0,"{'mechanical': 0, 'ebike': 0}",2,17,0,1790540651.0
7041,4,"{'mechanical': 4, 'ebike': 0}",1,17,1,1790540655.0
7042,4,"{'mechanical': 1, 'ebike': 3}",0,27,0,1790540571.0
7043,15,"{'mechanical': 15, 'ebike': 0}",2,2,0,1790540575.0
7044,8,"{'mechanical': 8, 'ebike': 0}",3,24,0,1790540612.0
7045,1,"{'mechanical': 1, 'ebike': 0}",0,36,0,1790540586.0
7046,22,"{'mechanical': 22, 'ebike': 0}",1,19,0,1790540574.0
7048,27,"{'mechanical': 26, 'ebike': 1}",1,19,0,1790540572.0
7049,8,"{'mechanical': 8, 'ebike': 0}",5,2,0,1790540570.0
7050,2,"{'mechanical': 0, 'ebike': 2}",2,12,0,1790540542.0
7052,19,"{'mechanical': 19, 'ebike': 0}",0,36,0,1790540567.0
7053,13,"{'mechanical': 13, 'ebike': 0}",2,12,0,1790540567.0
7054,8,"{'mechanical': 7, 'ebike': 1}",1,2,0,1790540573.0
7055,6,"{'mechanical': 6, 'ebike': 0}",2,7,0,1790540639.0
7057,15,"{'mechanical': 15, 'ebike': 0}",0,11,1,1790540564.0
7058,16,"{'mechanical': 12, 'ebike': 4}",1,22,0,1790540589.0
7059,11,"{'mechanical': 11, 'ebike': 0}",2,2,0,1790540651.0
7061,4,"{'mechanical': 4, 'ebike': 0}",2,9,0,1790540648.0
7063,10,"{'mechanical': 10, 'ebike': 0}",4,9,0,1790540558.0
7064,15,"{'mechanical': 15, 'ebike': 0}",0,4,0,1790540538.0
7065,0,"{'mechanical': 0, 'ebike': 0}",1,14,0,1790540546.0
7066,1,"{'mechanical': 0, 'ebike': 1}",0,14,0,1790540621.0
7067,8,"{'mechanical': 8, 'ebike': 0}",2,17,0,1790540616.0
7069,8,"{'mechanical': 8, 'ebike': 0}",3,0,0,1790540659.0
7070,7,"{'mechanical': 6, 'ebike': 1}",0,4,0,1790540594.0
7071,2,"{'mechanical': 2, 'ebike': 0}",0,21,0,1790540569.0
7073,18,"{'mechanical': 17, 'ebike': 1}",0,4,1,1790540577.0
7074,48,"{'mechanical': 48, 'ebike': 0}",1,6,0,1790540558.0
7075,20,"{'mechanical': 16, 'ebike': 4}",4,3,0,1790540648.0
7076,17,"{'mechanical': 15, 'ebike': 2}",3,37,0,1790540590.0
7077,2,"{'mechanical': 1, 'ebike': 1}",1,16,0,1790540544.0
7078,3,"{'mechanical': 3, 'ebike': 0}",1,11,0,1790540648.0
7079,3,"{'mechanical': 2, 'ebike': 1}",3,13,0,1790540545.0
7084,8,"{'mechanical': 5, 'ebike': 3}",3,0,0,1790540606.0
7085,2,"{'mechanical': 1, 'ebike': 1}",1,12,0,1790540601.0
7086,4,"{'mechanical': 3, 'ebike': 1}",1,18,0,1790540558.0
7087,0,"{'mechanical': 0, 'ebike': 0}",0,11,0,1790540606.0
7088,4,"{'mechanical': 1, 'ebike': 3}",0,11,0,1790540610.0
7089,1,"{'mechanical': 1, 'ebike': 0}",5,21,0,1790540548.0
7090,4,"{'mechanical': 2, 'ebike': 2}",0,15,0,1790540602.0
7091,1,"{'mechanical': 0, 'ebike': 1}",1,13,0,1790540560.0
7093,3,"{'mechanical': 2, 'ebike': 1}",1,21,0,1790540555.0
7094,11,"{'mechanical': 5, 'ebike': 6}",1,13,0,1790540635.0
7095,6,"{'mechanical': 3, 'ebike': 3}",1,8,0,1790540544.0
7096,0,"{'mechanical': 0, 'ebike': 0}",1,18,0,1790540547.0
7097,16,"{'mechanical': 14, 'ebike': 2}",0,14,1,1790540637.0
7098,8,"{'mechanical': 7, 'ebike': 1}",0,7,0,1790540641.0
7099,22,"{'mechanical': 21, 'ebike': 1}",0,17,0,1790540649.0
7100,0,"{'mechanical': 0, 'ebike': 0}",0,27,0,1790540563.0
7101,15,"{'mechanical': 15, 'ebike': 0}",0,12,0,1790540646.0
7102,3,"{'mechanical': 1, 'ebike': 2}",1,27,0,1790540647.0
7103,26,"{'mechanical': 25, 'ebike': 1}",1,5,0,1790540598.0
7104,6,"{'mechanical': 3, 'ebike': 3}",0,8,1,1790540575.0
7105,1,"{'mechanical': 1, 'ebike': 0}",2,11,1,1790540591.0
7106,36,"{'mechanical': 36, 'ebike': 0}",1,2,0,1790540607.0
7107,11,"{'mechanical': 9, 'ebike': 2}",1,3,0,1790540634.0
7109,10,"{'mechanical': 10, 'ebike': 0}",0,22,0,1790540631.0
7110,1,"{'mechanical': 1, 'ebike': 0}",1,13,0,1790540584.0
7111,1,"{'mechanical': 0, 'ebike': 1}",1,9,0,1790540631.0
7112,13,"{'mechanical': 13, 'ebike': 0}",1,5,0,1790540550.0
7113,2,"{'mechanical': 2, 'ebike': 0}",4,9,0,1790540659.0
7114,3,"{'mechanical': 3, 'ebike': 0}",4,20,0,1790540626.0
7115,4,"{'mechanical': 2, 'ebike': 2}",1,26,0,1790540656.0
7116,0,"{'mechanical': 0, 'ebike': 0}",1,18,0,1790540642.0
7117,3,"{'mechanical': 3, 'ebike': 0}",6,10,0,1790540575.0
7118,9,"{'mechanical': 8, 'ebike': 1}",0,10,0,1790540654.0
7119,3,"{'mechanical': 2, 'ebike': 1}",2,10,0,1790540603.0
7120,1,"{'mechanical': 1, 'ebike': 0}",1,9,0,1790540627.0
7121,2,"{'mechanical': 2, 'ebike': 0}",0,25,0,1790540601.0
7122,3,"{'mechanical': 2, 'ebike': 1}",1,11,0,1790540652.0
7123,13,"{'mechanical': 12, 'ebike': 1}",2,0,0,1790540653.0
7124,2,"{'mechanical': 2, 'ebike': 0}",0,17,0,1790540575.0
7126,1,"{'mechanical': 1, 'ebike': 0}",3,13,0,1790540648.0
7127,0,"{'mechanical': 0, 'ebike': 0}",3,12,0,1790540544.0
7128,2,"{'mechanical': 1, 'ebike': 1}",2,19,0,1790540560.0
7129,5,"{'mechanical': 1, 'ebike': 4}",0,6,0,1790540602.0
7130,3,"{'mechanical': 2, 'ebike': 1}",0,12,0,1790540593.0
7131,0,"{'mechanical': 0, 'ebike': 0}",1,14,0,1790540567.0
7132,0,"{'mechanical': 0, 'ebike': 0}",0,9,0,1790540571.0
7133,0,"{'mechanical': 0, 'ebike': 0}",1,10,0,1790540650.0
7135,22,"{'mechanical': 21, 'ebike': 1}",2,11,0,1790540618.0
7137,0,"{'mechanical': 0, 'ebike': 0}",3,12,0,1790540582.0
7138,1,"{'mechanical': 1, 'ebike': 0}",1,25,0,1790540556.0
7139,2,"{'mechanical': 1, 'ebike': 1}",3,10,0,1790540568.0
7140,0,"{'mechanical': 0, 'ebike': 0}",1,13,1,1790540588.0
7142,1,"{'mechanical': 0, 'ebike': 1}",0,14,0,1790540542.0
7143,0,"{'mechanical': 0, 'ebike': 0}",0,14,1,1790540551.0
7144,3,"{'mechanical': 2, 'ebike': 1}",2,9,1,1790540649.0
7146,0,"{'mechanical': 0, 'ebike': 0}",1,18,0,1790540561.0
7147,14,"{'mechanical': 14, 'ebike': 0}",0,1,0,1790540585.0
7148,13,"{'mechanical': 13, 'ebike': 0}",1,8,0,1790540557.0
7149,2,"{'mechanical': 2, 'ebike': 0}",0,9,0,1790540641.0
7150,4,"{'mechanical': 2, 'ebike': 2}",2,11,2,1790540578.0
7151,1,"{'mechanical': 0, 'ebike': 1}",0,18,0,1790540643.0
7152,3,"{'mechanical': 3, 'ebike': 0}",2,6,0,1790540577.0
7153,1,"{'mechanical': 1, 'ebike': 0}",6,12,0,1790540652.0
7154,0,"{'mechanical': 0, 'ebike': 0}",2,20,0,1790540651.0
7155,7,"{'mechanical': 3, 'ebike': 4}",1,10,1,1790540559.0
7156,0,"{'mechanical': 0, 'ebike': 0}",0,14,1,1790540636.0
7157,9,"{'mechanical': 9, 'ebike': 0}",0,14,0,1790540587.0
7158,3,"{'mechanical': 3, 'ebike': 0}",3,9,0,1790540620.0
7160,4,"{'mechanical': 4, 'ebike': 0}",0,15,0,1790540603.0
7161,4,"{'mechanical': 2, 'ebike': 2}",4,15,0,1790540592.0
7162,2,"{'mechanical': 2, 'ebike': 0}",0,19,2,1790540541.0
7164,11,"{'mechanical': 10, 'ebike': 1}",1,11,0,1790540629.0
7168,36,"{'mechanical': 33, 'ebike': 3}",2,9,0,1790540559.0
7169,7,"{'mechanical': 7, 'ebike': 0}",0,4,0,1790540591.0
7170,1,"{'mechanical': 1, 'ebike': 0}",1,11,2,1790540556.0
7172,16,"{'mechanical': 16, 'ebike': 0}",0,3,0,1790540547.0
7173,10,"{'mechanical': 5, 'ebike': 5}",1,8,0,1790540640.0
7174,3,"{'mechanical': 3, 'ebike': 0}",2,10,0,1790540562.0
7175,15,"{'mechanical': 13, 'ebike': 2}",3,9,0,1790540600.0
7176,9,"{'mechanical': 9, 'ebike': 0}",0,10,0,1790540573.0
7178,1,"{'mechanical': 1, 'ebike': 0}",2,11,1,1790540542.0
7180,0,"{'mechanical': 0, 'ebike': 0}",0,23,0,1790540646.0
7181,0,"{'mechanical': 0, 'ebike': 0}",1,14,0,1790540633.0
7182,0,"{'mechanical': 0, 'ebike': 0}",1,18,0,1790540547.0
7183,1,"{'mechanical': 1, 'ebike': 0}",0,14,0,1790540542.0
7184,5,"{'mechanical': 5, 'ebike': 0}",2,4,0,1790540629.0
7188,1,"{'mechanical': 1, 'ebike': 0}",0,33,1,1790540583.0
7189,9,"{'mechanical': 9, 'ebike': 0}",3,2,1,1790540627.0
7190,8,"{'mechanical': 8, 'ebike': 0}",0,7,0,1790540553.0
7191,1,"{'mechanical': 1, 'ebike': 0}",2,8,0,1790540649.0
7192,2,"{'mechanical': 2, 'ebike': 0}",2,11,0,1790540646.0
7193,6,"{'mechanical': 6, 'ebike': 0}",1,8,0,1790540634.0
7195,0,"{'mechanical': 0, 'ebike': 0}",0,11,0,1790540633.0
7196,0,"{'mechanical': 0, 'ebike': 0}",1,10,0,1790540557.0
7198,10,"{'mechanical': 9, 'ebike': 1}",0,9,0,1790540634.0
7199,4,"{'mechanical': 2, 'ebike': 2}",0,14,1,1790540587.0
7202,7,"{'mechanical': 7, 'ebike': 0}",1,18,1,1790540549.0
7203,26,"{'mechanical': 25, 'ebike': 1}",1,8,0,1790540635.0
7204,0,"{'mechanical': 0, 'ebike': 0}",1,18,0,1790540572.0
7205,1,"{'mechanical': 1, 'ebike': 0}",3,11,0,1790540543.0
7206,1,"{'mechanical': 1, 'ebike': 0}",1,11,0,1790540604.0
7207,25,"{'mechanical': 25, 'ebike': 0}",0,22,0,1790540578.0
7208,0,"{'mechanical': 0, 'ebike': 0}",1,13,1,1790540587.0
7209,8,"{'mechanical': 2, 'ebike': 6}",0,11,0,1790540641.0
7210,0,"{'mechanical': 0, 'ebike': 0}",3,12,0,1790540561.0
7211,16,"{'mechanical': 16, 'ebike': 0}",7,0,0,1790540617.0
7216,4,"{'mechanical': 4, 'ebike': 0}",3,16,0,1790540574.0
7217,7,"{'mechanical': 7, 'ebike': 0}",2,6,0,1790540543.0
7220,10,"{'mechanical': 10, 'ebike': 0}",2,7,0,1790540604.0
7221,1,"{'mechanical': 1, 'ebike': 0}",4,6,0,1790540610.0
7222,23,"{'mechanical': 23, 'ebike': 0}",1,3,0,1790540588.0
7223,3,"{'mechanical': 1, 'ebike': 2}",1,8,0,1790540587.0
7224,1,"{'mechanical': 1, 'ebike': 0}",3,19,0,1790540638.0
7225,8,"{'mechanical': 8, 'ebike': 0}",0,10,0,1790540637.0
7226,12,"{'mechanical': 12, 'ebike': 0}",1,6,0,1790540653.0
7227,10,"{'mechanical': 10, 'ebike': 0}",1,20,0,1790540616.0
7228,16,"{'mechanical': 16, 'ebike': 0}",3,0,0,1790540543.0
7229,3,"{'mechanical': 3, 'ebike': 0}",4,4,0,1790540557.0
7230,17,"{'mechanical': 17, 'ebike': 0}",1,1,0,1790540610.0
7231,3,"{'mechanical': 2, 'ebike': 1}",3,12,0,1790540539.0
7232,8,"{'mechanical': 8, 'ebike': 0}",1,7,0,1790540626.0
7233,7,"{'mechanical': 6, 'ebike': 1}",0,9,0,1790540596.0
7234,4,"{'mechanical': 4, 'ebike': 0}",3,12,0,1790540632.0
7235,1,"{'mechanical': 1, 'ebike': 0}",0,14,1,1790540545.0
7236,6,"{'mechanical': 6, 'ebike': 0}",0,18,0,1790540593.0
7237,0,"{'mechanical': 0, 'ebike': 0}",0,15,0,1790540625.0
7238,3,"{'mechanical': 3, 'ebike': 0}",1,12,0,1790540583.0
7239,7,"{'mechanical': 5, 'ebike': 2}",3,32,0,1790540573.0
7240,1,"{'mechanical': 1, 'ebike': 0}",0,32,1,1790540572.0
7241,2,"{'mechanical': 2, 'ebike': 0}",2,7,0,1790540602.0
7242,1,"{'mechanical': 0, 'ebike': 1}",2,32,0,1790540597.0
7243,3,"{'mechanical': 2, 'ebike': 1}",7,4,0,1790540570.0
7244,11,"{'mechanical': 9, 'ebike': 2}",3,2,0,1790540550.0
7246,2,"{'mechanical': 1, 'ebike': 1}",2,15,0,1790540644.0
7247,7,"{'mechanical': 5, 'ebike': 2}",1,4,0,1790540575.0
7248,6,"{'mechanical': 6, 'ebike': 0}",2,11,1,1790540650.0
7249,16,"{'mechanical': 1, 'ebike': 15}",23,12,0,1790540629.0
7250,8,"{'mechanical': 8, 'ebike': 0}",2,6,0,1790540594.0
7252,1,"{'mechanical': 1, 'ebike': 0}",1,16,0,1790540559.0
7253,6,"{'mechanical': 6, 'ebike': 0}",0,6,0,1790540539.0
7256,9,"{'mechanical': 9, 'ebike': 0}",1,2,0,1790540647.0
7257,1,"{'mechanical': 1, 'ebike': 0}",3,15,0,1790540597.0
7258,14,"{'mechanical': 12, 'ebike': 2}",0,0,1,1790540595.0
7259,18,"{'mechanical': 18, 'ebike': 0}",1,0,0,1790540594.0
7260,13,"{'mechanical': 11, 'ebike': 2}",2,0,0,1790540567.0
7261,20,"{'mechanical': 20, 'ebike': 0}",3,3,0,1790540649.0
7262,1,"{'mechanical': 0, 'ebike': 1}",2,13,0,1790540552.0
7264,3,"{'mechanical': 2, 'ebike': 1}",2,15,0,1790540656.0
7265,0,"{'mechanical': 0, 'ebike': 0}",1,10,1,1790540581.0
7266,2,"{'mechanical': 2, 'ebike': 0}",0,10,0,1790540654.0
7267,0,"{'mechanical': 0, 'ebike': 0}",3,12,0,1790540637.0
7268,6,"{'mechanical': 6, 'ebike': 0}",1,9,0,1790540652.0
7269,9,"{'mechanical': 9, 'ebike': 0}",1,10,0,1790540628.0
7270,3,"{'mechanical': 3, 'ebike': 0}",5,12,0,1790540566.0
7271,0,"{'mechanical': 0, 'ebike': 0}",2,14,1,1790540627.0
7272,3,"{'mechanical': 1, 'ebike': 2}",1,23,0,1790540551.0
7273,3,"{'mechanical': 1, 'ebike': 2}",2,15,0,1790540585.0
7276,2,"{'mechanical': 1, 'ebike': 1}",0,9,0,1790540546.0
7277,0,"{'mechanical': 0, 'ebike': 0}",1,19,0,1790540566.0
7278,9,"{'mechanical': 9, 'ebike': 0}",0,6,0,1790540573.0
7279,0,"{'mechanical': 0, 'ebike': 0}",3,13,0,1790540644.0
7281,9,"{'mechanical': 8, 'ebike': 1}",0,15,0,1790540582.0
7282,20,"{'mechanical': 20, 'ebike': 0}",2,1,0,1790540637.0
7283,9,"{'mechanical': 8, 'ebike': 1}",2,8,0,1790540578.0
7284,8,"{'mechanical': 8, 'ebike': 0}",1,15,0,1790540578.0
7285,1,"{'mechanical': 1, 'ebike': 0}",0,35,0,1790540581.0
7286,9,"{'mechanical': 9, 'ebike': 0}",0,9,0,1790540617.0
7287,16,"{'mechanical': 16, 'ebike': 0}",0,0,0,1790540582.0
7288,13,"{'mechanical': 12, 'ebike': 1}",0,17,1,1790540599.0
7289,8,"{'mechanical': 8, 'ebike': 0}",3,12,0,1790540633.0
7291,12,"{'mechanical': 12, 'ebike': 0}",1,2,0,1790540593.0
7292,0,"{'mechanical': 0, 'ebike': 0}",0,24,0,1790540571.0
7296,0,"{'mechanical': 0, 'ebike': 0}",2,17,0,1790540607.0
7297,3,"{'mechanical': 3, 'ebike': 0}",3,13,0,1790540661.0
7298,23,"{'mechanical': 23, 'ebike': 0}",1,0,0,1790540545.0
7299,13,"{'mechanical': 13, 'ebike': 0}",1,1,0,1790540644.0
7301,0,"{'mechanical': 0, 'ebike': 0}",1,14,0,1790540573.0
7302,0,"{'mechanical': 0, 'ebike': 0}",0,11,0,1790540602.0
7303,27,"{'mechanical': 26, 'ebike': 1}",0,16,0,1790540625.0
7309,13,"{'mechanical': 12, 'ebike': 1}",1,9,0,1790540658.0
7311,4,"{'mechanical': 3, 'ebike': 1}",2,13,0,1790540541.0
7312,7,"{'mechanical': 7, 'ebike': 0}",0,4,0,1790540595.0
7313,13,"{'mechanical': 12, 'ebike': 1}",0,16,0,1790540595.0
7314,1,"{'mechanical': 1, 'ebike': 0}",0,14,0,1790540628.0
7315,5,"{'mechanical': 4, 'ebike': 1}",0,6,0,1790540574.0
7316,15,"{'mechanical': 14, 'ebike': 1}",0,0,0,1790540543.0
7317,38,"{'mechanical': 37, 'ebike': 1}",0,1,0,1790540619.0
7318,26,"{'mechanical': 26, 'ebike': 0}",0,1,0,1790540543.0
7319,8,"{'mechanical': 7, 'ebike': 1}",0,3,0,1790540658.0
7320,14,"{'mechanical': 13, 'ebike': 1}",2,3,0,1790540604.0
7321,9,"{'mechanical': 7, 'ebike': 2}",1,9,0,1790540540.0
7322,0,"{'mechanical': 0, 'ebike': 0}",3,15,1,1790540598.0
7323,15,"{'mechanical': 15, 'ebike': 0}",2,1,1,1790540595.0
7324,15,"{'mechanical': 11, 'ebike': 4}",2,6,0,1790540582.0
7326,0,"{'mechanical': 0, 'ebike': 0}",1,18,0,1790540560.0
7329,17,"{'mechanical': 17, 'ebike': 0}",1,1,0,1790540558.0
7331,1,"{'mechanical': 0, 'ebike': 1}",0,18,0,1790540658.0
7332,0,"{'mechanical': 0, 'ebike': 0}",0,23,0,1790540592.0
7333,10,"{'mechanical': 10, 'ebike': 0}",0,9,0,1790540607.0
7334,11,"{'mechanical': 11, 'ebike': 0}",1,3,0,1790540572.0
7335,2,"{'mechanical': 2, 'ebike': 0}",4,13,0,1790540603.0
7336,19,"{'mechanical': 18, 'ebike': 1}",0,0,0,1790540542.0
7337,20,"{'mechanical': 20, 'ebike': 0}",1,2,0,1790540599.0
7338,0,"{'mechanical': 0, 'ebike': 0}",1,18,0,1790540608.0
7339,0,"{'mechanical': 0, 'ebike': 0}",0,15,0,1790540550.0
7340,6,"{'mechanical': 5, 'ebike': 1}",0,9,0,1790540626.0
7341,13,"{'mechanical': 13, 'ebike': 0}",1,0,0,1790540555.0
7342,5,"{'mechanical': 5, 'ebike': 0}",0,5,0,1790540644.0
7343,35,"{'mechanical': 34, 'ebike': 1}",1,4,1,1790540653.0
7344,26,"{'mechanical': 26, 'ebike': 0}",2,21,0,1790540585.0
7345,20,"{'mechanical': 20, 'ebike': 0}",0,11,0,1790540605.0
7346,15,"{'mechanical': 14, 'ebike': 1}",3,5,0,1790540648.0
7347,1,"{'mechanical': 1, 'ebike': 0}",0,14,0,1790540538.0
7348,1,"{'mechanical': 0, 'ebike': 1}",0,18,0,1790540603.0
7349,1,"{'mechanical': 0, 'ebike': 1}",1,20,1,1790540635.0
7350,2,"{'mechanical': 2, 'ebike': 0}",0,21,0,1790540597.0
7351,2,"{'mechanical': 2, 'ebike': 0}",0,17,0,1790540627.0
7352,1,"{'mechanical': 1, 'ebike': 0}",0,18,0,1790540595.0
7353,5,"{'mechanical': 5, 'ebike': 0}",0,14,0,1790540580.0
7354,19,"{'mechanical': 19, 'ebike': 0}",4,8,0,1790540638.0
7355,1,"{'mechanical': 1, 'ebike': 0}",1,9,0,1790540588.0
7356,16,"{'mechanical': 16, 'ebike': 0}",0,15,0,1790540627.0
7357,12,"{'mechanical': 12, 'ebike': 0}",1,6,0,1790540656.0
7358,8,"{'mechanical': 7, 'ebike': 1}",3,6,0,1790540593.0
7359,4,"{'mechanical': 3, 'ebike': 1}",1,18,0,1790540555.0
7360,0,"{'mechanical': 0, 'ebike': 0}",0,17,0,1790540654.0
7361,0,"{'mechanical': 0, 'ebike': 0}",3,16,0,1790540637.0
7362,0,"{'mechanical': 0, 'ebike': 0}",2,17,0,1790540573.0
7363,0,"{'mechanical': 0, 'ebike': 0}",3,12,0,1790540650.0
7364,33,"{'mechanical': 33, 'ebike': 0}",0,2,0,1790540655.0
7365,42,"{'mechanical': 42, 'ebike': 0}",1,18,0,1790540628.0
7366,6,"{'mechanical': 6, 'ebike': 0}",4,10,0,1790540554.0
7367,0,"{'mechanical': 0, 'ebike': 0}",2,14,0,1790540577.0
7368,2,"{'mechanical': 2, 'ebike': 0}",0,6,0,1790540645.0
7371,2,"{'mechanical': 1, 'ebike': 1}",0,18,0,1790540643.0
7373,14,"{'mechanical': 13, 'ebike': 1}",1,0,0,1790540594.0
7374,16,"{'mechanical': 16, 'ebike': 0}",0,3,0,1790540570.0
7375,10,"{'mechanical': 10, 'ebike': 0}",1,0,0,1790540642.0
7376,3,"{'mechanical': 2, 'ebike': 1}",2,14,0,1790540584.0
7377,1,"{'mechanical': 0, 'ebike': 1}",4,31,0,1790540624.0
7378,3,"{'mechanical': 1, 'ebike': 2}",1,11,0,1790540623.0
7379,0,"{'mechanical': 0, 'ebike': 0}",2,13,0,1790540625.0
7380,6,"{'mechanical': 0, 'ebike': 6}",2,8,0,1790540553.0
7381,1,"{'mechanical': 0, 'ebike': 1}",2,32,0,1790540562.0
7382,3,"{'mechanical': 3, 'ebike': 0}",2,22,0,1790540587.0
7383,4,"{'mechanical': 4, 'ebike': 0}",0,11,0,1790540653.0
7384,1,"{'mechanical': 1, 'ebike': 0}",4,4,0,1790540573.0
7385,0,"{'mechanical': 0, 'ebike': 0}",20,13,0,1790540654.0
7386,1,"{'mechanical': 1, 'ebike': 0}",2,13,0,1790540608.0
7387,2,"{'mechanical': 0, 'ebike': 2}",0,10,0,1790540616.0
7388,6,"{'mechanical': 6, 'ebike': 0}",1,8,0,1790540662.0
7389,4,"{'mechanical': 4, 'ebike': 0}",3,18,0,1790540547.0
7391,18,"{'mechanical': 18, 'ebike': 0}",1,12,0,1790540553.0
7395,0,"{'mechanical': 0, 'ebike': 0}",0,23,0,1790540655.0
7398,1,"{'mechanical': 1, 'ebike': 0}",3,15,0,1790540604.0
7399,4,"{'mechanical': 3, 'ebike': 1}",0,15,0,1790540589.0
7400,7,"{'mechanical': 7, 'ebike': 0}",0,16,0,1790540620.0
7403,4,"{'mechanical': 2, 'ebike': 2}",1,14,0,1790540543.0
7404,0,"{'mechanical': 0, 'ebike': 0}",2,16,1,1790540660.0
7407,8,"{'mechanical': 8, 'ebike': 0}",2,13,0,1790540655.0
7409,0,"{'mechanical': 0, 'ebike': 0}",1,26,0,1790540646.0
7410,0,"{'mechanical': 0, 'ebike': 0}",0,19,0,1790540626.0
7411,22,"{'mechanical': 22, 'ebike': 0}",0,1,0,1790540537.0
7412,1,"{'mechanical': 1, 'ebike': 0}",3,18,1,1790540606.0
7414,0,"{'mechanical': 0, 'ebike': 0}",0,15,0,1790540601.0
7415,3,"{'mechanical': 3, 'ebike': 0}",1,19,0,1790540603.0
7416,13,"{'mechanical': 12, 'ebike': 1}",1,17,0,1790540585.0
7417,9,"{'mechanical': 8, 'ebike': 1}",0,2,0,1790540650.0
7418,1,"{'mechanical': 1, 'ebike': 0}",1,23,0,1790540554.0
7419,0,"{'mechanical': 0, 'ebike': 0}",2,25,0,1790540633.0
7420,5,"{'mechanical': 4, 'ebike': 1}",2,21,0,1790540620.0
7422,4,"{'mechanical': 2, 'ebike': 2}",2,10,0,1790540585.0
7425,19,"{'mechanical': 19, 'ebike': 0}",0,4,0,1790540626.0
7427,30,"{'mechanical': 30, 'ebike': 0}",0,11,0,1790540540.0
7428,36,"{'mechanical': 35, 'ebike': 1}",1,6,0,1790540626.0
7429,1,"{'mechanical': 1, 'ebike': 0}",1,13,0,1790540604.0
7430,4,"{'mechanical': 4, 'ebike': 0}",1,22,0,1790540603.0
7431,24,"{'mechanical': 24, 'ebike': 0}",0,1,0,1790540653.0
7432,11,"{'mechanical': 11, 'ebike': 0}",1,35,0,1790540557.0
7433,12,"{'mechanical': 12, 'ebike': 0}",0,4,0,1790540589.0
7434,23,"{'mechanical': 0, 'ebike': 23}",1,15,0,1790540599.0
7435,1,"{'mechanical': 0, 'ebike': 1}",0,10,0,1790540628.0
7437,0,"{'mechanical': 0, 'ebike': 0}",1,14,0,1790540606.0
7438,2,"{'mechanical': 2, 'ebike': 0}",1,16,0,1790540649.0
7441,2,"{'mechanical': 2, 'ebike': 0}",1,20,0,1790540637.0
7442,1,"{'mechanical': 0, 'ebike': 1}",1,13,0,1790540537.0
7444,0,"{'mechanical': 0, 'ebike': 0}",0,20,0,1790540584.0
7445,16,"{'mechanical': 15, 'ebike': 1}",0,3,0,1790540624.0
7446,24,"{'mechanical': 24, 'ebike': 0}",1,0,0,1790540580.0
7447,0,"{'mechanical': 0, 'ebike': 0}",0,23,0,1790540564.0
7448,0,"{'mechanical': 0, 'ebike': 0}",0,18,1,1790540540.0
7449,2,"{'mechanical': 2, 'ebike': 0}",0,13,0,1790540624.0
7450,4,"{'mechanical': 2, 'ebike': 2}",1,9,1,1790540627.0
7451,2,"{'mechanical': 2, 'ebike': 0}",3,26,0,1790540600.0
7452,0,"{'mechanical': 0, 'ebike': 0}",2,20,1,1790540539.0
7453,1,"{'mechanical': 1, 'ebike': 0}",1,14,1,1790540609.0
7454,0,"{'mechanical': 0, 'ebike': 0}",5,10,0,1790540571.0
7455,1,"{'mechanical': 1, 'ebike': 0}",1,25,0,1790540622.0
7457,0,"{'mechanical': 0, 'ebike': 0}",1,22,0,1790540636.0
7458,6,"{'mechanical': 6, 'ebike': 0}",1,10,0,1790540648.0
7459,0,"{'mechanical': 0, 'ebike': 0}",0,11,0,1790540636.0
7460,0,"{'mechanical': 0, 'ebike': 0}",1,24,2,1790540561.0
7461,7,"{'mechanical': 5, 'ebike': 2}",3,13,0,1790540616.0
7462,3,"{'mechanical': 2, 'ebike': 1}",2,12,0,1790540663.0
7465,2,"{'mechanical': 1, 'ebike': 1}",4,13,0,1790540565.0
7466,0,"{'mechanical': 0, 'ebike': 0}",3,16,0,1790540563.0
7467,5,"{'mechanical': 5, 'ebike': 0}",0,10,0,1790540652.0
7468,21,"{'mechanical': 21, 'ebike': 0}",1,5,0,1790540537.0
7469,12,"{'mechanical': 11, 'ebike': 1}",1,10,0,1790540562.0
7471,8,"{'mechanical': 8, 'ebike': 0}",0,7,0,1790540591.0
7473,0,"{'mechanical': 0, 'ebike': 0}",5,10,0,1790540568.0
7474,21,"{'mechanical': 20, 'ebike': 1}",2,0,0,1790540544.0
7475,4,"{'mechanical': 3, 'ebike': 1}",3,12,0,1790540606.0
7476,0,"{'mechanical': 0, 'ebike': 0}",1,14,0,1790540638.0
7477,3,"{'mechanical': 0, 'ebike': 3}",1,16,0,1790540553.0
7478,13,"{'mechanical': 13, 'ebike': 0}",1,5,0,1790540640.0
7480,9,"{'mechanical': 7, 'ebike': 2}",1,5,0,1790540632.0
7483,2,"{'mechanical': 1, 'ebike': 1}",0,10,0,1790540577.0
7484,5,"{'mechanical': 0, 'ebike': 5}",2,9,0,1790540544.0
7485,0,"{'mechanical': 0, 'ebike': 0}",0,15,0,1790540550.0
7486,0,"{'mechanical': 0, 'ebike': 0}",0,22,0,1790540581.0
7487,8,"{'mechanical': 7, 'ebike': 1}",0,7,0,1790540596.0
7488,1,"{'mechanical': 0, 'ebike': 1}",2,8,0,1790540561.0
7489,2,"{'mechanical': 2, 'ebike': 0}",1,16,0,1790540576.0
7492,11,"{'mechanical': 10, 'ebike': 1}",0,4,0,1790540610.0
7493,9,"{'mechanical': 9, 'ebike': 0}",0,3,0,1790540581.0
7494,1,"{'mechanical': 0, 'ebike': 1}",3,8,0,1790540646.0
7496,14,"{'mechanical': 14, 'ebike': 0}",2,4,0,1790540651.0
7497,2,"{'mechanical': 2, 'ebike': 0}",2,16,0,1790540616.0
7501,0,"{'mechanical': 0, 'ebike': 0}",0,20,0,1790540627.0
7502,1,"{'mechanical': 1, 'ebike': 0}",3,16,0,1790540619.0
7503,0,"{'mechanical': 0, 'ebike': 0}",0,20,0,1790540612.0
7504,3,"{'mechanical': 3, 'ebike': 0}",0,13,0,1790540576.0
7505,4,"{'mechanical': 4, 'ebike': 0}",1,15,0,1790540583.0
7506,10,"{'mechanical': 10, 'ebike': 0}",0,2,0,1790540590.0
7508,1,"{'mechanical': 1, 'ebike': 0}",1,18,0,1790540587.0
7514,44,"{'mechanical': 44, 'ebike': 0}",2,17,0,1790540656.0
7515,23,"{'mechanical': 21, 'ebike': 2}",1,3,0,1790540640.0
7516,11,"{'mechanical': 11, 'ebike': 0}",2,4,0,1790540609.0
7517,22,"{'mechanical': 20, 'ebike': 2}",0,1,0,1790540569.0
7518,12,"{'mechanical': 12, 'ebike': 0}",1,13,1,1790540591.0
7520,0,"{'mechanical': 0, 'ebike': 0}",1,14,0,1790540544.0
7521,0,"{'mechanical': 0, 'ebike': 0}",1,22,0,1790540626.0
7522,1,"{'mechanical': 0, 'ebike': 1}",1,15,0,1790540562.0
7523,2,"{'mechanical': 2, 'ebike': 0}",0,13,0,1790540624.0
7524,0,"{'mechanical': 0, 'ebike': 0}",3,32,0,1790540610.0
7526,7,"{'mechanical': 1, 'ebike': 6}",0,16,0,1790540579.0
7527,4,"{'mechanical': 4, 'ebike': 0}",0,15,0,1790540626.0
7528,1,"{'mechanical': 1, 'ebike': 0}",3,13,0,1790540597.0
7529,1,"{'mechanical': 0, 'ebike': 1}",0,14,0,1790540655.0
7530,4,"{'mechanical': 3, 'ebike': 1}",1,17,0,1790540623.0
7531,0,"{'mechanical': 0, 'ebike': 0}",1,19,0,1790540580.0
7533,20,"{'mechanical': 20, 'ebike': 0}",3,4,0,1790540610.0
7534,8,"{'mechanical': 7, 'ebike': 1}",1,6,0,1790540627.0
7536,4,"{'mechanical': 4, 'ebike': 0}",1,18,0,1790540590.0
7537,2,"{'mechanical': 2, 'ebike': 0}",4,10,0,1790540638.0
7538,0,"{'mechanical': 0, 'ebike': 0}",1,18,0,1790540565.0
7539,4,"{'mechanical': 4, 'ebike': 0}",1,14,0,1790540581.0
7540,0,"{'mechanical': 0, 'ebike': 0}",0,16,3,1790540546.0
7541,2,"{'mechanical': 2, 'ebike': 0}",3,15,0,1790540629.0
7542,3,"{'mechanical': 2, 'ebike': 1}",0,20,0,1790540622.0
7543,13,"{'mechanical': 13, 'ebike': 0}",0,2,0,1790540568.0
7545,4,"{'mechanical': 4, 'ebike': 0}",0,11,0,1790540596.0
7546,1,"{'mechanical': 0, 'ebike': 1}",2,15,0,1790540565.0
7547,4,"{'mechanical': 4, 'ebike': 0}",0,11,0,1790540587.0
7548,0,"{'mechanical': 0, 'ebike': 0}",6,14,0,1790540580.0
7549,4,"{'mechanical': 2, 'ebike': 2}",1,42,0,1790540568.0
7551,7,"{'mechanical': 7, 'ebike': 0}",1,7,0,1790540597.0
7552,3,"{'mechanical': 3, 'ebike': 0}",1,13,2,1790540617.0
7553,5,"{'mechanical': 2, 'ebike': 3}",0,14,0,1790540636.0
7554,11,"{'mechanical': 11, 'ebike': 0}",1,15,0,1790540652.0
7555,2,"{'mechanical': 2, 'ebike': 0}",0,17,1,1790540567.0
7556,17,"{'mechanical': 15, 'ebike': 2}",2,12,0,1790540568.0
7557,18,"{'mechanical': 18, 'ebike': 0}",0,5,0,1790540635.0
7558,16,"{'mechanical': 16, 'ebike': 0}",2,1,0,1790540598.0
7559,12,"{'mechanical': 11, 'ebike': 1}",0,3,0,1790540556.0
7561,1,"{'mechanical': 1, 'ebike': 0}",0,14,0,1790540628.0
7562,0,"{'mechanical': 0, 'ebike': 0}",1,22,0,1790540555.0
7563,12,"{'mechanical': 10, 'ebike': 2}",0,7,0,1790540545.0
7564,3,"{'mechanical': 2, 'ebike': 1}",0,20,0,1790540618.0
7565,1,"{'mechanical': 0, 'ebike': 1}",1,21,0,1790540618.0
7566,0,"{'mechanical': 0, 'ebike': 0}",1,18,0,1790540540.0
7567,5,"{'mechanical': 5, 'ebike': 0}",0,22,0,1790540614.0
7568,3,"{'mechanical': 2, 'ebike': 1}",2,21,1,1790540618.0
7569,74,"{'mechanical': 74, 'ebike': 0}",5,7,1,1790540617.0
7570,6,"{'mechanical': 6, 'ebike': 0}",3,8,0,1790540554.0
7571,19,"{'mechanical': 19, 'ebike': 0}",0,0,0,1790540555.0
7572,1,"{'mechanical': 1, 'ebike': 0}",0,14,0,1790540643.0
7575,1,"{'mechanical': 1, 'ebike': 0}",0,14,0,1790540569.0
7576,12,"{'mechanical': 12, 'ebike': 0}",0,11,0,1790540653.0
7577,0,"{'mechanical': 0, 'ebike': 0}",2,25,0,1790540651.0
7578,3,"{'mechanical': 3, 'ebike': 0}",5,7,0,1790540561.0
7579,3,"{'mechanical': 1, 'ebike': 2}",2,14,0,1790540562.0
7580,8,"{'mechanical': 7, 'ebike': 1}",0,7,0,1790540638.0
7581,1,"{'mechanical': 0, 'ebike': 1}",0,14,0,1790540593.0
7582,0,"{'mechanical': 0, 'ebike': 0}",0,16,0,1790540654.0
7583,3,"{'mechanical': 1, 'ebike': 2}",0,20,0,1790540641.0
7584,1,"{'mechanical': 1, 'ebike': 0}",0,26,0,1790540652.0
7587,4,"{'mechanical': 4, 'ebike': 0}",0,14,1,1790540625.0
7588,1,"{'mechanical': 0, 'ebike': 1}",1,17,0,1790540584.0
7589,3,"{'mechanical': 3, 'ebike': 0}",3,9,0,1790540552.0
7590,3,"{'mechanical': 3, 'ebike': 0}",0,20,0,1790540638.0
7591,0,"{'mechanical': 0, 'ebike': 0}",4,19,0,1790540547.0
7593,4,"{'mechanical': 4, 'ebike': 0}",0,23,0,1790540637.0
7594,10,"{'mechanical': 4, 'ebike': 6}",2,3,0,1790540644.0
7595,1,"{'mechanical': 0, 'ebike': 1}",1,13,0,1790540597.0
7596,1,"{'mechanical': 0, 'ebike': 1}",0,31,0,1790540649.0
7597,0,"{'mechanical': 0, 'ebike': 0}",0,15,0,1790540629.0
7598,0,"{'mechanical': 0, 'ebike': 0}",0,14,1,1790540641.0
7599,1,"{'mechanical': 1, 'ebike': 0}",3,12,0,1790540540.0
7600,2,"{'mechanical': 1, 'ebike': 1}",0,18,0,1790540663.0
7601,1,"{'mechanical': 1, 'ebike': 0}",3,20,1,1790540547.0
7602,2,"{'mechanical': 2, 'ebike': 0}",0,17,0,1790540587.0
7603,4,"{'mechanical': 3, 'ebike': 1}",1,9,0,1790540618.0
7604,2,"{'mechanical': 2, 'ebike': 0}",0,17,0,1790540560.0
7605,3,"{'mechanical': 1, 'ebike': 2}",0,17,0,1790540575.0
7606,3,"{'mechanical': 2, 'ebike': 1}",1,15,0,1790540622.0
7607,9,"{'mechanical': 9, 'ebike': 0}",0,9,1,1790540540.0
7608,0,"{'mechanical': 0, 'ebike': 0}",0,27,0,1790540630.0
7609,0,"{'mechanical': 0, 'ebike': 0}",0,27,0,1790540626.0
7610,1,"{'mechanical': 0, 'ebike': 1}",0,14,0,1790540662.0
7611,6,"{'mechanical': 6, 'ebike': 0}",0,13,0,1790540553.0
7612,2,"{'mechanical': 1, 'ebike': 1}",1,16,0,1790540601.0
7613,1,"{'mechanical': 1, 'ebike': 0}",0,16,2,1790540576.0
7614,4,"{'mechanical': 4, 'ebike': 0}",0,19,0,1790540551.0
7615,10,"{'mechanical': 10, 'ebike': 0}",1,8,0,1790540637.0
7616,4,"{'mechanical': 4, 'ebike': 0}",0,15,0,1790540622.0
7617,0,"{'mechanical': 0, 'ebike': 0}",0,18,1,1790540626.0
7618,1,"{'mechanical': 1, 'ebike': 0}",0,10,0,1790540562.0
7619,0,"{'mechanical': 0, 'ebike': 0}",1,14,0,1790540641.0
7620,4,"{'mechanical': 0, 'ebike': 4}",1,26,0,1790540637.0
7622,17,"{'mechanical': 15, 'ebike': 2}",0,6,0,1790540635.0
7623,3,"{'mechanical': 2, 'ebike': 1}",2,14,0,1790540649.0
7624,0,"{'mechanical': 0, 'ebike': 0}",0,11,0,1790540619.0
7625,0,"{'mechanical': 0, 'ebike': 0}",0,23,0,1790540554.0
7626,1,"{'mechanical': 1, 'ebike': 0}",2,22,0,1790540622.0
7627,3,"{'mechanical': 3, 'ebike': 0}",0,12,0,1790540606.0
7629,6,"{'mechanical': 4, 'ebike': 2}",0,9,0,1790540544.0
7630,6,"{'mechanical': 6, 'ebike': 0}",1,16,0,1790540656.0
7631,14,"{'mechanical': 14, 'ebike': 0}",0,1,0,1790540633.0
7632,1,"{'mechanical': 0, 'ebike': 1}",3,13,0,1790540570.0
7633,11,"{'mechanical': 11, 'ebike': 0}",2,2,0,1790540600.0
7635,2,"{'mechanical': 1, 'ebike': 1}",3,10,0,1790540649.0
7636,8,"{'mechanical': 7, 'ebike': 1}",0,15,0,1790540648.0
7637,2,"{'mechanical': 1, 'ebike': 1}",1,15,1,1790540620.0
7639,7,"{'mechanical': 7, 'ebike': 0}",3,6,0,1790540656.0
7640,1,"{'mechanical': 0, 'ebike': 1}",2,10,2,1790540578.0
7641,1,"{'mechanical': 0, 'ebike': 1}",0,14,0,1790540635.0
7642,0,"{'mechanical': 0, 'ebike': 0}",3,16,0,1790540551.0
7643,1,"{'mechanical': 0, 'ebike': 1}",0,18,0,1790540592.0
7644,0,"{'mechanical': 0, 'ebike': 0}",0,15,0,1790540586.0
7645,0,"{'mechanical': 0, 'ebike': 0}",0,16,0,1790540545.0
7646,5,"{'mechanical': 5, 'ebike': 0}",0,10,0,1790540539.0
7650,0,"{'mechanical': 0, 'ebike': 0}",5,18,0,1790540626.0
7653,4,"{'mechanical': 4, 'ebike': 0}",2,9,0,1790540570.0
7654,1,"{'mechanical': 0, 'ebike': 1}",0,6,0,1790540655.0
7655,3,"{'mechanical': 1, 'ebike': 2}",1,11,0,1790540567.0
7656,8,"{'mechanical': 6, 'ebike': 2}",2,1,0,1790540645.0
7657,19,"{'mechanical': 19, 'ebike': 0}",0,1,0,1790540633.0
7658,20,"{'mechanical': 20, 'ebike': 0}",5,2,0,1790540616.0
7659,0,"{'mechanical': 0, 'ebike': 0}",1,18,0,1790540569.0
7660,30,"{'mechanical': 28, 'ebike': 2}",0,9,0,1790540603.0
7662,14,"{'mechanical': 14, 'ebike': 0}",1,4,0,1790540543.0
7663,5,"{'mechanical': 3, 'ebike': 2}",3,9,0,1790540622.0
7664,5,"{'mechanical': 5, 'ebike': 0}",1,9,0,1790540656.0
7665,3,"{'mechanical': 3, 'ebike': 0}",0,8,0,1790540616.0
7666,0,"{'mechanical': 0, 'ebike': 0}",2,22,2,1790540628.0
7667,0,"{'mechanical': 0, 'ebike': 0}",3,12,0,1790540632.0
7668,0,"{'mechanical': 0, 'ebike': 0}",3,17,0,1790540617.0
7671,1,"{'mechanical': 0, 'ebike': 1}",1,10,0,1790540565.0
7675,2,"{'mechanical': 2, 'ebike': 0}",1,11,1,1790540662.0
7676,0,"{'mechanical': 0, 'ebike': 0}",0,16,0,1790540581.0
7677,2,"{'mechanical': 1, 'ebike': 1}",1,12,0,1790540581.0
7678,1,"{'mechanical': 1, 'ebike': 0}",1,14,0,1790540563.0
7679,0,"{'mechanical': 0, 'ebike': 0}",1,14,0,1790540621.0
7681,5,"{'mechanical': 0, 'ebike': 5}",11,8,0,1790540643.0
7682,32,"{'mechanical': 29, 'ebike': 3}",0,3,0,1790540619.0
7684,4,"{'mechanical': 4, 'ebike': 0}",1,18,0,1790540618.0
7685,17,"{'mechanical': 16, 'ebike': 1}",5,1,0,1790540546.0
7686,15,"{'mechanical': 15, 'ebike': 0}",0,0,0,1790540584.0
7687,2,"{'mechanical': 2, 'ebike': 0}",2,8,0,1790540640.0
7688,3,"{'mechanical': 3, 'ebike': 0}",1,11,0,1790540548.0
7691,0,"{'mechanical': 0, 'ebike': 0}",2,15,2,1790540651.0
7692,23,"{'mechanical': 22, 'ebike': 1}",2,2,0,1790540601.0
7693,2,"{'mechanical': 2, 'ebike': 0}",0,21,0,1790540585.0
7694,2,"{'mechanical': 0, 'ebike': 2}",0,17,0,1790540622.0
7695,19,"{'mechanical': 16, 'ebike': 3}",0,0,0,1790540575.0
7696,11,"{'mechanical': 11, 'ebike': 0}",0,8,0,1790540609.0
7698,6,"{'mechanical': 6, 'ebike': 0}",0,8,0,1790540553.0
7699,0,"{'mechanical': 0, 'ebike': 0}",2,13,0,1790540601.0
7700,2,"{'mechanical': 0, 'ebike': 2}",0,13,0,1790540554.0
7701,3,"{'mechanical': 3, 'ebike': 0}",0,15,1,1790540642.0
7702,7,"{'mechanical': 7, 'ebike': 0}",1,10,0,1790540586.0
7704,4,"{'mechanical': 3, 'ebike': 1}",1,14,0,1790540572.0
7705,8,"{'mechanical': 8, 'ebike': 0}",0,11,0,1790540593.0
7706,11,"{'mechanical': 8, 'ebike': 3}",1,14,1,1790540573.0
7707,13,"{'mechanical': 13, 'ebike': 0}",0,6,0,1790540553.0
7708,17,"{'mechanical': 2, 'ebike': 15}",5,6,0,1790540616.0
7709,3,"{'mechanical': 2, 'ebike': 1}",0,20,0,1790540612.0
7710,1,"{'mechanical': 1, 'ebike': 0}",5,9,0,1790540592.0
7711,0,"{'mechanical': 0, 'ebike': 0}",2,13,0,1790540591.0
7712,21,"{'mechanical': 21, 'ebike': 0}",1,0,1,1790540608.0
7713,6,"{'mechanical': 5, 'ebike': 1}",2,11,0,1790540550.0
7715,1,"{'mechanical': 1, 'ebike': 0}",0,10,0,1790540565.0
7716,17,"{'mechanical': 14, 'ebike': 3}",2,0,0,1790540656.0
7717,11,"{'mechanical': 11, 'ebike': 0}",0,0,0,1790540559.0
7718,6,"{'mechanical': 6, 'ebike': 0}",1,3,1,1790540565.0
7720,26,"{'mechanical': 25, 'ebike': 1}",2,3,0,1790540581.0
7721,7,"{'mechanical': 7, 'ebike': 0}",0,4,0,1790540605.0
7725,4,"{'mechanical': 2, 'ebike': 2}",1,10,0,1790540610.0
7728,5,"{'mechanical': 2, 'ebike': 3}",0,14,0,1790540617.0
7729,22,"{'mechanical': 7, 'ebike': 15}",3,20,0,1790540547.0
7730,33,"{'mechanical': 14, 'ebike': 19}",4,6,0,1790540553.0
7731,3,"{'mechanical': 0, 'ebike': 3}",1,11,0,1790540537.0
7732,6,"{'mechanical': 6, 'ebike': 0}",0,9,0,1790540544.0
7733,5,"{'mechanical': 5, 'ebike': 0}",0,10,0,1790540604.0
7734,1,"{'mechanical': 1, 'ebike': 0}",0,14,0,1790540652.0
7735,2,"{'mechanical': 0, 'ebike': 2}",0,13,0,1790540583.0
7736,2,"{'mechanical': 1, 'ebike': 1}",0,13,0,1790540620.0
7737,3,"{'mechanical': 3, 'ebike': 0}",0,12,0,1790540658.0
7738,0,"{'mechanical': 0, 'ebike': 0}",1,14,0,1790540629.0
7739,1,"{'mechanical': 1, 'ebike': 0}",1,13,0,1790540557.0
7740,3,"{'mechanical': 3, 'ebike': 0}",0,12,0,1790540560.0
7741,1,"{'mechanical': 1, 'ebike': 0}",1,13,0,1790540577.0
7742,0,"{'mechanical': 0, 'ebike': 0}",0,19,0,1790540544.0
7743,0,"{'mechanical': 0, 'ebike': 0}",3,16,0,1790540555.0
7744,0,"{'mechanical': 0, 'ebike': 0}",0,23,0,1790540565.0
7745,7,"{'mechanical': 7, 'ebike': 0}",0,8,0,1790540652.0
7746,0,"{'mechanical': 0, 'ebike': 0}",1,17,1,1790540613.0
7747,1,"{'mechanical': 0, 'ebike': 1}",1,13,0,1790540575.0
7748,5,"{'mechanical': 5, 'ebike': 0}",1,13,0,1790540597.0
7749,2,"{'mechanical': 2, 'ebike': 0}",0,13,0,1790540575.0
7750,0,"{'mechanical': 0, 'ebike': 0}",0,15,0,1790540572.0
7751,5,"{'mechanical': 4, 'ebike': 1}",1,9,0,1790540659.0
7752,15,"{'mechanical': 15, 'ebike': 0}",0,8,0,1790540604.0
7753,6,"{'mechanical': 5, 'ebike': 1}",2,7,0,1790540581.0
7754,1,"{'mechanical': 1, 'ebike': 0}",2,11,0,1790540609.0
7755,7,"{'mechanical': 7, 'ebike': 0}",0,8,0,1790540605.0
7756,5,"{'mechanical': 5, 'ebike': 0}",0,14,0,1790540646.0
7757,16,"{'mechanical': 13, 'ebike': 3}",2,0,0,1790540592.0
7758,6,"{'mechanical': 6, 'ebike': 0}",0,13,0,1790540559.0
7759,13,"{'mechanical': 13, 'ebike': 0}",0,2,0,1790540543.0
7760,2,"{'mechanical': 1, 'ebike': 1}",3,18,0,1790540611.0
7761,1,"{'mechanical': 1, 'ebike': 0}",0,14,0,1790540594.0
7762,2,"{'mechanical': 1, 'ebike': 1}",1,11,0,1790540564.0
7765,1,"{'mechanical': 1, 'ebike': 0}",0,14,0,1790540603.0
7766,7,"{'mechanical': 5, 'ebike': 2}",1,7,0,1790540633.0
7767,6,"{'mechanical': 6, 'ebike': 0}",0,5,0,1790540549.0
7768,5,"{'mechanical': 5, 'ebike': 0}",3,6,0,1790540597.0
7769,2,"{'mechanical': 2, 'ebike': 0}",1,12,0,1790540654.0
7770,16,"{'mechanical': 16, 'ebike': 0}",1,6,0,1790540561.0
7771,0,"{'mechanical': 0, 'ebike': 0}",2,9,0,1790540624.0
7772,10,"{'mechanical': 10, 'ebike': 0}",0,5,0,1790540626.0
7773,0,"{'mechanical': 0, 'ebike': 0}",0,13,1,1790540636.0
7774,0,"{'mechanical': 0, 'ebike': 0}",0,15,0,1790540560.0
7775,2,"{'mechanical': 1, 'ebike': 1}",0,9,0,1790540578.0
7776,0,"{'mechanical': 0, 'ebike': 0}",0,19,0,1790540566.0
7777,10,"{'mechanical': 9, 'ebike': 1}",0,4,1,1790540604.0
7778,3,"{'mechanical': 3, 'ebike': 0}",1,7,0,1790540611.0
7779,1,"{'mechanical': 0, 'ebike': 1}",1,13,0,1790540642.0
7780,1,"{'mechanical': 0, 'ebike': 1}",1,14,0,1790540594.0
7781,0,"{'mechanical': 0, 'ebike': 0}",2,13,0,1790540604.0
7782,0,"{'mechanical': 0, 'ebike': 0}",0,20,0,1790540551.0
7783,5,"{'mechanical': 5, 'ebike': 0}",0,15,0,1790540584.0
7784,8,"{'mechanical': 8, 'ebike': 0}",0,11,0,1790540639.0
7785,3,"{'mechanical': 3, 'ebike': 0}",1,12,0,1790540561.0
7787,28,"{'mechanical': 27, 'ebike': 1}",3,0,0,1790540564.0
7788,38,"{'mechanical': 38, 'ebike': 0}",2,9,0,1790540628.0
7789,3,"{'mechanical': 0, 'ebike': 3}",3,17,0,1790540636.0
7790,3,"{'mechanical': 2, 'ebike': 1}",2,11,1,1790540652.0
7791,11,"{'mechanical': 10, 'ebike': 1}",1,3,0,1790540564.0
7792,0,"{'mechanical': 0, 'ebike': 0}",1,14,0,1790540631.0
7796,0,"{'mechanical': 0, 'ebike': 0}",0,19,0,1790540660.0
7798,2,"{'mechanical': 2, 'ebike': 0}",0,13,0,1790540550.0
7799,2,"{'mechanical': 1, 'ebike': 1}",0,13,0,1790540611.0
7800,3,"{'mechanical': 2, 'ebike': 1}",0,16,0,1790540564.0
7801,3,"{'mechanical': 3, 'ebike': 0}",1,11,0,1790540557.0
7802,5,"{'mechanical': 4, 'ebike': 1}",3,4,0,1790540588.0
7803,2,"{'mechanical': 1, 'ebike': 1}",1,16,0,1790540642.0
7804,2,"{'mechanical': 0, 'ebike': 2}",0,11,0,1790540615.0
7805,1,"{'mechanical': 1, 'ebike': 0}",0,18,0,1790540553.0
7806,1,"{'mechanical': 0, 'ebike': 1}",1,13,0,1790540576.0
7807,0,"{'mechanical': 0, 'ebike': 0}",0,15,0,1790540545.0
7808,0,"{'mechanical': 0, 'ebike': 0}",0,15,0,1790540590.0
7809,2,"{'mechanical': 0, 'ebike': 2}",1,16,0,1790540611.0
7810,0,"{'mechanical': 0, 'ebike': 0}",1,14,0,1790540594.0
7811,13,"{'mechanical': 13, 'ebike': 0}",3,3,0,1790540578.0
7812,7,"{'mechanical': 7, 'ebike': 0}",0,12,0,1790540567.0
7813,2,"{'mechanical': 2, 'ebike': 0}",2,19,0,1790540659.0
7814,4,"{'mechanical': 4, 'ebike': 0}",0,11,0,1790540560.0
7815,5,"{'mechanical': 2, 'ebike': 3}",0,9,1,1790540575.0
7816,25,"{'mechanical': 24, 'ebike': 1}",0,29,1,1790540624.0
7817,11,"{'mechanical': 9, 'ebike': 2}",1,3,0,1790540594.0
7818,1,"{'mechanical': 0, 'ebike': 1}",3,15,0,1790540565.0
7819,1,"{'mechanical': 0, 'ebike': 1}",2,12,0,1790540615.0
7820,0,"{'mechanical': 0, 'ebike': 0}",0,15,0,1790540632.0
7821,14,"{'mechanical': 14, 'ebike': 0}",2,4,0,1790540590.0
7822,19,"{'mechanical': 17, 'ebike': 2}",0,0,0,1790540561.0
7823,0,"{'mechanical': 0, 'ebike': 0}",3,7,1,1790540651.0
7824,1,"{'mechanical': 1, 'ebike': 0}",0,18,0,1790540618.0
7825,1,"{'mechanical': 1, 'ebike': 0}",1,12,0,1790540542.0
7826,5,"{'mechanical': 5, 'ebike': 0}",1,9,0,1790540598.0
7827,1,"{'mechanical': 0, 'ebike': 1}",0,14,0,1790540655.0
7828,2,"{'mechanical': 2, 'ebike': 0}",0,9,0,1790540623.0
7830,2,"{'mechanical': 2, 'ebike': 0}",0,13,0,1790540553.0
7831,10,"{'mechanical': 10, 'ebike': 0}",0,9,0,1790540560.0
7832,15,"{'mechanical': 14, 'ebike': 1}",1,3,0,1790540619.0
7833,0,"{'mechanical': 0, 'ebike': 0}",0,15,0,1790540563.0
7834,1,"{'mechanical': 0, 'ebike': 1}",0,14,0,1790540572.0
7835,3,"{'mechanical': 0, 'ebike': 3}",0,16,0,1790540605.0
7836,1,"{'mechanical': 0, 'ebike': 1}",0,18,0,1790540555.0
7837,1,"{'mechanical': 1, 'ebike': 0}",0,18,0,1790540571.0
7838,12,"{'mechanical': 11, 'ebike': 1}",2,5,0,1790540645.0
7839,5,"{'mechanical': 5, 'ebike': 0}",1,5,0,1790540561.0
7840,1,"{'mechanical': 1, 'ebike': 0}",0,14,0,1790540621.0
7841,1,"{'mechanical': 1, 'ebike': 0}",1,13,0,1790540550.0
7842,10,"{'mechanical': 10, 'ebike': 0}",0,1,0,1790540637.0
7843,13,"{'mechanical': 11, 'ebike': 2}",2,0,0,1790540573.0
7844,8,"{'mechanical': 8, 'ebike': 0}",3,4,0,1790540568.0
7845,14,"{'mechanical': 12, 'ebike': 2}",0,1,0,1790540663.0
7846,1,"{'mechanical': 1, 'ebike': 0}",3,11,0,1790540644.0
7848,0,"{'mechanical': 0, 'ebike': 0}",3,20,0,1790540637.0
7849,2,"{'mechanical': 2, 'ebike': 0}",0,13,0,1790540569.0
7850,12,"{'mechanical': 12, 'ebike': 0}",1,2,1,1790540579.0
7851,0,"{'mechanical': 0, 'ebike': 0}",2,13,0,1790540659.0
7852,9,"{'mechanical': 8, 'ebike': 1}",0,14,0,1790540603.0
7853,12,"{'mechanical': 12, 'ebike': 0}",0,3,0,1790540658.0
7854,0,"{'mechanical': 0, 'ebike': 0}",0,19,0,1790540627.0
7855,3,"{'mechanical': 3, 'ebike': 0}",1,11,0,1790540563.0
7856,2,"{'mechanical': 2, 'ebike': 0}",0,13,0,1790540572.0
7857,1,"{'mechanical': 1, 'ebike': 0}",0,18,0,1790540609.0
7858,3,"{'mechanical': 1, 'ebike': 2}",1,19,0,1790540603.0
7859,4,"{'mechanical': 4, 'ebike': 0}",0,11,0,1790540631.0
7860,4,"{'mechanical': 4, 'ebike': 0}",1,10,0,1790540622.0
7861,1,"{'mechanical': 1, 'ebike': 0}",0,18,0,1790540645.0
7862,2,"{'mechanical': 1, 'ebike': 1}",0,13,0,1790540587.0
7863,2,"{'mechanical': 0, 'ebike': 2}",0,12,1,1790540564.0
7864,4,"{'mechanical': 3, 'ebike': 1}",2,9,0,1790540639.0
7865,1,"{'mechanical': 0, 'ebike': 1}",6,36,0,1790540565.0
7866,12,"{'mechanical': 1, 'ebike': 11}",2,9,0,1790540643.0
7867,0,"{'mechanical': 0, 'ebike': 0}",2,13,0,1790540568.0
7868,2,"{'mechanical': 2, 'ebike': 0}",0,16,1,1790540557.0
7869,6,"{'mechanical': 6, 'ebike': 0}",0,9,0,1790540651.0
7870,4,"{'mechanical': 3, 'ebike': 1}",0,11,0,1790540556.0
7871,2,"{'mechanical': 2, 'ebike': 0}",0,12,0,1790540623.0
7872,5,"{'mechanical': 5, 'ebike': 0}",0,10,0,1790540590.0
7874,1,"{'mechanical': 1, 'ebike': 0}",1,13,0,1790540622.0
7875,6,"{'mechanical': 6, 'ebike': 0}",0,9,0,1790540570.0
7877,7,"{'mechanical': 7, 'ebike': 0}",0,8,0,1790540563.0
7878,1,"{'mechanical': 1, 'ebike': 0}",0,14,0,1790540556.0
7880,8,"{'mechanical': 8, 'ebike': 0}",1,6,0,1790540615.0
7883,2,"{'mechanical': 2, 'ebike': 0}",0,9,0,1790540642.0
7884,5,"{'mechanical': 5, 'ebike': 0}",0,10,0,1790540579.0
7885,10,"{'mechanical': 9, 'ebike': 1}",1,0,0,1790540662.0
7887,16,"{'mechanical': 10, 'ebike': 6}",7,20,1,1790540573.0
7888,4,"{'mechanical': 2, 'ebike': 2}",0,11,0,1790540660.0
7889,10,"{'mechanical': 9, 'ebike': 1}",0,9,0,1790540619.0
7890,0,"{'mechanical': 0, 'ebike': 0}",1,22,0,1790540562.0
7891,1,"{'mechanical': 1, 'ebike': 0}",0,18,0,1790540603.0
7893,0,"{'mechanical': 0, 'ebike': 0}",0,19,0,1790540609.0
7894,2,"{'mechanical': 1, 'ebike': 1}",1,12,0,1790540657.0
7895,0,"{'mechanical': 0, 'ebike': 0}",0,15,0,1790540576.0
7896,1,"{'mechanical': 0, 'ebike': 1}",1,13,0,1790540588.0
7897,5,"{'mechanical': 3, 'ebike': 2}",0,10,0,1790540651.0
7899,0,"{'mechanical': 0, 'ebike': 0}",1,22,0,1790540644.0
7900,0,"{'mechanical': 0, 'ebike': 0}",0,11,0,1790540589.0
7901,3,"{'mechanical': 3, 'ebike': 0}",1,7,0,1790540609.0
7902,1,"{'mechanical': 0, 'ebike': 1}",0,14,0,1790540544.0
7903,2,"{'mechanical': 1, 'ebike': 1}",2,11,0,1790540584.0
7904,1,"{'mechanical': 1, 'ebike': 0}",0,10,0,1790540605.0
7906,10,"{'mechanical': 10, 'ebike': 0}",3,1,0,1790540652.0
7907,7,"{'mechanical': 5, 'ebike': 2}",20,14,0,1790540650.0
7909,0,"{'mechanical': 0, 'ebike': 0}",0,23,0,1790540581.0
7910,0,"{'mechanical': 0, 'ebike': 0}",1,14,0,1790540557.0
7911,2,"{'mechanical': 2, 'ebike': 0}",0,17,0,1790540581.0
7912,1,"{'mechanical': 0, 'ebike': 1}",0,18,0,1790540635.0
7913,18,"{'mechanical': 18, 'ebike': 0}",0,17,0,1790540587.0
7914,5,"{'mechanical': 5, 'ebike': 0}",1,21,0,1790540596.0
7915,9,"{'mechanical': 6, 'ebike': 3}",2,3,1,1790540552.0
7916,18,"{'mechanical': 18, 'ebike': 0}",0,1,0,1790540561.0
7917,8,"{'mechanical': 8, 'ebike': 0}",1,30,0,1790540654.0
7918,4,"{'mechanical': 4, 'ebike': 0}",1,10,0,1790540566.0
7919,7,"{'mechanical': 3, 'ebike': 4}",0,12,0,1790540607.0
7920,5,"{'mechanical': 5, 'ebike': 0}",0,10,0,1790540616.0
7922,7,"{'mechanical': 0, 'ebike': 7}",14,1,1,1790540633.0
7923,10,"{'mechanical': 10, 'ebike': 0}",0,9,0,1790540631.0
7924,2,"{'mechanical': 2, 'ebike': 0}",2,8,0,1790540603.0
7925,3,"{'mechanical': 3, 'ebike': 0}",5,16,0,1790540659.0
7926,0,"{'mechanical': 0, 'ebike': 0}",2,22,0,1790540652.0
7927,1,"{'mechanical': 1, 'ebike': 0}",5,18,0,1790540629.0
7928,2,"{'mechanical': 1, 'ebike': 1}",1,76,0,1790540604.0
7929,7,"{'mechanical': 7, 'ebike': 0}",2,3,0,1790540647.0
7930,4,"{'mechanical': 3, 'ebike': 1}",0,11,0,1790540548.0
7931,1,"{'mechanical': 1, 'ebike': 0}",0,15,0,1790540564.0
7932,12,"{'mechanical': 11, 'ebike': 1}",0,0,0,1790540644.0
7933,0,"{'mechanical': 0, 'ebike': 0}",4,18,1,1790540617.0
7934,6,"{'mechanical': 3, 'ebike': 3}",2,2,0,1790540613.0
7935,0,"{'mechanical': 0, 'ebike': 0}",2,13,0,1790540538.0
7936,13,"{'mechanical': 13, 'ebike': 0}",0,2,0,1790540597.0
7937,15,"{'mechanical': 15, 'ebike': 0}",3,1,0,1790540647.0
7938,13,"{'mechanical': 13, 'ebike': 0}",1,1,0,1790540633.0
7939,5,"{'mechanical': 5, 'ebike': 0}",3,9,0,1790540551.0
7940,1,"{'mechanical': 0, 'ebike': 1}",4,27,0,1790540575.0
7941,13,"{'mechanical': 12, 'ebike': 1}",2,0,0,1790540606.0
7942,4,"{'mechanical': 2, 'ebike': 2}",1,10,0,1790540581.0
7943,1,"{'mechanical': 1, 'ebike': 0}",4,18,0,1790540619.0
7944,2,"{'mechanical': 1, 'ebike': 1}",1,20,0,1790540662.0
7945,25,"{'mechanical': 22, 'ebike': 3}",1,5,0,1790540586.0
7946,11,"{'mechanical': 11, 'ebike': 0}",2,2,0,1790540553.0
7947,4,"{'mechanical': 3, 'ebike': 1}",0,7,0,1790540589.0
7948,20,"{'mechanical': 20, 'ebike': 0}",1,2,0,1790540602.0
7949,12,"{'mechanical': 12, 'ebike': 0}",0,3,0,1790540659.0
7950,21,"{'mechanical': 19, 'ebike': 2}",1,1,0,1790540654.0
7951,6,"{'mechanical': 6, 'ebike': 0}",0,13,0,1790540573.0
7952,9,"{'mechanical': 9, 'ebike': 0}",2,8,0,1790540600.0
7953,2,"{'mechanical': 2, 'ebike': 0}",2,10,0,1790540623.0
7954,15,"{'mechanical': 14, 'ebike': 1}",3,5,0,1790540585.0
7955,4,"{'mechanical': 2, 'ebike': 2}",4,15,0,1790540629.0
7956,2,"{'mechanical': 2, 'ebike': 0}",0,9,0,1790540630.0
7957,3,"{'mechanical': 3, 'ebike': 0}",1,15,0,1790540547.0
7958,5,"{'mechanical': 5, 'ebike': 0}",2,12,0,1790540565.0
7959,2,"{'mechanical': 2, 'ebike': 0}",1,12,0,1790540585.0
7960,5,"{'mechanical': 3, 'ebike': 2}",0,14,0,1790540548.0
7961,4,"{'mechanical': 0, 'ebike': 4}",0,11,0,1790540599.0
7962,5,"{'mechanical': 5, 'ebike': 0}",0,10,0,1790540604.0
7963,2,"{'mechanical': 2, 'ebike': 0}",1,8,0,1790540637.0
7964,1,"{'mechanical': 1, 'ebike': 0}",1,13,0,1790540649.0
7965,0,"{'mechanical': 0, 'ebike': 0}",0,19,0,1790540582.0
7966,0,"{'mechanical': 0, 'ebike': 0}",3,12,0,1790540599.0
7967,1,"{'mechanical': 0, 'ebike': 1}",1,13,0,1790540596.0
7968,5,"{'mechanical': 5, 'ebike': 0}",0,14,0,1790540545.0
7969,3,"{'mechanical': 3, 'ebike': 0}",0,16,0,1790540603.0
7970,5,"{'mechanical': 3, 'ebike': 2}",0,14,0,1790540615.0
7971,4,"{'mechanical': 3, 'ebike': 1}",2,8,0,1790540582.0
7972,1,"{'mechanical': 1, 'ebike': 0}",0,10,0,1790540638.0
7973,2,"{'mechanical': 2, 'ebike': 0}",3,14,0,1790540658.0
7974,3,"{'mechanical': 2, 'ebike': 1}",0,16,0,1790540664.0
7976,9,"{'mechanical': 9, 'ebike': 0}",0,9,1,1790540570.0
7977,2,"{'mechanical': 2, 'ebike': 0}",3,10,0,1790540548.0
7978,10,"{'mechanical': 10, 'ebike': 0}",1,12,0,1790540544.0
7979,0,"{'mechanical': 0, 'ebike': 0}",3,16,0,1790540589.0
7981,3,"{'mechanical': 3, 'ebike': 0}",1,11,0,1790540597.0
7982,4,"{'mechanical': 4, 'ebike': 0}",0,15,0,1790540581.0
7983,1,"{'mechanical': 1, 'ebike': 0}",6,7,0,1790540607.0
7984,21,"{'mechanical': 21, 'ebike': 0}",1,1,0,1790540590.0
7985,3,"{'mechanical': 3, 'ebike': 0}",2,10,0,1790540654.0
7986,2,"{'mechanical': 2, 'ebike': 0}",2,15,0,1790540553.0
7987,3,"{'mechanical': 3, 'ebike': 0}",0,12,0,1790540544.0
7988,4,"{'mechanical': 3, 'ebike': 1}",1,14,0,1790540560.0
7989,2,"{'mechanical': 2, 'ebike': 0}",0,13,0,1790540580.0
7990,3,"{'mechanical': 3, 'ebike': 0}",1,7,0,1790540544.0
7991,0,"{'mechanical': 0, 'ebike': 0}",2,13,0,1790540597.0
7992,1,"{'mechanical': 1, 'ebike': 0}",0,10,0,1790540590.0
7993,0,"{'mechanical': 0, 'ebike': 0}",2,12,0,1790540576.0
7994,1,"{'mechanical': 1, 'ebike': 0}",0,10,0,1790540549.0
7995,0,"{'mechanical': 0, 'ebike': 0}",1,14,0,1790540600.0
7996,15,"{'mechanical': 2, 'ebike': 13}",0,8,0,1790540542.0
7997,19,"{'mechanical': 2, 'ebike': 17}",2,19,0,1790540579.0
7998,0,"{'mechanical': 0, 'ebike': 0}",1,18,0,1790540632.0
7999,3,"{'mechanical': 3, 'ebike': 0}",0,12,0,1790540657.0
8000,25,"{'mechanical': 3, 'ebike': 22}",4,2,0,1790540646.0
8001,18,"{'mechanical': 17, 'ebike': 1}",0,6,0,1790540566.0
8002,2,"{'mechanical': 2, 'ebike': 0}",0,13,0,1790540559.0
8003,0,"{'mechanical': 0, 'ebike': 0}",0,11,0,1790540567.0
8004,0,"{'mechanical': 0, 'ebike': 0}",1,10,0,1790540555.0
8005,2,"{'mechanical': 1, 'ebike': 1}",2,7,0,1790540585.0
8006,22,"{'mechanical': 22, 'ebike': 0}",0,1,0,1790540642.0
8007,4,"{'mechanical': 2, 'ebike': 2}",2,25,0,1790540626.0
8008,0,"{'mechanical': 0, 'ebike': 0}",0,16,0,1790540654.0
8009,13,"{'mechanical': 0, 'ebike': 13}",7,19,0,1790540647.0
8010,2,"{'mechanical': 2, 'ebike': 0}",1,16,0,1790540596.0
8011,3,"{'mechanical': 2, 'ebike': 1}",2,26,0,1790540585.0
8012,1,"{'mechanical': 1, 'ebike': 0}",2,16,0,1790540585.0
8013,9,"{'mechanical': 9, 'ebike': 0}",0,3,0,1790540572.0
8014,21,"{'mechanical': 21, 'ebike': 0}",2,0,0,1790540663.0
8015,6,"{'mechanical': 5, 'ebike': 1}",1,5,0,1790540663.0
8016,16,"{'mechanical': 15, 'ebike': 1}",3,4,0,1790540661.0
8017,3,"{'mechanical': 3, 'ebike': 0}",5,7,0,1790540640.0
8018,14,"{'mechanical': 14, 'ebike': 0}",0,2,0,1790540540.0
8020,0,"{'mechanical': 0, 'ebike': 0}",2,7,0,1790540565.0
8021,5,"{'mechanical': 5, 'ebike': 0}",0,14,0,1790540648.0
8022,3,"{'mechanical': 3, 'ebike': 0}",0,8,0,1790540546.0
8023,5,"{'mechanical': 5, 'ebike': 0}",2,4,0,1790540537.0
8025,7,"{'mechanical': 7, 'ebike': 0}",1,2,1,1790540609.0
8026,0,"{'mechanical': 0, 'ebike': 0}",2,21,0,1790540553.0
8027,16,"{'mechanical': 16, 'ebike': 0}",0,23,0,1790540586.0
8028,25,"{'mechanical': 25, 'ebike': 0}",0,2,0,1790540629.0
8029,15,"{'mechanical': 15, 'ebike': 0}",0,32,0,1790540570.0
8030,17,"{'mechanical': 17, 'ebike': 0}",0,18,0,1790540564.0
8031,5,"{'mechanical': 5, 'ebike': 0}",0,10,0,1790540549.0
8032,4,"{'mechanical': 4, 'ebike': 0}",0,11,0,1790540541.0
8033,2,"{'mechanical': 2, 'ebike': 0}",0,17,0,1790540573.0
8034,6,"{'mechanical': 5, 'ebike': 1}",0,9,0,1790540547.0
8035,4,"{'mechanical': 4, 'ebike': 0}",0,15,0,1790540642.0
8036,3,"{'mechanical': 3, 'ebike': 0}",0,15,0,1790540574.0
8037,8,"{'mechanical': 6, 'ebike': 2}",2,5,0,1790540581.0
8038,4,"{'mechanical': 4, 'ebike': 0}",2,5,0,1790540603.0
8039,6,"{'mechanical': 6, 'ebike': 0}",3,10,0,1790540644.0
8040,2,"{'mechanical': 1, 'ebike': 1}",1,20,0,1790540641.0
8041,2,"{'mechanical': 2, 'ebike': 0}",2,7,0,1790540610.0
8042,5,"{'mechanical': 4, 'ebike': 1}",1,13,0,1790540596.0
8043,0,"{'mechanical': 0, 'ebike': 0}",1,14,0,1790540614.0
8044,2,"{'mechanical': 2, 'ebike': 0}",0,9,0,1790540647.0
8045,3,"{'mechanical': 0, 'ebike': 3}",0,12,0,1790540550.0
8046,0,"{'mechanical': 0, 'ebike': 0}",0,11,0,1790540538.0
8047,1,"{'mechanical': 1, 'ebike': 0}",0,10,0,1790540558.0
8048,6,"{'mechanical': 6, 'ebike': 0}",0,9,0,1790540603.0
8049,2,"{'mechanical': 2, 'ebike': 0}",0,17,0,1790540564.0
8050,1,"{'mechanical': 0, 'ebike': 1}",1,21,0,1790540609.0
8051,1,"{'mechanical': 0, 'ebike': 1}",0,11,0,1790540548.0
8052,1,"{'mechanical': 1, 'ebike': 0}",2,7,0,1790540639.0
8053,2,"{'mechanical': 2, 'ebike': 0}",1,14,0,1790540600.0
8054,3,"{'mechanical': 3, 'ebike': 0}",2,14,0,1790540628.0
8055,7,"{'mechanical': 7, 'ebike': 0}",1,3,0,1790540538.0
8056,0,"{'mechanical': 0, 'ebike': 0}",0,19,0,1790540565.0
8057,3,"{'mechanical': 3, 'ebike': 0}",0,16,0,1790540576.0
8058,5,"{'mechanical': 5, 'ebike': 0}",1,13,0,1790540617.0
8059,3,"{'mechanical': 3, 'ebike': 0}",0,8,0,1790540580.0
8060,0,"{'mechanical': 0, 'ebike': 0}",0,15,0,1790540641.0
8061,0,"{'mechanical': 0, 'ebike': 0}",3,8,0,1790540581.0
8062,11,"{'mechanical': 10, 'ebike': 1}",0,0,0,1790540569.0
8063,1,"{'mechanical': 1, 'ebike': 0}",2,8,0,1790540623.0
8064,2,"{'mechanical': 2, 'ebike': 0}",2,7,0,1790540622.0
8065,1,"{'mechanical': 1, 'ebike': 0}",2,8,0,1790540577.0
8066,0,"{'mechanical': 0, 'ebike': 0}",0,15,0,1790540662.0
8070,19,"{'mechanical': 19, 'ebike': 0}",1,11,0,1790540586.0
8073,0,"{'mechanical': 0, 'ebike': 0}",0,14,0,1790540654.0
8074,4,"{'mechanical': 4, 'ebike': 0}",0,7,0,1790540600.0
8075,12,"{'mechanical': 11, 'ebike': 1}",1,6,0,1790540627.0
8076,1,"{'mechanical': 1, 'ebike': 0}",0,10,0,1790540617.0
8077,0,"{'mechanical': 0, 'ebike': 0}",0,11,0,1790540538.0
8078,2,"{'mechanical': 2, 'ebike': 0}",2,11,0,1790540587.0
8079,3,"{'mechanical': 3, 'ebike': 0}",2,5,1,1790540603.0
8080,1,"{'mechanical': 1, 'ebike': 0}",1,13,0,1790540546.0
8081,0,"{'mechanical': 0, 'ebike': 0}",1,10,0,1790540640.0
8082,6,"{'mechanical': 6, 'ebike': 0}",0,9,0,1790540635.0
8083,0,"{'mechanical': 0, 'ebike': 0}",0,11,0,1790540588.0
8084,0,"{'mechanical': 0, 'ebike': 0}",2,13,0,1790540654.0
8085,2,"{'mechanical': 1, 'ebike': 1}",1,8,0,1790540640.0
8086,0,"{'mechanical': 0, 'ebike': 0}",2,13,0,1790540662.0
8087,0,"{'mechanical': 0, 'ebike': 0}",2,17,0,1790540589.0
8088,1,"{'mechanical': 1, 'ebike': 0}",0,10,0,1790540646.0
8089,1,"{'mechanical': 1, 'ebike': 0}",0,14,0,1790540557.0
8090,13,"{'mechanical': 9, 'ebike': 4}",0,2,0,1790540641.0
8091,7,"{'mechanical': 6, 'ebike': 1}",0,4,0,1790540626.0
8092,1,"{'mechanical': 1, 'ebike': 0}",0,13,1,1790540587.0
8093,5,"{'mechanical': 5, 'ebike': 0}",0,10,0,1790540617.0
8094,4,"{'mechanical': 3, 'ebike': 1}",0,15,0,1790540662.0
8095,3,"{'mechanical': 3, 'ebike': 0}",0,8,0,1790540546.0
8096,1,"{'mechanical': 1, 'ebike': 0}",1,18,0,1790540619.0
8099,4,"{'mechanical': 4, 'ebike': 0}",1,6,0,1790540622.0
8101,1,"{'mechanical': 0, 'ebike': 1}",0,14,0,1790540551.0
8102,5,"{'mechanical': 4, 'ebike': 1}",0,10,0,1790540629.0
8104,6,"{'mechanical': 6, 'ebike': 0}",1,8,0,1790540572.0
8105,0,"{'mechanical': 0, 'ebike': 0}",4,11,0,1790540538.0
8106,1,"{'mechanical': 1, 'ebike': 0}",0,10,0,1790540564.0
8107,2,"{'mechanical': 1, 'ebike': 1}",0,13,0,1790540657.0
8108,5,"{'mechanical': 5, 'ebike': 0}",0,10,0,1790540648.0
8109,0,"{'mechanical': 0, 'ebike': 0}",0,11,0,1790540610.0
8110,1,"{'mechanical': 1, 'ebike': 0}",6,8,0,1790540640.0
8111,0,"{'mechanical': 0, 'ebike': 0}",0,11,0,1790540657.0
8112,0,"{'mechanical': 0, 'ebike': 0}",1,10,0,1790540550.0
8113,14,"{'mechanical': 14, 'ebike': 0}",0,9,0,1790540656.0
8114,2,"{'mechanical': 2, 'ebike': 0}",4,5,0,1790540622.0
8115,6,"{'mechanical': 6, 'ebike': 0}",0,5,0,1790540582.0
8117,4,"{'mechanical': 3, 'ebike': 1}",2,9,0,1790540600.0
8119,3,"{'mechanical': 3, 'ebike': 0}",0,8,0,1790540565.0
8120,4,"{'mechanical': 4, 'ebike': 0}",0,7,0,1790540600.0
8122,4,"{'mechanical': 4, 'ebike': 0}",0,10,1,1790540618.0
8123,8,"{'mechanical': 8, 'ebike': 0}",0,3,0,1790540550.0
8125,4,"{'mechanical': 4, 'ebike': 0}",1,10,0,1790540589.0
8128,6,"{'mechanical': 6, 'ebike': 0}",1,4,0,1790540662.0
8129,0,"{'mechanical': 0, 'ebike': 0}",0,11,0,1790540599.0
8130,0,"{'mechanical': 0, 'ebike': 0}",0,11,0,1790540551.0
8131,0,"{'mechanical': 0, 'ebike': 0}",0,11,0,1790540569.0
8133,3,"{'mechanical': 3, 'ebike': 0}",0,12,0,1790540625.0
8134,1,"{'mechanical': 1, 'ebike': 0}",0,10,0,1790540559.0
8137,14,"{'mechanical': 13, 'ebike': 1}",3,13,0,1790540587.0
8138,2,"{'mechanical': 0, 'ebike': 2}",0,21,0,1790540575.0
8139,1,"{'mechanical': 1, 'ebike': 0}",0,10,0,1790540606.0
8141,1,"{'mechanical': 1, 'ebike': 0}",0,10,0,1790540662.0
8142,1,"{'mechanical': 1, 'ebike': 0}",0,9,1,1790540621.0
8144,3,"{'mechanical': 2, 'ebike': 1}",0,8,0,1790540571.0
8149,0,"{'mechanical': 0, 'ebike': 0}",0,11,0,1790540586.0
8150,2,"{'mechanical': 0, 'ebike': 2}",2,7,0,1790540582.0
8151,0,"{'mechanical': 0, 'ebike': 0}",0,11,0,1790540586.0
8152,3,"{'mechanical': 2, 'ebike': 1}",4,9,0,1790540655.0
8153,1,"{'mechanical': 1, 'ebike': 0}",1,17,0,1790540632.0
8154,1,"{'mechanical': 1, 'ebike': 0}",0,10,0,1790540653.0
8155,0,"{'mechanical': 0, 'ebike': 0}",1,14,0,1790540557.0
8156,0,"{'mechanical': 0, 'ebike': 0}",2,9,0,1790540585.0
8157,0,"{'mechanical': 0, 'ebike': 0}",0,15,0,1790540561.0
8158,1,"{'mechanical': 1, 'ebike': 0}",1,9,0,1790540556.0
8159,4,"{'mechanical': 4, 'ebike': 0}",1,9,1,1790540568.0
8160,1,"{'mechanical': 1, 'ebike': 0}",0,14,0,1790540643.0
8161,5,"{'mechanical': 5, 'ebike': 0}",1,9,0,1790540587.0
8162,12,"{'mechanical': 10, 'ebike': 2}",1,14,0,1790540648.0
8163,0,"{'mechanical': 0, 'ebike': 0}",0,23,0,1790540655.0
8164,3,"{'mechanical': 3, 'ebike': 0}",0,16,0,1790540631.0
8165,1,"{'mechanical': 0, 'ebike': 1}",1,9,0,1790540557.0
8166,1,"{'mechanical': 1, 'ebike': 0}",1,9,0,1790540611.0
8167,1,"{'mechanical': 0, 'ebike': 1}",1,12,1,1790540599.0
8168,9,"{'mechanical': 9, 'ebike': 0}",1,1,0,1790540610.0
8169,3,"{'mechanical': 3, 'ebike': 0}",0,12,0,1790540561.0
8170,10,"{'mechanical': 10, 'ebike': 0}",1,4,0,1790540663.0
8171,21,"{'mechanical': 21, 'ebike': 0}",0,2,0,1790540603.0
8172,2,"{'mechanical': 0, 'ebike': 2}",0,20,1,1790540575.0
8173,2,"{'mechanical': 1, 'ebike': 1}",1,8,0,1790540563.0
8174,14,"{'mechanical': 14, 'ebike': 0}",2,3,0,1790540647.0
8175,16,"{'mechanical': 16, 'ebike': 0}",3,4,0,1790540598.0
8176,21,"{'mechanical': 0, 'ebike': 21}",0,18,0,1790540574.0
8177,0,"{'mechanical': 0, 'ebike': 0}",0,11,0,1790540561.0
8178,4,"{'mechanical': 4, 'ebike': 0}",2,17,0,1790540539.0
8179,3,"{'mechanical': 1, 'ebike': 2}",0,8,0,1790540624.0
8180,11,"{'mechanical': 11, 'ebike': 0}",1,3,0,1790540615.0
8181,16,"{'mechanical': 15, 'ebike': 1}",1,14,0,1790540598.0
8182,18,"{'mechanical': 18, 'ebike': 0}",0,5,0,1790540584.0
8183,1,"{'mechanical': 0, 'ebike': 1}",0,22,0,1790540590.0
8184,1,"{'mechanical': 1, 'ebike': 0}",2,12,0,1790540618.0
8185,0,"{'mechanical': 0, 'ebike': 0}",0,11,0,1790540566.0
8186,2,"{'mechanical': 2, 'ebike': 0}",0,13,0,1790540619.0
8187,0,"{'mechanical': 0, 'ebike': 0}",2,13,0,1790540569.0
8188,4,"{'mechanical': 4, 'ebike': 0}",7,12,0,1790540612.0
8189,2,"{'mechanical': 2, 'ebike': 0}",2,11,0,1790540586.0
8190,9,"{'mechanical': 8, 'ebike': 1}",1,17,0,1790540581.0
8191,11,"{'mechanical': 7, 'ebike': 4}",1,11,0,1790540554.0
8193,18,"{'mechanical': 2, 'ebike': 16}",6,4,0,1790540618.0
8194,0,"{'mechanical': 0, 'ebike': 0}",5,18,0,1790540593.0
8196,2,"{'mechanical': 0, 'ebike': 2}",0,17,0,1790540596.0
8197,6,"{'mechanical': 5, 'ebike': 1}",13,11,1,1790540644.0
8198,30,"{'mechanical': 0, 'ebike': 30}",1,8,0,1790540624.0
8199,0,"{'mechanical': 0, 'ebike': 0}",2,21,0,1790540550.0
8200,19,"{'mechanical': 19, 'ebike': 0}",1,3,0,1790540583.0
8201,1,"{'mechanical': 1, 'ebike': 0}",2,8,0,1790540609.0
8202,18,"{'mechanical': 3, 'ebike': 15}",0,1,0,1790540572.0
8203,1,"{'mechanical': 1, 'ebike': 0}",0,10,0,1790540660.0
8204,0,"{'mechanical': 0, 'ebike': 0}",0,11,0,1790540545.0
8205,0,"{'mechanical': 0, 'ebike': 0}",1,14,0,1790540636.0
8206,2,"{'mechanical': 1, 'ebike': 1}",1,14,0,1790540591.0
8207,0,"{'mechanical': 0, 'ebike': 0}",0,8,0,1790540622.0
8208,4,"{'mechanical': 2, 'ebike': 2}",0,7,0,1790540608.0
8209,2,"{'mechanical': 1, 'ebike': 1}",1,11,0,1790540586.0
8210,4,"{'mechanical': 4, 'ebike': 0}",2,5,0,1790540600.0
8211,0,"{'mechanical': 0, 'ebike': 0}",2,9,0,1790540620.0
8212,3,"{'mechanical': 3, 'ebike': 0}",2,20,0,1790540659.0
8213,0,"{'mechanical': 0, 'ebike': 0}",2,15,0,1790540570.0
8214,4,"{'mechanical': 3, 'ebike': 1}",1,6,0,1790540596.0
8215,1,"{'mechanical': 0, 'ebike': 1}",4,12,0,1790540577.0
8216,0,"{'mechanical': 0, 'ebike': 0}",0,14,0,1790540579.0
8217,4,"{'mechanical': 1, 'ebike': 3}",2,8,0,1790540541.0
8218,2,"{'mechanical': 2, 'ebike': 0}",2,7,0,1790540605.0
8219,0,"{'mechanical': 0, 'ebike': 0}",0,19,0,1790540585.0
8220,1,"{'mechanical': 1, 'ebike': 0}",0,10,0,1790540602.0
8221,0,"{'mechanical': 0, 'ebike': 0}",0,11,0,1790540561.0
8224,16,"{'mechanical': 16, 'ebike': 0}",1,2,0,1790540610.0
8225,3,"{'mechanical': 3, 'ebike': 0}",0,8,0,1790540645.0
8226,5,"{'mechanical': 5, 'ebike': 0}",0,10,0,1790540608.0
8227,3,"{'mechanical': 3, 'ebike': 0}",0,8,0,1790540662.0
8228,30,"{'mechanical': 30, 'ebike': 0}",1,8,0,1790540649.0
8229,15,"{'mechanical': 15, 'ebike': 0}",1,19,0,1790540566.0
8230,29,"{'mechanical': 28, 'ebike': 1}",1,9,0,1790540547.0
8231,1,"{'mechanical': 1, 'ebike': 0}",2,16,0,1790540626.0
8232,9,"{'mechanical': 9, 'ebike': 0}",3,10,1,1790540569.0
8234,3,"{'mechanical': 2, 'ebike': 1}",1,15,0,1790540620.0
8235,2,"{'mechanical': 0, 'ebike': 2}",3,10,0,1790540600.0
8236,5,"{'mechanical': 5, 'ebike': 0}",0,10,0,1790540578.0
8237,7,"{'mechanical': 6, 'ebike': 1}",0,15,0,1790540578.0
8238,4,"{'mechanical': 3, 'ebike': 1}",0,11,0,1790540593.0
8239,0,"{'mechanical': 0, 'ebike': 0}",1,10,0,1790540566.0
8240,1,"{'mechanical': 0, 'ebike': 1}",1,13,0,1790540584.0
8241,1,"{'mechanical': 1, 'ebike': 0}",0,14,0,1790540654.0
8242,0,"{'mechanical': 0, 'ebike': 0}",0,19,0,1790540608.0
8243,0,"{'mechanical': 0, 'ebike': 0}",0,16,0,1790540556.0
8245,2,"{'mechanical': 2, 'ebike': 0}",4,12,1,1790540622.0
8246,0,"{'mechanical': 0, 'ebike': 0}",3,8,0,1790540626.0
8247,0,"{'mechanical': 0, 'ebike': 0}",1,14,0,1790540600.0
8248,0,"{'mechanical': 0, 'ebike': 0}",0,11,0,1790540589.0
8249,1,"{'mechanical': 1, 'ebike': 0}",1,13,0,1790540647.0
8250,1,"{'mechanical': 0, 'ebike': 1}",0,10,0,1790540587.0
8251,12,"{'mechanical': 12, 'ebike': 0}",1,4,0,1790540570.0
8252,0,"{'mechanical': 0, 'ebike': 0}",0,15,0,1790540662.0
8253,7,"{'mechanical': 5, 'ebike': 2}",0,12,0,1790540627.0
8254,12,"{'mechanical': 12, 'ebike': 0}",1,1,0,1790540562.0
8255,0,"{'mechanical': 0, 'ebike': 0}",3,12,0,1790540612.0
8256,0,"{'mechanical': 0, 'ebike': 0}",0,15,0,1790540625.0
8257,0,"{'mechanical': 0, 'ebike': 0}",0,17,0,1790540610.0
8258,1,"{'mechanical': 0, 'ebike': 1}",0,10,0,1790540660.0
8259,1,"{'mechanical': 1, 'ebike': 0}",0,6,0,1790540647.0
8260,28,"{'mechanical': 24, 'ebike': 4}",5,2,0,1790540615.0
8261,4,"{'mechanical': 2, 'ebike': 2}",0,11,0,1790540636.0
8262,38,"{'mechanical': 38, 'ebike': 0}",1,0,0,1790540648.0
8263,0,"{'mechanical': 0, 'ebike': 0}",0,23,0,1790540594.0
8264,6,"{'mechanical': 6, 'ebike': 0}",4,17,0,1790540652.0
8265,0,"{'mechanical': 0, 'ebike': 0}",1,18,0,1790540577.0
8266,3,"{'mechanical': 3, 'ebike': 0}",0,24,0,1790540560.0
8267,9,"{'mechanical': 9, 'ebike': 0}",0,14,0,1790540621.0
8268,10,"{'mechanical': 9, 'ebike': 1}",1,12,0,1790540627.0
8269,3,"{'mechanical': 1, 'ebike': 2}",1,7,0,1790540642.0
8271,15,"{'mechanical': 12, 'ebike': 3}",0,4,0,1790540549.0
7000,11,"{'mechanical': 10, 'ebike': 1}",3,33,0,1790550560.0
7001,1,"{'mechanical': 1, 'ebike': 0}",10,12,0,1790550666.0
7002,1,"{'mechanical': 0, 'ebike': 1}",3,15,0,1790550617.0
7003,2,"{'mechanical': 2, 'ebike': 0}",2,11,0,1790550589.0
7004,0,"{'mechanical': 0, 'ebike': 0}",4,31,0,1790550642.0
7005,7,"{'mechanical': 7, 'ebike': 0}",0,16,0,1790550564.0
7006,2,"{'mechanical': 2, 'ebike': 0}",3,26,0,1790550645.0
7007,3,"{'mechanical': 3, 'ebike': 0}",2,14,0,1790550662.0
7008,0,"{'mechanical': 0, 'ebike': 0}",3,16,0,1790550660.0
7010,17,"{'mechanical': 17, 'ebike': 0}",1,1,0,1790550577.0
7013,16,"{'mechanical': 16, 'ebike': 0}",3,0,0,1790550674.0
7014,2,"{'mechanical': 2, 'ebike': 0}",2,13,0,1790550636.0
7015,17,"{'mechanical': 17, 'ebike': 0}",2,20,0,1790550622.0
7016,0,"{'mechanical': 0, 'ebike': 0}",2,33,0,1790550618.0
7017,8,"{'mechanical': 8, 'ebike': 0}",1,2,0,1790550568.0
7018,23,"{'mechanical': 20, 'ebike': 3}",2,24,0,1790550566.0
7019,34,"{'mechanical': 34, 'ebike': 0}",2,19,0,1790550592.0
7020,28,"{'mechanical': 28, 'ebike': 0}",1,4,0,1790550590.0
7021,29,"{'mechanical': 28, 'ebike': 1}",4,30,0,1790550654.0
7023,0,"{'mechanical': 0, 'ebike': 0}",2,9,0,1790550635.0
7024,7,"{'mechanical': 7, 'ebike': 0}",2,29,0,1790550641.0
7025,14,"{'mechanical': 14, 'ebike': 0}",2,11,0,1790550570.0
7026,1,"{'mechanical': 1, 'ebike': 0}",3,11,0,1790550603.0
7027,14,"{'mechanical': 12, 'ebike': 2}",4,12,1,1790550567.0
7028,4,"{'mechanical': 3, 'ebike': 1}",3,24,0,1790550621.0
7029,3,"{'mechanical': 2, 'ebike': 1}",1,11,0,1790550606.0
7030,13,"{'mechanical': 13, 'ebike': 0}",3,18,1,1790550666.0
7031,1,"{'mechanical': 1, 'ebike': 0}",2,36,0,1790550575.0
7032,7,"{'mechanical': 7, 'ebike': 0}",4,4,0,1790550669.0
7033,5,"{'mechanical': 5, 'ebike': 0}",0,38,0,1790550579.0
7034,2,"{'mechanical': 2, 'ebike': 0}",2,10,0,1790550616.0
7035,41,"{'mechanical': 41, 'ebike': 0}",1,1,0,1790550675.0
7036,14,"{'mechanical': 13, 'ebike': 1}",1,4,0,1790550600.0
7037,3,"{'mechanical': 3, 'ebike': 0}",3,35,0,1790550664.0
7038,25,"{'mechanical': 25, 'ebike': 0}",2,4,0,1790550593.0
7039,3,"{'mechanical': 3, 'ebike': 0}",0,16,0,1790550563.0
7040,0,"{'mechanical': 0, 'ebike': 0}",3,16,0,1790550577.0
7041,2,"{'mechanical': 2, 'ebike': 0}",1,18,2,1790550673.0
7042,0,"{'mechanical': 0, 'ebike': 0}",0,31,0,1790550583.0
7043,16,"{'mechanical': 16, 'ebike': 0}",2,1,0,1790550593.0
7044,1,"{'mechanical': 0, 'ebike': 1}",4,30,0,1790550629.0
7045,2,"{'mechanical': 2, 'ebike': 0}",0,35,0,1790550602.0
7046,28,"{'mechanical': 28, 'ebike': 0}",3,11,0,1790550589.0
7048,32,"{'mechanical': 31, 'ebike': 1}",1,14,0,1790550590.0
7049,8,"{'mechanical': 8, 'ebike': 0}",5,2,0,1790550582.0
7050,1,"{'mechanical': 1, 'ebike': 0}",2,13,0,1790550565.0
7052,19,"{'mechanical': 19, 'ebike': 0}",0,36,0,1790550573.0
7053,8,"{'mechanical': 7, 'ebike': 1}",2,17,0,1790550594.0
7054,2,"{'mechanical': 2, 'ebike': 0}",1,8,0,1790550592.0
7055,6,"{'mechanical': 6, 'ebike': 0}",2,7,0,1790550642.0
7057,15,"{'mechanical': 15, 'ebike': 0}",0,11,1,1790550579.0
7058,1,"{'mechanical': 0, 'ebike': 1}",1,37,0,1790550607.0
7059,2,"{'mechanical': 2, 'ebike': 0}",2,11,0,1790550655.0
7061,1,"{'mechanical': 1, 'ebike': 0}",3,11,0,1790550662.0
7063,6,"{'mechanical': 6, 'ebike': 0}",4,13,0,1790550561.0
7064,18,"{'mechanical': 18, 'ebike': 0}",0,1,0,1790550553.0
7065,1,"{'mechanical': 1, 'ebike': 0}",1,13,0,1790550561.0
7066,0,"{'mechanical': 0, 'ebike': 0}",0,15,0,1790550640.0
7067,9,"{'mechanical': 9, 'ebike': 0}",2,15,1,1790550558.0
7069,4,"{'mechanical': 4, 'ebike': 0}",3,4,0,1790550670.0
7070,11,"{'mechanical': 11, 'ebike': 0}",0,0,0,1790550621.0
7071,0,"{'mechanical': 0, 'ebike': 0}",0,23,0,1790550585.0
7073,19,"{'mechanical': 19, 'ebike': 0}",3,0,1,1790550650.0
7074,40,"{'mechanical': 40, 'ebike': 0}",1,14,0,1790550575.0
7075,13,"{'mechanical': 13, 'ebike': 0}",4,10,0,1790550589.0
7076,32,"{'mechanical': 32, 'ebike': 0}",6,19,0,1790550594.0
7077,9,"{'mechanical': 9, 'ebike': 0}",1,9,0,1790550637.0
7078,1,"{'mechanical': 0, 'ebike': 1}",1,13,0,1790550661.0
7079,0,"{'mechanical': 0, 'ebike': 0}",3,16,0,1790550563.0
7084,5,"{'mechanical': 5, 'ebike': 0}",3,3,0,1790550613.0
7085,4,"{'mechanical': 3, 'ebike': 1}",1,10,0,1790550607.0
7086,1,"{'mechanical': 0, 'ebike': 1}",1,21,0,1790550610.0
7087,0,"{'mechanical': 0, 'ebike': 0}",0,11,0,1790550624.0
7088,2,"{'mechanical': 1, 'ebike': 1}",0,13,0,1790550617.0
7089,0,"{'mechanical': 0, 'ebike': 0}",1,26,0,1790550560.0
7090,5,"{'mechanical': 3, 'ebike': 2}",0,14,0,1790550614.0
7091,1,"{'mechanical': 1, 'ebike': 0}",1,13,0,1790550567.0
7093,0,"{'mechanical': 0, 'ebike': 0}",1,24,0,1790550572.0
7094,0,"{'mechanical': 0, 'ebike': 0}",13,12,0,1790550671.0
7095,3,"{'mechanical': 1, 'ebike': 2}",1,11,0,1790550557.0
7096,1,"{'mechanical': 1, 'ebike': 0}",1,17,0,1790550565.0
7097,22,"{'mechanical': 14, 'ebike': 8}",1,7,1,1790550611.0
7098,15,"{'mechanical': 14, 'ebike': 1}",0,0,0,1790550651.0
7099,35,"{'mechanical': 34, 'ebike': 1}",3,1,0,1790550663.0
7100,6,"{'mechanical': 6, 'ebike': 0}",0,21,0,1790550567.0
7101,18,"{'mechanical': 18, 'ebike': 0}",0,9,0,1790550663.0
7102,17,"{'mechanical': 17, 'ebike': 0}",1,13,0,1790550667.0
7103,28,"{'mechanical': 27, 'ebike': 1}",2,2,0,1790550270.0
7104,12,"{'mechanical': 10, 'ebike': 2}",1,1,1,1790550612.0
7105,5,"{'mechanical': 5, 'ebike': 0}",3,6,1,1790550598.0
7106,38,"{'mechanical': 38, 'ebike': 0}",1,0,0,1790550611.0
7107,13,"{'mechanical': 12, 'ebike': 1}",2,0,0,1790550650.0
7109,1,"{'mechanical': 1, 'ebike': 0}",0,31,0,1790550644.0
7110,1,"{'mechanical': 0, 'ebike': 1}",1,13,0,1790550587.0
7111,3,"{'mechanical': 3, 'ebike': 0}",1,7,0,1790550665.0
7112,12,"{'mechanical': 11, 'ebike': 1}",1,6,0,1790550564.0
7113,4,"{'mechanical': 4, 'ebike': 0}",2,9,0,1790550671.0
7114,7,"{'mechanical': 6, 'ebike': 1}",1,19,0,1790550645.0
7115,6,"{'mechanical': 4, 'ebike': 2}",2,23,0,1790550658.0
7116,3,"{'mechanical': 2, 'ebike': 1}",1,15,0,1790550656.0
7117,1,"{'mechanical': 0, 'ebike': 1}",1,17,0,1790550588.0
7118,11,"{'mechanical': 11, 'ebike': 0}",0,8,0,1790550561.0
7119,4,"{'mechanical': 3, 'ebike': 1}",1,10,0,1790550617.0
7120,2,"{'mechanical': 2, 'ebike': 0}",1,8,0,1790550640.0
7121,3,"{'mechanical': 3, 'ebike': 0}",0,24,0,1790550612.0
7122,2,"{'mechanical': 0, 'ebike': 2}",1,12,0,1790550665.0
7123,12,"{'mechanical': 12, 'ebike': 0}",3,0,0,1790550660.0
7124,6,"{'mechanical': 2, 'ebike': 4}",0,13,0,1790550587.0
7126,5,"{'mechanical': 3, 'ebike': 2}",3,9,0,1790550659.0
7127,0,"{'mechanical': 0, 'ebike': 0}",3,12,0,1790550556.0
7128,1,"{'mechanical': 1, 'ebike': 0}",2,20,0,1790550577.0
7129,4,"{'mechanical': 4, 'ebike': 0}",1,6,0,1790550613.0
7130,2,"{'mechanical': 1, 'ebike': 1}",1,12,0,1790550600.0
7131,3,"{'mechanical': 2, 'ebike': 1}",1,11,0,1790550577.0
7132,1,"{'mechanical': 1, 'ebike': 0}",0,8,0,1790550577.0
7133,0,"{'mechanical': 0, 'ebike': 0}",1,10,0,1790550666.0
7135,33,"{'mechanical': 33, 'ebike': 0}",2,0,0,1790550597.0
7137,1,"{'mechanical': 0, 'ebike': 1}",3,11,0,1790550595.0
7138,4,"{'mechanical': 2, 'ebike': 2}",1,22,0,1790550559.0
7139,2,"{'mechanical': 0, 'ebike': 2}",3,10,0,1790550587.0
7140,0,"{'mechanical': 0, 'ebike': 0}",1,13,1,1790550626.0
7142,2,"{'mechanical': 1, 'ebike': 1}",0,13,0,1790550552.0
7143,6,"{'mechanical': 3, 'ebike': 3}",0,8,1,1790550570.0
7144,0,"{'mechanical': 0, 'ebike': 0}",2,12,1,1790550661.0
7146,2,"{'mechanical': 0, 'ebike': 2}",1,16,0,1790550601.0
7147,12,"{'mechanical': 12, 'ebike': 0}",0,3,0,1790550602.0
7148,15,"{'mechanical': 15, 'ebike': 0}",2,5,0,1790550570.0
7149,1,"{'mechanical': 1, 'ebike': 0}",1,9,0,1790550650.0
7150,2,"{'mechanical': 1, 'ebike': 1}",2,13,2,1790550608.0
7151,0,"{'mechanical': 0, 'ebike': 0}",1,18,0,1790550645.0
7152,5,"{'mechanical': 3, 'ebike': 2}",4,2,0,1790550580.0
7153,0,"{'mechanical': 0, 'ebike': 0}",5,14,0,1790550655.0
7154,0,"{'mechanical': 0, 'ebike': 0}",2,20,0,1790550663.0
7155,8,"{'mechanical': 3, 'ebike': 5}",1,9,1,1790550578.0
7156,1,"{'mechanical': 1, 'ebike': 0}",0,13,1,1790550641.0
7157,9,"{'mechanical': 8, 'ebike': 1}",0,14,0,1790550602.0
7158,2,"{'mechanical': 2, 'ebike': 0}",3,10,0,1790550637.0
7160,3,"{'mechanical': 3, 'ebike': 0}",0,16,0,1790550604.0
7161,3,"{'mechanical': 3, 'ebike': 0}",4,16,0,1790550600.0
7162,0,"{'mechanical': 0, 'ebike': 0}",0,21,2,1790550552.0
7164,5,"{'mechanical': 5, 'ebike': 0}",0,18,0,1790550645.0
7168,32,"{'mechanical': 32, 'ebike': 0}",3,12,0,1790550564.0
7169,9,"{'mechanical': 9, 'ebike': 0}",0,2,0,1790550608.0
7170,4,"{'mechanical': 4, 'ebike': 0}",2,7,2,1790550560.0
7172,7,"{'mechanical': 7, 'ebike': 0}",0,12,0,1790550563.0
7173,7,"{'mechanical': 3, 'ebike': 4}",1,11,0,1790550659.0
7174,3,"{'mechanical': 2, 'ebike': 1}",2,10,0,1790550578.0
7175,9,"{'mechanical': 9, 'ebike': 0}",4,14,0,1790550618.0
7176,10,"{'mechanical': 9, 'ebike': 1}",0,9,0,1790550584.0
7178,4,"{'mechanical': 4, 'ebike': 0}",2,8,1,1790550551.0
7180,2,"{'mechanical': 2, 'ebike': 0}",1,20,0,1790550602.0
7181,2,"{'mechanical': 2, 'ebike': 0}",1,12,0,1790550649.0
7182,0,"{'mechanical': 0, 'ebike': 0}",1,18,0,1790550553.0
7183,3,"{'mechanical': 3, 'ebike': 0}",0,12,0,1790550669.0
7184,0,"{'mechanical': 0, 'ebike': 0}",2,9,0,1790550631.0
7188,1,"{'mechanical': 1, 'ebike': 0}",0,33,1,1790550617.0
7189,7,"{'mechanical': 7, 'ebike': 0}",3,4,1,1790550638.0
7190,1,"{'mechanical': 1, 'ebike': 0}",1,13,0,1790550563.0
7191,6,"{'mechanical': 5, 'ebike': 1}",3,2,0,1790550659.0
7192,3,"{'mechanical': 2, 'ebike': 1}",2,10,0,1790550554.0
7193,8,"{'mechanical': 8, 'ebike': 0}",1,6,0,1790550650.0
7195,2,"{'mechanical': 2, 'ebike': 0}",3,6,0,1790550652.0
7196,1,"{'mechanical': 1, 'ebike': 0}",1,9,0,1790550577.0
7198,14,"{'mechanical': 14, 'ebike': 0}",0,5,0,1790550650.0
7199,8,"{'mechanical': 8, 'ebike': 0}",1,9,1,1790550606.0
7202,9,"{'mechanical': 9, 'ebike': 0}",1,16,1,1790550564.0
7203,33,"{'mechanical': 33, 'ebike': 0}",1,1,0,1790550650.0
7204,3,"{'mechanical': 2, 'ebike': 1}",1,15,0,1790550576.0
7205,9,"{'mechanical': 7, 'ebike': 2}",3,3,0,1790550669.0
7206,0,"{'mechanical': 0, 'ebike': 0}",1,12,0,1790550638.0
7207,30,"{'mechanical': 30, 'ebike': 0}",0,17,0,1790550598.0
7208,9,"{'mechanical': 7, 'ebike': 2}",2,3,1,1790550588.0
7209,9,"{'mechanical': 5, 'ebike': 4}",1,9,0,1790550641.0
7210,3,"{'mechanical': 1, 'ebike': 2}",3,9,0,1790550562.0
7211,15,"{'mechanical': 15, 'ebike': 0}",7,1,0,1790550579.0
7216,6,"{'mechanical': 6, 'ebike': 0}",3,14,0,1790550585.0
7217,7,"{'mechanical': 6, 'ebike': 1}",4,4,0,1790550552.0
7220,14,"{'mechanical': 13, 'ebike': 1}",2,3,0,1790550613.0
7221,2,"{'mechanical': 2, 'ebike': 0}",4,5,0,1790550626.0
7222,15,"{'mechanical': 15, 'ebike': 0}",2,10,0,1790550611.0
7223,8,"{'mechanical': 8, 'ebike': 0}",2,2,0,1790550604.0
7224,1,"{'mechanical': 1, 'ebike': 0}",3,19,0,1790550645.0
7225,10,"{'mechanical': 10, 'ebike': 0}",0,8,0,1790550653.0
7226,4,"{'mechanical': 4, 'ebike': 0}",1,14,0,1790550663.0
7227,0,"{'mechanical': 0, 'ebike': 0}",2,29,0,1790550631.0
7228,16,"{'mechanical': 16, 'ebike': 0}",3,0,0,1790550556.0
7229,0,"{'mechanical': 0, 'ebike': 0}",4,7,0,1790550594.0
7230,18,"{'mechanical': 18, 'ebike': 0}",1,0,0,1790550649.0
7231,5,"{'mechanical': 5, 'ebike': 0}",4,9,0,1790550550.0
7232,5,"{'mechanical': 5, 'ebike': 0}",1,10,0,1790550642.0
7233,8,"{'mechanical': 8, 'ebike': 0}",0,8,0,1790550609.0
7234,2,"{'mechanical': 1, 'ebike': 1}",3,14,0,1790550649.0
7235,0,"{'mechanical': 0, 'ebike': 0}",0,15,1,1790550556.0
7236,9,"{'mechanical': 8, 'ebike': 1}",0,15,0,1790550625.0
7237,2,"{'mechanical': 2, 'ebike': 0}",0,13,0,1790550634.0
7238,5,"{'mechanical': 5, 'ebike': 0}",1,10,0,1790550598.0
7239,0,"{'mechanical': 0, 'ebike': 0}",2,40,0,1790550591.0
7240,2,"{'mechanical': 2, 'ebike': 0}",0,31,1,1790550588.0
7241,0,"{'mechanical': 0, 'ebike': 0}",2,9,0,1790550605.0
7242,10,"{'mechanical': 9, 'ebike': 1}",2,23,0,1790550610.0
7243,3,"{'mechanical': 3, 'ebike': 0}",7,4,0,1790550583.0
7244,9,"{'mechanical': 9, 'ebike': 0}",3,4,0,1790550562.0
7246,2,"{'mechanical': 1, 'ebike': 1}",2,15,0,1790550656.0
7247,2,"{'mechanical': 2, 'ebike': 0}",1,9,0,1790550592.0
7248,9,"{'mechanical': 7, 'ebike': 2}",3,7,1,1790550553.0
7249,23,"{'mechanical': 3, 'ebike': 20}",6,22,0,1790550665.0
7250,0,"{'mechanical': 0, 'ebike': 0}",2,14,0,1790550595.0
7252,1,"{'mechanical': 0, 'ebike': 1}",1,16,0,1790550571.0
7253,11,"{'mechanical': 10, 'ebike': 1}",1,0,0,1790550669.0
7256,9,"{'mechanical': 9, 'ebike': 0}",1,1,1,1790550661.0
7257,3,"{'mechanical': 0, 'ebike': 3}",3,13,0,1790550609.0
7258,14,"{'mechanical': 13, 'ebike': 1}",0,0,1,1790550598.0
7259,17,"{'mechanical': 17, 'ebike': 0}",1,0,1,1790550609.0
7260,9,"{'mechanical': 9, 'ebike': 0}",2,4,0,1790550582.0
7261,14,"{'mechanical': 14, 'ebike': 0}",3,9,0,1790550651.0
7262,3,"{'mechanical': 3, 'ebike': 0}",3,10,0,1790550559.0
7264,2,"{'mechanical': 2, 'ebike': 0}",0,18,0,1790550670.0
7265,4,"{'mechanical': 3, 'ebike': 1}",1,6,1,1790550465.0
7266,1,"{'mechanical': 1, 'ebike': 0}",0,11,0,1790550666.0
7267,0,"{'mechanical': 0, 'ebike': 0}",4,11,0,1790550636.0
7268,4,"{'mechanical': 3, 'ebike': 1}",1,11,0,1790550668.0
7269,3,"{'mechanical': 2, 'ebike': 1}",0,17,0,1790550669.0
7270,2,"{'mechanical': 1, 'ebike': 1}",5,13,0,1790550570.0
7271,0,"{'mechanical': 0, 'ebike': 0}",1,16,1,1790550648.0
7272,1,"{'mechanical': 0, 'ebike': 1}",1,25,0,1790550552.0
7273,1,"{'mechanical': 0, 'ebike': 1}",2,17,0,1790550618.0
7276,2,"{'mechanical': 1, 'ebike': 1}",0,9,0,1790550558.0
7277,0,"{'mechanical': 0, 'ebike': 0}",1,19,0,1790550580.0
7278,13,"{'mechanical': 11, 'ebike': 2}",0,2,0,1790550580.0
7279,0,"{'mechanical': 0, 'ebike': 0}",3,13,0,1790550658.0
7281,2,"{'mechanical': 1, 'ebike': 1}",0,22,0,1790550595.0
7282,20,"{'mechanical': 20, 'ebike': 0}",2,1,0,1790550656.0
7283,2,"{'mechanical': 2, 'ebike': 0}",2,15,0,1790550587.0
7284,9,"{'mechanical': 9, 'ebike': 0}",1,14,0,1790550596.0
7285,4,"{'mechanical': 3, 'ebike': 1}",0,32,0,1790550596.0
7286,13,"{'mechanical': 13, 'ebike': 0}",0,5,0,1790550627.0
7287,15,"{'mechanical': 14, 'ebike': 1}",0,1,0,1790550595.0
7288,21,"{'mechanical': 20, 'ebike': 1}",1,8,1,1790550612.0
7289,4,"{'mechanical': 4, 'ebike': 0}",1,17,1,1790550649.0
7291,12,"{'mechanical': 12, 'ebike': 0}",1,2,0,1790550597.0
7292,1,"{'mechanical': 0, 'ebike': 1}",0,23,0,1790550585.0
7296,3,"{'mechanical': 2, 'ebike': 1}",3,13,0,1790550638.0
7297,5,"{'mechanical': 2, 'ebike': 3}",3,11,0,1790550665.0
7298,22,"{'mechanical': 20, 'ebike': 2}",2,0,0,1790550557.0
7299,13,"{'mechanical': 13, 'ebike': 0}",2,0,0,1790550657.0
7301,6,"{'mechanical': 3, 'ebike': 3}",1,8,0,1790550588.0
7302,1,"{'mechanical': 0, 'ebike': 1}",0,10,0,1790550603.0
7303,26,"{'mechanical': 26, 'ebike': 0}",0,17,0,1790550637.0
7309,13,"{'mechanical': 13, 'ebike': 0}",1,9,0,1790550671.0
7311,4,"{'mechanical': 1, 'ebike': 3}",1,14,0,1790550553.0
7312,4,"{'mechanical': 4, 'ebike': 0}",0,7,0,1790550607.0
7313,13,"{'mechanical': 13, 'ebike': 0}",0,16,0,1790550570.0
7314,3,"{'mechanical': 2, 'ebike': 1}",0,12,0,1790550645.0
7315,6,"{'mechanical': 5, 'ebike': 1}",0,5,0,1790550590.0
7316,15,"{'mechanical': 14, 'ebike': 1}",0,0,0,1790550674.0
7317,34,"{'mechanical': 33, 'ebike': 1}",0,5,0,1790550630.0
7318,25,"{'mechanical': 25, 'ebike': 0}",1,1,0,1790550558.0
7319,10,"{'mechanical': 10, 'ebike': 0}",0,1,0,1790550674.0
7320,16,"{'mechanical': 16, 'ebike': 0}",2,1,0,1790550621.0
7321,14,"{'mechanical': 14, 'ebike': 0}",1,4,0,1790550556.0
7322,2,"{'mechanical': 2, 'ebike': 0}",3,13,1,1790550612.0
7323,14,"{'mechanical': 14, 'ebike': 0}",2,2,1,1790550602.0
7324,19,"{'mechanical': 19, 'ebike': 0}",2,2,0,1790550617.0
7326,1,"{'mechanical': 0, 'ebike': 1}",1,17,0,1790550573.0
7329,13,"{'mechanical': 12, 'ebike': 1}",1,5,0,1790550575.0
7331,2,"{'mechanical': 0, 'ebike': 2}",0,17,0,1790550560.0
7332,0,"{'mechanical': 0, 'ebike': 0}",0,23,0,1790550597.0
7333,7,"{'mechanical': 7, 'ebike': 0}",0,12,0,1790547454.0
7334,10,"{'mechanical': 10, 'ebike': 0}",1,4,0,1790550574.0
7335,0,"{'mechanical': 0, 'ebike': 0}",6,13,0,1790550624.0
7336,17,"{'mechanical': 16, 'ebike': 1}",0,2,0,1790550560.0
7337,12,"{'mechanical': 12, 'ebike': 0}",1,10,0,1790550607.0
7338,5,"{'mechanical': 5, 'ebike': 0}",2,12,0,1790550624.0
7339,2,"{'mechanical': 0, 'ebike': 2}",1,12,0,1790550571.0
7340,6,"{'mechanical': 6, 'ebike': 0}",0,9,0,1790550629.0
7341,12,"{'mechanical': 12, 'ebike': 0}",1,1,0,1790550571.0
7342,7,"{'mechanical': 7, 'ebike': 0}",0,3,0,1790550659.0
7343,37,"{'mechanical': 36, 'ebike': 1}",2,1,1,1790550657.0
7344,16,"{'mechanical': 15, 'ebike': 1}",3,30,0,1790550601.0
7345,15,"{'mechanical': 15, 'ebike': 0}",0,16,0,1790550619.0
7346,14,"{'mechanical': 14, 'ebike': 0}",3,6,0,1790550671.0
7347,1,"{'mechanical': 1, 'ebike': 0}",0,14,0,1790550579.0
7348,0,"{'mechanical': 0, 'ebike': 0}",0,19,0,1790550604.0
7349,5,"{'mechanical': 3, 'ebike': 2}",1,16,1,1790550636.0
7350,4,"{'mechanical': 2, 'ebike': 2}",0,19,0,1790550614.0
7351,2,"{'mechanical': 2, 'ebike': 0}",0,17,0,1790550645.0
7352,0,"{'mechanical': 0, 'ebike': 0}",0,19,0,1790550602.0
7353,3,"{'mechanical': 3, 'ebike': 0}",0,16,0,1790550598.0
7354,18,"{'mechanical': 18, 'ebike': 0}",6,7,0,1790550651.0
7355,1,"{'mechanical': 1, 'ebike': 0}",1,9,0,1790550597.0
7356,21,"{'mechanical': 19, 'ebike': 2}",0,10,0,1790550641.0
7357,16,"{'mechanical': 16, 'ebike': 0}",1,2,0,1790550673.0
7358,0,"{'mechanical': 0, 'ebike': 0}",3,14,0,1790550601.0
7359,0,"{'mechanical': 0, 'ebike': 0}",2,21,0,1790550569.0
7360,1,"{'mechanical': 0, 'ebike': 1}",1,15,0,1790550661.0
7361,1,"{'mechanical': 0, 'ebike': 1}",3,15,0,1790550644.0
7362,0,"{'mechanical': 0, 'ebike': 0}",2,17,0,1790550572.0
7363,2,"{'mechanical': 1, 'ebike': 1}",3,10,0,1790550650.0
7364,31,"{'mechanical': 31, 'ebike': 0}",0,4,0,1790550669.0
7365,44,"{'mechanical': 42, 'ebike': 2}",1,16,0,1790550643.0
7366,3,"{'mechanical': 3, 'ebike': 0}",4,13,0,1790550563.0
7367,2,"{'mechanical': 2, 'ebike': 0}",3,11,0,1790550596.0
7368,6,"{'mechanical': 2, 'ebike': 4}",0,2,0,1790550646.0
7371,1,"{'mechanical': 0, 'ebike': 1}",0,19,0,1790550655.0
7373,14,"{'mechanical': 14, 'ebike': 0}",1,0,0,1790550601.0
7374,17,"{'mechanical': 17, 'ebike': 0}",0,2,0,1790550575.0
7375,10,"{'mechanical': 10, 'ebike': 0}",1,0,0,1790550654.0
7376,4,"{'mechanical': 1, 'ebike': 3}",1,14,0,1790550672.0
7377,4,"{'mechanical': 1, 'ebike': 3}",4,28,0,1790550631.0
7378,3,"{'mechanical': 1, 'ebike': 2}",1,11,0,1790550624.0
7379,1,"{'mechanical': 0, 'ebike': 1}",2,11,1,1790550590.0
7380,2,"{'mechanical': 0, 'ebike': 2}",2,12,0,1790550570.0
7381,0,"{'mechanical': 0, 'ebike': 0}",5,30,0,1790550578.0
7382,8,"{'mechanical': 8, 'ebike': 0}",2,17,0,1790550604.0
7383,1,"{'mechanical': 1, 'ebike': 0}",0,14,0,1790550561.0
7384,0,"{'mechanical': 0, 'ebike': 0}",5,4,0,1790550586.0
7385,2,"{'mechanical': 1, 'ebike': 1}",19,12,0,1790550568.0
7386,2,"{'mechanical': 0, 'ebike': 2}",2,12,0,1790550628.0
7387,4,"{'mechanical': 2, 'ebike': 2}",1,7,0,1790550626.0
7388,3,"{'mechanical': 2, 'ebike': 1}",0,12,0,1790550549.0
7389,4,"{'mechanical': 3, 'ebike': 1}",3,18,0,1790550563.0
7391,30,"{'mechanical': 27, 'ebike': 3}",0,1,0,1790550658.0
7395,2,"{'mechanical': 1, 'ebike': 1}",0,21,0,1790550655.0
7398,1,"{'mechanical': 1, 'ebike': 0}",3,15,0,1790550621.0
7399,10,"{'mechanical': 10, 'ebike': 0}",0,9,0,1790550591.0
7400,16,"{'mechanical': 14, 'ebike': 2}",0,7,0,1790550636.0
7403,3,"{'mechanical': 2, 'ebike': 1}",1,15,0,1790550672.0
7404,0,"{'mechanical': 0, 'ebike': 0}",2,16,1,1790550664.0
7407,1,"{'mechanical': 1, 'ebike': 0}",2,20,0,1790550564.0
7409,4,"{'mechanical': 4, 'ebike': 0}",1,22,0,1790550657.0
7410,0,"{'mechanical': 0, 'ebike': 0}",0,19,0,1790550641.0
7411,20,"{'mechanical': 20, 'ebike': 0}",0,3,0,1790550672.0
7412,2,"{'mechanical': 2, 'ebike': 0}",3,17,1,1790550619.0
7414,3,"{'mechanical': 2, 'ebike': 1}",0,12,0,1790550611.0
7415,2,"{'mechanical': 1, 'ebike': 1}",1,20,0,1790550609.0
7416,12,"{'mechanical': 12, 'ebike': 0}",1,18,0,1790550594.0
7417,9,"{'mechanical': 8, 'ebike': 1}",0,2,0,1790550661.0
7418,1,"{'mechanical': 0, 'ebike': 1}",1,23,0,1790550639.0
7419,4,"{'mechanical': 4, 'ebike': 0}",2,21,0,1790550650.0
7420,5,"{'mechanical': 3, 'ebike': 2}",2,21,0,1790550623.0
7422,5,"{'mechanical': 5, 'ebike': 0}",2,9,0,1790550597.0
7425,20,"{'mechanical': 20, 'ebike': 0}",0,3,0,1790550641.0
7427,17,"{'mechanical': 17, 'ebike': 0}",0,24,0,1790550655.0
7428,42,"{'mechanical': 42, 'ebike': 0}",1,0,0,1790550644.0
7429,0,"{'mechanical': 0, 'ebike': 0}",1,14,0,1790550621.0
7430,3,"{'mechanical': 2, 'ebike': 1}",1,23,0,1790550614.0
7431,21,"{'mechanical': 21, 'ebike': 0}",0,4,0,1790550666.0
7432,8,"{'mechanical': 8, 'ebike': 0}",1,38,0,1790550563.0
7433,15,"{'mechanical': 15, 'ebike': 0}",0,1,0,1790550600.0
7434,24,"{'mechanical': 0, 'ebike': 24}",1,14,0,1790550635.0
7435,1,"{'mechanical': 0, 'ebike': 1}",0,10,0,1790550630.0
7437,11,"{'mechanical': 6, 'ebike': 5}",1,3,0,1790550616.0
7438,0,"{'mechanical': 0, 'ebike': 0}",1,18,0,1790550650.0
7441,1,"{'mechanical': 1, 'ebike': 0}",2,20,0,1790550652.0
7442,1,"{'mechanical': 0, 'ebike': 1}",1,13,0,1790550584.0
7444,1,"{'mechanical': 0, 'ebike': 1}",0,19,0,1790550587.0
7445,19,"{'mechanical': 18, 'ebike': 1}",0,0,0,1790550629.0
7446,24,"{'mechanical': 23, 'ebike': 1}",1,0,0,1790550591.0
7447,2,"{'mechanical': 1, 'ebike': 1}",0,21,0,1790550569.0
7448,0,"{'mechanical': 0, 'ebike': 0}",0,18,1,1790550557.0
7449,4,"{'mechanical': 3, 'ebike': 1}",0,11,0,1790550656.0
7450,2,"{'mechanical': 0, 'ebike': 2}",1,11,1,1790550642.0
7451,0,"{'mechanical': 0, 'ebike': 0}",4,27,0,1790550618.0
7452,11,"{'mechanical': 0, 'ebike': 11}",2,9,1,1790550551.0
7453,3,"{'mechanical': 3, 'ebike': 0}",1,12,1,1790550647.0
7454,0,"{'mechanical': 0, 'ebike': 0}",5,10,0,1790550581.0
7455,2,"{'mechanical': 2, 'ebike': 0}",1,24,0,1790550627.0
7457,1,"{'mechanical': 1, 'ebike': 0}",1,20,1,1790550640.0
7458,1,"{'mechanical': 1, 'ebike': 0}",1,15,0,1790550648.0
7459,0,"{'mechanical': 0, 'ebike': 0}",0,11,0,1790550654.0
7460,0,"{'mechanical': 0, 'ebike': 0}",1,24,2,1790550566.0
7461,0,"{'mechanical': 0, 'ebike': 0}",3,20,0,1790550653.0
7462,1,"{'mechanical': 1, 'ebike': 0}",2,14,0,1790550555.0
7465,0,"{'mechanical': 0, 'ebike': 0}",4,15,0,1790550568.0
7466,7,"{'mechanical': 1, 'ebike': 6}",5,7,0,1790550570.0
7467,9,"{'mechanical': 8, 'ebike': 1}",1,5,0,1790550670.0
7468,20,"{'mechanical': 19, 'ebike': 1}",2,5,0,1790550554.0
7469,4,"{'mechanical': 4, 'ebike': 0}",1,18,0,1790550669.0
7471,8,"{'mechanical': 8, 'ebike': 0}",0,7,0,1790550627.0
7473,2,"{'mechanical': 1, 'ebike': 1}",6,7,0,1790550572.0
7474,20,"{'mechanical': 19, 'ebike': 1}",2,1,0,1790549447.0
7475,4,"{'mechanical': 3, 'ebike': 1}",4,11,0,1790550602.0
7476,4,"{'mechanical': 1, 'ebike': 3}",1,10,0,1790550640.0
7477,4,"{'mechanical': 1, 'ebike': 3}",1,15,0,1790550567.0
7478,16,"{'mechanical': 15, 'ebike': 1}",1,2,0,1790550658.0
7480,8,"{'mechanical': 5, 'ebike': 3}",1,6,0,1790550635.0
7483,2,"{'mechanical': 2, 'ebike': 0}",0,10,0,1790550597.0
7484,2,"{'mechanical': 0, 'ebike': 2}",2,12,0,1790550558.0
7485,0,"{'mechanical': 0, 'ebike': 0}",0,15,0,1790550554.0
7486,0,"{'mechanical': 0, 'ebike': 0}",0,22,0,1790550586.0
7487,7,"{'mechanical': 6, 'ebike': 1}",0,8,0,1790550617.0
7488,1,"{'mechanical': 0, 'ebike': 1}",2,8,0,1790550580.0
7489,2,"{'mechanical': 1, 'ebike': 1}",1,16,0,1790550608.0
7492,5,"{'mechanical': 5, 'ebike': 0}",0,10,0,1790550641.0
7493,8,"{'mechanical': 8, 'ebike': 0}",0,4,0,1790550586.0
7494,1,"{'mechanical': 0, 'ebike': 1}",3,8,0,1790550669.0
7496,15,"{'mechanical': 15, 'ebike': 0}",2,3,0,1790550665.0
7497,0,"{'mechanical': 0, 'ebike': 0}",2,18,0,1790550628.0
7501,0,"{'mechanical': 0, 'ebike': 0}",0,20,0,1790550631.0
7502,0,"{'mechanical': 0, 'ebike': 0}",3,17,0,1790550632.0
7503,1,"{'mechanical': 0, 'ebike': 1}",0,19,0,1790550631.0
7504,3,"{'mechanical': 3, 'ebike': 0}",0,13,0,1790550594.0
7505,3,"{'mechanical': 2, 'ebike': 1}",1,16,0,1790550595.0
7506,2,"{'mechanical': 2, 'ebike': 0}",1,9,0,1790550599.0
7508,3,"{'mechanical': 3, 'ebike': 0}",2,15,0,1790550587.0
7514,45,"{'mechanical': 45, 'ebike': 0}",6,12,0,1790550549.0
7515,17,"{'mechanical': 15, 'ebike': 2}",1,9,0,1790550663.0
7516,10,"{'mechanical': 9, 'ebike': 1}",2,5,0,1790550626.0
7517,22,"{'mechanical': 21, 'ebike': 1}",0,1,0,1790550585.0
7518,10,"{'mechanical': 10, 'ebike': 0}",2,15,0,1790550626.0
7520,0,"{'mechanical': 0, 'ebike': 0}",1,14,0,1790550559.0
7521,1,"{'mechanical': 0, 'ebike': 1}",1,21,0,1790550628.0
7522,4,"{'mechanical': 3, 'ebike': 1}",1,12,0,1790550578.0
7523,9,"{'mechanical': 9, 'ebike': 0}",1,4,1,1790550639.0
7524,3,"{'mechanical': 3, 'ebike': 0}",3,29,0,1790550649.0
7526,5,"{'mechanical': 0, 'ebike': 5}",0,18,0,1790550582.0
7527,4,"{'mechanical': 4, 'ebike': 0}",0,15,0,1790550641.0
7528,0,"{'mechanical': 0, 'ebike': 0}",3,14,0,1790550604.0
7529,1,"{'mechanical': 0, 'ebike': 1}",0,14,0,1790550561.0
7530,3,"{'mechanical': 2, 'ebike': 1}",1,18,0,1790550639.0
7531,2,"{'mechanical': 2, 'ebike': 0}",2,16,0,1790550612.0
7533,13,"{'mechanical': 13, 'ebike': 0}",3,11,0,1790550663.0
7534,10,"{'mechanical': 8, 'ebike': 2}",3,2,0,1790550643.0
7536,5,"{'mechanical': 5, 'ebike': 0}",1,17,0,1790550597.0
7537,2,"{'mechanical': 1, 'ebike': 1}",4,10,0,1790550652.0
7538,0,"{'mechanical': 0, 'ebike': 0}",1,18,0,1790550571.0
7539,5,"{'mechanical': 5, 'ebike': 0}",1,13,0,1790550585.0
7540,0,"{'mechanical': 0, 'ebike': 0}",0,16,3,1790550557.0
7541,0,"{'mechanical': 0, 'ebike': 0}",3,17,0,1790550639.0
7542,14,"{'mechanical': 13, 'ebike': 1}",0,9,0,1790550640.0
7543,12,"{'mechanical': 12, 'ebike': 0}",0,3,0,1790550591.0
7545,10,"{'mechanical': 10, 'ebike': 0}",0,5,0,1790550602.0
7546,2,"{'mechanical': 1, 'ebike': 1}",2,14,0,1790550584.0
7547,3,"{'mechanical': 3, 'ebike': 0}",0,12,0,1790550595.0
7548,3,"{'mechanical': 3, 'ebike': 0}",6,11,0,1790550582.0
7549,2,"{'mechanical': 0, 'ebike': 2}",1,44,0,1790550581.0
7551,14,"{'mechanical': 14, 'ebike': 0}",1,0,0,1790550611.0
7552,4,"{'mechanical': 4, 'ebike': 0}",0,13,2,1790550627.0
7553,0,"{'mechanical': 0, 'ebike': 0}",0,19,0,1790550556.0
7554,10,"{'mechanical': 10, 'ebike': 0}",0,17,0,1790550664.0
7555,2,"{'mechanical': 2, 'ebike': 0}",0,17,1,1790550573.0
7556,15,"{'mechanical': 14, 'ebike': 1}",2,14,0,1790550574.0
7557,19,"{'mechanical': 19, 'ebike': 0}",0,4,0,1790550674.0
7558,16,"{'mechanical': 16, 'ebike': 0}",2,1,0,1790550611.0
7559,10,"{'mechanical': 9, 'ebike': 1}",0,5,0,1790550575.0
7561,2,"{'mechanical': 0, 'ebike': 2}",0,13,0,1790550627.0
7562,0,"{'mechanical': 0, 'ebike': 0}",1,22,0,1790550571.0
7563,12,"{'mechanical': 12, 'ebike': 0}",0,7,0,1790550555.0
7564,1,"{'mechanical': 1, 'ebike': 0}",0,22,0,1790550633.0
7565,0,"{'mechanical': 0, 'ebike': 0}",1,22,0,1790550630.0
7566,0,"{'mechanical': 0, 'ebike': 0}",1,18,0,1790550671.0
7567,5,"{'mechanical': 5, 'ebike': 0}",0,22,0,1790550627.0
7568,9,"{'mechanical': 6, 'ebike': 3}",3,14,1,1790550634.0
7569,42,"{'mechanical': 38, 'ebike': 4}",2,42,1,1790550638.0
7570,7,"{'mechanical': 7, 'ebike': 0}",4,6,0,1790550563.0
7571,16,"{'mechanical': 16, 'ebike': 0}",0,3,0,1790550560.0
7572,1,"{'mechanical': 0, 'ebike': 1}",0,14,0,1790550645.0
7575,8,"{'mechanical': 5, 'ebike': 3}",0,7,0,1790550579.0
7576,16,"{'mechanical': 16, 'ebike': 0}",1,6,0,1790550668.0
7577,0,"{'mechanical': 0, 'ebike': 0}",3,24,0,1790550565.0
7578,4,"{'mechanical': 4, 'ebike': 0}",5,6,0,1790550573.0
7579,0,"{'mechanical': 0, 'ebike': 0}",2,17,0,1790550570.0
7580,4,"{'mechanical': 2, 'ebike': 2}",0,11,0,1790550644.0
7581,1,"{'mechanical': 0, 'ebike': 1}",0,14,0,1790550593.0
7582,1,"{'mechanical': 0, 'ebike': 1}",0,15,0,1790550671.0
7583,3,"{'mechanical': 1, 'ebike': 2}",0,20,0,1790550660.0
7584,2,"{'mechanical': 2, 'ebike': 0}",0,25,0,1790550660.0
7587,5,"{'mechanical': 5, 'ebike': 0}",0,13,1,1790550635.0
7588,3,"{'mechanical': 2, 'ebike': 1}",1,15,0,1790550594.0
7589,6,"{'mechanical': 5, 'ebike': 1}",3,6,0,1790550558.0
7590,2,"{'mechanical': 2, 'ebike': 0}",0,21,0,1790550648.0
7591,0,"{'mechanical': 0, 'ebike': 0}",4,19,0,1790550562.0
7593,5,"{'mechanical': 5, 'ebike': 0}",0,22,0,1790550643.0
7594,9,"{'mechanical': 2, 'ebike': 7}",4,2,0,1790550649.0
7595,1,"{'mechanical': 1, 'ebike': 0}",1,13,0,1790550614.0
7596,1,"{'mechanical': 1, 'ebike': 0}",0,31,0,1790550667.0
7597,0,"{'mechanical': 0, 'ebike': 0}",0,15,0,1790550629.0
7598,0,"{'mechanical': 0, 'ebike': 0}",0,14,1,1790550645.0
7599,5,"{'mechanical': 4, 'ebike': 1}",3,8,0,1790550553.0
7600,2,"{'mechanical': 0, 'ebike': 2}",0,18,0,1790550668.0
7601,9,"{'mechanical': 8, 'ebike': 1}",2,12,2,1790550564.0
7602,2,"{'mechanical': 2, 'ebike': 0}",0,17,0,1790550601.0
7603,3,"{'mechanical': 3, 'ebike': 0}",2,9,0,1790550618.0
7604,1,"{'mechanical': 1, 'ebike': 0}",0,18,0,1790550560.0
7605,5,"{'mechanical': 3, 'ebike': 2}",0,15,0,1790550589.0
7606,5,"{'mechanical': 4, 'ebike': 1}",1,13,0,1790550628.0
7607,10,"{'mechanical': 10, 'ebike': 0}",0,8,1,1790550560.0
7608,0,"{'mechanical': 0, 'ebike': 0}",0,27,0,1790550642.0
7609,0,"{'mechanical': 0, 'ebike': 0}",0,27,0,1790550631.0
7610,3,"{'mechanical': 0, 'ebike': 3}",1,11,0,1790550671.0
7611,0,"{'mechanical': 0, 'ebike': 0}",0,19,0,1790550571.0
7612,2,"{'mechanical': 1, 'ebike': 1}",1,16,0,1790550614.0
7613,0,"{'mechanical': 0, 'ebike': 0}",0,17,2,1790550591.0
7614,1,"{'mechanical': 0, 'ebike': 1}",0,22,0,1790550572.0
7615,10,"{'mechanical': 10, 'ebike': 0}",1,8,0,1790550644.0
7616,4,"{'mechanical': 3, 'ebike': 1}",0,15,0,1790550638.0
7617,1,"{'mechanical': 1, 'ebike': 0}",0,17,1,1790550645.0
7618,1,"{'mechanical': 1, 'ebike': 0}",0,10,0,1790550666.0
7619,0,"{'mechanical': 0, 'ebike': 0}",1,14,0,1790550654.0
7620,2,"{'mechanical': 0, 'ebike': 2}",1,28,0,1790550670.0
7622,12,"{'mechanical': 11, 'ebike': 1}",0,11,0,1790550651.0
7623,4,"{'mechanical': 3, 'ebike': 1}",1,14,0,1790550650.0
7624,0,"{'mechanical': 0, 'ebike': 0}",0,11,0,1790550633.0
7625,0,"{'mechanical': 0, 'ebike': 0}",1,22,0,1790550558.0
7626,1,"{'mechanical': 1, 'ebike': 0}",2,22,0,1790550641.0
7627,1,"{'mechanical': 0, 'ebike': 1}",0,14,0,1790550639.0
7629,5,"{'mechanical': 4, 'ebike': 1}",0,10,0,1790550669.0
7630,6,"{'mechanical': 6, 'ebike': 0}",1,16,0,1790550663.0
7631,14,"{'mechanical': 14, 'ebike': 0}",0,1,0,1790550637.0
7632,1,"{'mechanical': 1, 'ebike': 0}",3,13,0,1790550575.0
7633,13,"{'mechanical': 12, 'ebike': 1}",2,0,0,1790550606.0
7635,2,"{'mechanical': 1, 'ebike': 1}",3,10,0,1790550651.0
7636,8,"{'mechanical': 7, 'ebike': 1}",0,15,0,1790550654.0
7637,3,"{'mechanical': 2, 'ebike': 1}",1,14,1,1790550622.0
7639,8,"{'mechanical': 6, 'ebike': 2}",3,5,0,1790550675.0
7640,2,"{'mechanical': 0, 'ebike': 2}",2,9,2,1790550577.0
7641,1,"{'mechanical': 1, 'ebike': 0}",0,14,0,1790550646.0
7642,0,"{'mechanical': 0, 'ebike': 0}",3,16,0,1790550561.0
7643,2,"{'mechanical': 1, 'ebike': 1}",0,17,0,1790550597.0
7644,0,"{'mechanical': 0, 'ebike': 0}",0,15,0,1790550584.0
7645,1,"{'mechanical': 0, 'ebike': 1}",0,15,0,1790550672.0
7646,0,"{'mechanical': 0, 'ebike': 0}",0,15,0,1790550558.0
7650,0,"{'mechanical': 0, 'ebike': 0}",5,18,0,1790550642.0
7653,9,"{'mechanical': 9, 'ebike': 0}",2,4,0,1790550602.0
7654,1,"{'mechanical': 1, 'ebike': 0}",0,6,0,1790550660.0
7655,0,"{'mechanical': 0, 'ebike': 0}",1,14,0,1790550585.0
7656,5,"{'mechanical': 3, 'ebike': 2}",2,4,0,1790550649.0
7657,19,"{'mechanical': 19, 'ebike': 0}",0,1,0,1790550664.0
7658,25,"{'mechanical': 24, 'ebike': 1}",0,2,0,1790550626.0
7659,2,"{'mechanical': 1, 'ebike': 1}",1,16,0,1790550575.0
7660,38,"{'mechanical': 38, 'ebike': 0}",0,1,0,1790550615.0
7662,10,"{'mechanical': 10, 'ebike': 0}",1,8,0,1790550555.0
7663,4,"{'mechanical': 3, 'ebike': 1}",3,10,0,1790550643.0
7664,4,"{'mechanical': 4, 'ebike': 0}",1,10,0,1790550667.0
7665,3,"{'mechanical': 3, 'ebike': 0}",0,8,0,1790550617.0
7666,0,"{'mechanical': 0, 'ebike': 0}",2,22,2,1790550637.0
7667,2,"{'mechanical': 2, 'ebike': 0}",3,9,1,1790550635.0
7668,8,"{'mechanical': 4, 'ebike': 4}",2,10,0,1790550653.0
7671,1,"{'mechanical': 0, 'ebike': 1}",1,10,0,1790550569.0
7675,2,"{'mechanical': 1, 'ebike': 1}",1,11,1,1790550673.0
7676,1,"{'mechanical': 1, 'ebike': 0}",0,15,0,1790550584.0
7677,0,"{'mechanical': 0, 'ebike': 0}",1,14,0,1790550596.0
7678,1,"{'mechanical': 1, 'ebike': 0}",1,14,0,1790550569.0
7679,0,"{'mechanical': 0, 'ebike': 0}",1,14,0,1790550637.0
7681,6,"{'mechanical': 1, 'ebike': 5}",1,17,0,1790550667.0
7682,33,"{'mechanical': 32, 'ebike': 1}",1,1,0,1790550637.0
7684,1,"{'mechanical': 1, 'ebike': 0}",1,21,0,1790550646.0
7685,16,"{'mechanical': 16, 'ebike': 0}",5,2,0,1790550594.0
7686,12,"{'mechanical': 12, 'ebike': 0}",0,3,0,1790550591.0
7687,1,"{'mechanical': 1, 'ebike': 0}",2,9,0,1790550647.0
7688,2,"{'mechanical': 1, 'ebike': 1}",2,11,0,1790550560.0
7691,0,"{'mechanical': 0, 'ebike': 0}",2,15,2,1790550655.0
7692,23,"{'mechanical': 22, 'ebike': 1}",1,2,0,1790550624.0
7693,5,"{'mechanical': 5, 'ebike': 0}",0,18,0,1790550599.0
7694,2,"{'mechanical': 0, 'ebike': 2}",0,17,0,1790550640.0
7695,14,"{'mechanical': 12, 'ebike': 2}",0,5,0,1790550584.0
7696,11,"{'mechanical': 11, 'ebike': 0}",0,8,0,1790550627.0
7698,3,"{'mechanical': 3, 'ebike': 0}",1,10,0,1790550567.0
7699,3,"{'mechanical': 0, 'ebike': 3}",2,10,0,1790550612.0
7700,2,"{'mechanical': 0, 'ebike': 2}",0,13,0,1790550573.0
7701,10,"{'mechanical': 9, 'ebike': 1}",1,7,1,1790550658.0
7702,8,"{'mechanical': 8, 'ebike': 0}",1,9,0,1790550623.0
7704,2,"{'mechanical': 1, 'ebike': 1}",1,16,0,1790550609.0
7705,14,"{'mechanical': 14, 'ebike': 0}",0,5,0,1790550617.0
7706,9,"{'mechanical': 7, 'ebike': 2}",1,17,0,1790550588.0
7707,18,"{'mechanical': 17, 'ebike': 1}",1,0,0,1790550566.0
7708,10,"{'mechanical': 2, 'ebike': 8}",6,12,0,1790550650.0
7709,5,"{'mechanical': 2, 'ebike': 3}",1,17,0,1790550619.0
7710,0,"{'mechanical': 0, 'ebike': 0}",5,10,0,1790550616.0
7711,6,"{'mechanical': 6, 'ebike': 0}",2,7,0,1790550593.0
7712,18,"{'mechanical': 18, 'ebike': 0}",1,3,1,1790550610.0
7713,13,"{'mechanical': 13, 'ebike': 0}",2,4,0,1790550649.0
7715,4,"{'mechanical': 1, 'ebike': 3}",0,7,0,1790550572.0
7716,14,"{'mechanical': 14, 'ebike': 0}",2,3,0,1790550670.0
7717,11,"{'mechanical': 10, 'ebike': 1}",0,0,0,1790550569.0
7718,7,"{'mechanical': 7, 'ebike': 0}",2,1,1,1790550572.0
7720,24,"{'mechanical': 24, 'ebike': 0}",3,4,0,1790550561.0
7721,11,"{'mechanical': 9, 'ebike': 2}",0,0,0,1790550620.0
7725,0,"{'mechanical': 0, 'ebike': 0}",1,14,0,1790550586.0
7728,6,"{'mechanical': 2, 'ebike': 4}",0,13,0,1790550628.0
7729,21,"{'mechanical': 8, 'ebike': 13}",4,20,0,1790550570.0
7730,27,"{'mechanical': 20, 'ebike': 7}",4,12,0,1790550597.0
7731,2,"{'mechanical': 0, 'ebike': 2}",1,12,0,1790550666.0
7732,6,"{'mechanical': 6, 'ebike': 0}",0,9,0,1790550555.0
7733,5,"{'mechanical': 5, 'ebike': 0}",0,10,0,1790550615.0
7734,1,"{'mechanical': 1, 'ebike': 0}",0,14,0,1790550661.0
7735,2,"{'mechanical': 0, 'ebike': 2}",0,13,0,1790550594.0
7736,2,"{'mechanical': 1, 'ebike': 1}",0,13,0,1790550630.0
7737,3,"{'mechanical': 3, 'ebike': 0}",0,12,0,1790550626.0
7738,0,"{'mechanical': 0, 'ebike': 0}",1,14,0,1790550639.0
7739,2,"{'mechanical': 2, 'ebike': 0}",1,12,0,1790550575.0
7740,4,"{'mechanical': 3, 'ebike': 1}",0,11,0,1790550573.0
7741,2,"{'mechanical': 0, 'ebike': 2}",1,12,0,1790550589.0
7742,0,"{'mechanical': 0, 'ebike': 0}",0,19,0,1790550560.0
7743,0,"{'mechanical': 0, 'ebike': 0}",3,16,0,1790550561.0
7744,1,"{'mechanical': 0, 'ebike': 1}",0,22,0,1790550583.0
7745,6,"{'mechanical': 6, 'ebike': 0}",0,9,0,1790550668.0
7746,2,"{'mechanical': 0, 'ebike': 2}",1,15,1,1790550614.0
7747,0,"{'mechanical': 0, 'ebike': 0}",1,14,0,1790550578.0
7748,7,"{'mechanical': 6, 'ebike': 1}",1,11,0,1790550602.0
7749,2,"{'mechanical': 2, 'ebike': 0}",0,13,0,1790550580.0
7750,0,"{'mechanical': 0, 'ebike': 0}",0,15,0,1790550584.0
7751,2,"{'mechanical': 0, 'ebike': 2}",1,12,0,1790550556.0
7752,16,"{'mechanical': 16, 'ebike': 0}",0,7,0,1790550613.0
7753,9,"{'mechanical': 9, 'ebike': 0}",3,3,0,1790550593.0
7754,1,"{'mechanical': 1, 'ebike': 0}",2,11,0,1790550625.0
7755,7,"{'mechanical': 7, 'ebike': 0}",0,8,0,1790550624.0
7756,5,"{'mechanical': 5, 'ebike': 0}",0,14,0,1790550556.0
7757,14,"{'mechanical': 14, 'ebike': 0}",2,2,0,1790550616.0
7758,6,"{'mechanical': 6, 'ebike': 0}",0,13,0,1790550571.0
7759,12,"{'mechanical': 12, 'ebike': 0}",0,3,0,1790550581.0
7760,7,"{'mechanical': 4, 'ebike': 3}",3,13,0,1790550649.0
7761,4,"{'mechanical': 3, 'ebike': 1}",1,10,0,1790550609.0
7762,1,"{'mechanical': 1, 'ebike': 0}",1,12,0,1790550565.0
7765,2,"{'mechanical': 2, 'ebike': 0}",1,12,0,1790550610.0
7766,6,"{'mechanical': 3, 'ebike': 3}",1,8,0,1790550650.0
7767,7,"{'mechanical': 7, 'ebike': 0}",0,4,0,1790550564.0
7768,4,"{'mechanical': 4, 'ebike': 0}",3,7,0,1790550608.0
7769,3,"{'mechanical': 2, 'ebike': 1}",1,11,0,1790550668.0
7770,12,"{'mechanical': 12, 'ebike': 0}",1,10,0,1790550579.0
7771,2,"{'mechanical': 1, 'ebike': 1}",2,7,0,1790550654.0
7772,4,"{'mechanical': 4, 'ebike': 0}",0,11,0,1790550643.0
7773,0,"{'mechanical': 0, 'ebike': 0}",0,13,1,1790550639.0
7774,0,"{'mechanical': 0, 'ebike': 0}",0,15,0,1790550571.0
7775,1,"{'mechanical': 0, 'ebike': 1}",0,10,0,1790550583.0
7776,0,"{'mechanical': 0, 'ebike': 0}",0,19,0,1790550585.0
7777,10,"{'mechanical': 9, 'ebike': 1}",0,4,1,1790550652.0
7778,4,"{'mechanical': 3, 'ebike': 1}",0,7,0,1790550614.0
7779,0,"{'mechanical': 0, 'ebike': 0}",1,14,0,1790550653.0
7780,0,"{'mechanical': 0, 'ebike': 0}",1,15,0,1790550630.0
7781,0,"{'mechanical': 0, 'ebike': 0}",2,13,0,1790550561.0
7782,0,"{'mechanical': 0, 'ebike': 0}",0,20,0,1790550569.0
7783,4,"{'mechanical': 4, 'ebike': 0}",0,16,0,1790550597.0
7784,8,"{'mechanical': 8, 'ebike': 0}",0,11,0,1790550654.0
7785,5,"{'mechanical': 5, 'ebike': 0}",1,10,0,1790550578.0
7787,28,"{'mechanical': 28, 'ebike': 0}",3,0,0,1790550673.0
7788,38,"{'mechanical': 38, 'ebike': 0}",2,9,0,1790550648.0
7789,1,"{'mechanical': 0, 'ebike': 1}",3,19,0,1790550674.0
7790,4,"{'mechanical': 3, 'ebike': 1}",2,10,1,1790550664.0
7791,11,"{'mechanical': 11, 'ebike': 0}",1,3,0,1790550580.0
7792,10,"{'mechanical': 9, 'ebike': 1}",2,3,0,1790550643.0
7796,3,"{'mechanical': 3, 'ebike': 0}",0,16,0,1790550673.0
7798,4,"{'mechanical': 4, 'ebike': 0}",0,11,0,1790550562.0
7799,1,"{'mechanical': 1, 'ebike': 0}",0,14,0,1790550622.0
7800,3,"{'mechanical': 2, 'ebike': 1}",0,16,0,1790550581.0
7801,3,"{'mechanical': 3, 'ebike': 0}",1,11,0,1790550578.0
7802,8,"{'mechanical': 8, 'ebike': 0}",3,1,0,1790550601.0
7803,3,"{'mechanical': 2, 'ebike': 1}",1,15,0,1790550656.0
7804,6,"{'mechanical': 4, 'ebike': 2}",1,6,0,1790550638.0
7805,2,"{'mechanical': 2, 'ebike': 0}",0,17,0,1790550561.0
7806,1,"{'mechanical': 0, 'ebike': 1}",1,13,0,1790550592.0
7807,0,"{'mechanical': 0, 'ebike': 0}",0,15,0,1790550558.0
7808,0,"{'mechanical': 0, 'ebike': 0}",0,15,0,1790550629.0
7809,2,"{'mechanical': 0, 'ebike': 2}",1,16,0,1790550630.0
7810,0,"{'mechanical': 0, 'ebike': 0}",1,14,0,1790550603.0
7811,14,"{'mechanical': 14, 'ebike': 0}",4,1,0,1790550595.0
7812,7,"{'mechanical': 7, 'ebike': 0}",0,12,0,1790550579.0
7813,2,"{'mechanical': 2, 'ebike': 0}",2,19,0,1790550663.0
7814,4,"{'mechanical': 4, 'ebike': 0}",0,11,0,1790550573.0
7815,0,"{'mechanical': 0, 'ebike': 0}",0,14,1,1790550594.0
7816,31,"{'mechanical': 29, 'ebike': 2}",0,23,1,1790550641.0
7817,7,"{'mechanical': 7, 'ebike': 0}",1,7,0,1790550612.0
7818,3,"{'mechanical': 0, 'ebike': 3}",3,13,0,1790550580.0
7819,1,"{'mechanical': 0, 'ebike': 1}",2,12,0,1790550638.0
7820,0,"{'mechanical': 0, 'ebike': 0}",0,15,0,1790550656.0
7821,16,"{'mechanical': 16, 'ebike': 0}",2,2,0,1790550605.0
7822,15,"{'mechanical': 14, 'ebike': 1}",0,4,0,1790550578.0
7823,2,"{'mechanical': 1, 'ebike': 1}",3,5,1,1790550613.0
7824,0,"{'mechanical': 0, 'ebike': 0}",0,19,0,1790550637.0
7825,1,"{'mechanical': 1, 'ebike': 0}",1,12,0,1790550559.0
7826,8,"{'mechanical': 8, 'ebike': 0}",1,6,0,1790550602.0
7827,1,"{'mechanical': 0, 'ebike': 1}",0,14,0,1790550660.0
7828,2,"{'mechanical': 2, 'ebike': 0}",0,9,0,1790550625.0
7830,1,"{'mechanical': 1, 'ebike': 0}",0,14,0,1790550568.0
7831,10,"{'mechanical': 10, 'ebike': 0}",0,9,0,1790550564.0
7832,13,"{'mechanical': 12, 'ebike': 1}",2,4,0,1790550631.0
7833,0,"{'mechanical': 0, 'ebike': 0}",0,15,0,1790550581.0
7834,1,"{'mechanical': 0, 'ebike': 1}",0,14,0,1790550585.0
7835,3,"{'mechanical': 0, 'ebike': 3}",0,16,0,1790550612.0
7836,2,"{'mechanical': 0, 'ebike': 2}",0,17,0,1790550567.0
7837,1,"{'mechanical': 1, 'ebike': 0}",0,18,0,1790550623.0
7838,16,"{'mechanical': 16, 'ebike': 0}",2,1,0,1790550658.0
7839,4,"{'mechanical': 4, 'ebike': 0}",1,6,0,1790550576.0
7840,3,"{'mechanical': 1, 'ebike': 2}",0,12,0,1790550637.0
7841,2,"{'mechanical': 1, 'ebike': 1}",2,11,0,1790550564.0
7842,10,"{'mechanical': 10, 'ebike': 0}",0,1,0,1790550646.0
7843,12,"{'mechanical': 11, 'ebike': 1}",2,1,0,1790550576.0
7844,11,"{'mechanical': 9, 'ebike': 2}",2,2,0,1790550577.0
7845,13,"{'mechanical': 12, 'ebike': 1}",0,2,0,1790550674.0
7846,3,"{'mechanical': 1, 'ebike': 2}",0,12,0,1790550656.0
7848,0,"{'mechanical': 0, 'ebike': 0}",1,22,0,1790550634.0
7849,2,"{'mechanical': 2, 'ebike': 0}",0,13,0,1790550576.0
7850,12,"{'mechanical': 12, 'ebike': 0}",2,1,1,1790550587.0
7851,0,"{'mechanical': 0, 'ebike': 0}",2,13,0,1790550664.0
7852,8,"{'mechanical': 8, 'ebike': 0}",0,15,0,1790550617.0
7853,12,"{'mechanical': 12, 'ebike': 0}",0,3,0,1790550671.0
7854,1,"{'mechanical': 1, 'ebike': 0}",0,18,0,1790550644.0
7855,3,"{'mechanical': 3, 'ebike': 0}",2,10,0,1790550565.0
7856,2,"{'mechanical': 2, 'ebike': 0}",0,13,0,1790550583.0
7857,1,"{'mechanical': 1, 'ebike': 0}",0,18,0,1790550617.0
7858,2,"{'mechanical': 2, 'ebike': 0}",1,20,0,1790550641.0
7859,4,"{'mechanical': 4, 'ebike': 0}",0,11,0,1790550645.0
7860,4,"{'mechanical': 4, 'ebike': 0}",1,10,0,1790550640.0
7861,1,"{'mechanical': 1, 'ebike': 0}",0,18,0,1790550658.0
7862,2,"{'mechanical': 1, 'ebike': 1}",0,13,0,1790550624.0
7863,2,"{'mechanical': 0, 'ebike': 2}",1,12,0,1790550575.0
7864,1,"{'mechanical': 1, 'ebike': 0}",2,12,0,1790550654.0
7865,1,"{'mechanical': 0, 'ebike': 1}",6,36,0,1790550600.0
7866,11,"{'mechanical': 3, 'ebike': 8}",2,10,0,1790550668.0
7867,0,"{'mechanical': 0, 'ebike': 0}",2,13,0,1790550606.0
7868,0,"{'mechanical': 0, 'ebike': 0}",0,18,1,1790550571.0
7869,6,"{'mechanical': 6, 'ebike': 0}",0,9,0,1790550666.0
7870,3,"{'mechanical': 2, 'ebike': 1}",0,12,0,1790550573.0
7871,2,"{'mechanical': 2, 'ebike': 0}",0,12,0,1790550637.0
7872,4,"{'mechanical': 4, 'ebike': 0}",0,11,0,1790550603.0
7874,1,"{'mechanical': 1, 'ebike': 0}",1,13,0,1790550658.0
7875,6,"{'mechanical': 6, 'ebike': 0}",0,9,0,1790550583.0
7877,7,"{'mechanical': 7, 'ebike': 0}",0,8,0,1790550583.0
7878,1,"{'mechanical': 1, 'ebike': 0}",0,14,0,1790550593.0
7880,7,"{'mechanical': 7, 'ebike': 0}",1,7,0,1790550624.0
7883,2,"{'mechanical': 2, 'ebike': 0}",0,9,0,1790550673.0
7884,5,"{'mechanical': 5, 'ebike': 0}",0,10,0,1790550591.0
7885,10,"{'mechanical': 9, 'ebike': 1}",1,0,0,1790550553.0
7887,21,"{'mechanical': 15, 'ebike': 6}",6,16,1,1790550615.0
7888,4,"{'mechanical': 2, 'ebike': 2}",0,11,0,1790550662.0
7889,10,"{'mechanical': 9, 'ebike': 1}",0,9,0,1790550635.0
7890,2,"{'mechanical': 1, 'ebike': 1}",1,20,0,1790550579.0
7891,1,"{'mechanical': 1, 'ebike': 0}",0,18,0,1790550621.0
7893,0,"{'mechanical': 0, 'ebike': 0}",0,19,0,1790550615.0
7894,0,"{'mechanical': 0, 'ebike': 0}",1,14,0,1790550667.0
7895,0,"{'mechanical': 0, 'ebike': 0}",0,15,0,1790550591.0
7896,1,"{'mechanical': 0, 'ebike': 1}",1,13,0,1790550588.0
7897,1,"{'mechanical': 0, 'ebike': 1}",0,14,0,1790550660.0
7899,0,"{'mechanical': 0, 'ebike': 0}",1,22,0,1790550665.0
7900,1,"{'mechanical': 0, 'ebike': 1}",0,10,0,1790550660.0
7901,4,"{'mechanical': 3, 'ebike': 1}",1,6,0,1790550613.0
7902,3,"{'mechanical': 1, 'ebike': 2}",0,12,0,1790550556.0
7903,1,"{'mechanical': 1, 'ebike': 0}",2,12,0,1790550596.0
7904,1,"{'mechanical': 1, 'ebike': 0}",0,10,0,1790550609.0
7906,7,"{'mechanical': 7, 'ebike': 0}",3,4,0,1790550654.0
7907,9,"{'mechanical': 4, 'ebike': 5}",9,23,0,1790550566.0
7909,1,"{'mechanical': 1, 'ebike': 0}",0,22,0,1790550625.0
7910,0,"{'mechanical': 0, 'ebike': 0}",1,14,0,1790550574.0
7911,0,"{'mechanical': 0, 'ebike': 0}",0,19,0,1790550596.0
7912,6,"{'mechanical': 6, 'ebike': 0}",0,13,0,1790550641.0
7913,0,"{'mechanical': 0, 'ebike': 0}",0,35,0,1790550606.0
7914,1,"{'mechanical': 1, 'ebike': 0}",1,25,0,1790550633.0
7915,7,"{'mechanical': 4, 'ebike': 3}",2,5,1,1790550572.0
7916,15,"{'mechanical': 15, 'ebike': 0}",0,4,0,1790550578.0
7917,14,"{'mechanical': 13, 'ebike': 1}",2,23,0,1790550668.0
7918,7,"{'mechanical': 7, 'ebike': 0}",1,7,0,1790550580.0
7919,7,"{'mechanical': 3, 'ebike': 4}",0,12,0,1790550619.0
7920,5,"{'mechanical': 5, 'ebike': 0}",0,10,0,1790550629.0
7922,19,"{'mechanical': 0, 'ebike': 19}",0,3,1,1790550668.0
7923,10,"{'mechanical': 10, 'ebike': 0}",0,9,0,1790550675.0
7924,4,"{'mechanical': 2, 'ebike': 2}",2,6,0,1790550617.0
7925,2,"{'mechanical': 2, 'ebike': 0}",5,17,0,1790550675.0
7926,1,"{'mechanical': 1, 'ebike': 0}",2,21,0,1790550665.0
7927,1,"{'mechanical': 0, 'ebike': 1}",5,18,0,1790550630.0
7928,5,"{'mechanical': 5, 'ebike': 0}",1,73,0,1790550619.0
7929,10,"{'mechanical': 9, 'ebike': 1}",2,0,0,1790550667.0
7930,3,"{'mechanical': 2, 'ebike': 1}",0,12,0,1790550560.0
7931,0,"{'mechanical': 0, 'ebike': 0}",0,16,0,1790550577.0
7932,11,"{'mechanical': 11, 'ebike': 0}",0,1,0,1790550665.0
7933,8,"{'mechanical': 7, 'ebike': 1}",4,10,1,1790550647.0
7934,5,"{'mechanical': 2, 'ebike': 3}",2,3,0,1790550646.0
7935,1,"{'mechanical': 1, 'ebike': 0}",2,12,0,1790550656.0
7936,13,"{'mechanical': 13, 'ebike': 0}",0,2,0,1790550613.0
7937,10,"{'mechanical': 10, 'ebike': 0}",3,6,0,1790550555.0
7938,10,"{'mechanical': 10, 'ebike': 0}",2,3,0,1790550638.0
7939,11,"{'mechanical': 11, 'ebike': 0}",4,2,0,1790550570.0
7940,0,"{'mechanical': 0, 'ebike': 0}",4,28,0,1790550581.0
7941,12,"{'mechanical': 12, 'ebike': 0}",2,1,0,1790550621.0
7942,4,"{'mechanical': 3, 'ebike': 1}",1,10,0,1790550583.0
7943,5,"{'mechanical': 5, 'ebike': 0}",4,14,0,1790550635.0
7944,1,"{'mechanical': 1, 'ebike': 0}",1,21,0,1790550673.0
7945,29,"{'mechanical': 28, 'ebike': 1}",1,1,0,1790550622.0
7946,11,"{'mechanical': 11, 'ebike': 0}",2,2,0,1790550566.0
7947,3,"{'mechanical': 2, 'ebike': 1}",3,5,0,1790550605.0
7948,20,"{'mechanical': 20, 'ebike': 0}",1,2,0,1790550628.0
7949,6,"{'mechanical': 6, 'ebike': 0}",0,9,0,1790550674.0
7950,19,"{'mechanical': 18, 'ebike': 1}",1,3,0,1790550669.0
7951,4,"{'mechanical': 4, 'ebike': 0}",0,15,0,1790550588.0
7952,4,"{'mechanical': 4, 'ebike': 0}",2,13,0,1790550617.0
7953,1,"{'mechanical': 1, 'ebike': 0}",2,11,0,1790550633.0
7954,19,"{'mechanical': 19, 'ebike': 0}",3,1,0,1790550611.0
7955,0,"{'mechanical': 0, 'ebike': 0}",4,19,0,1790550636.0
7956,2,"{'mechanical': 2, 'ebike': 0}",0,9,0,1790550642.0
7957,2,"{'mechanical': 2, 'ebike': 0}",1,16,0,1790550588.0
7958,5,"{'mechanical': 5, 'ebike': 0}",2,12,0,1790550580.0
7959,2,"{'mechanical': 2, 'ebike': 0}",1,12,0,1790550602.0
7960,5,"{'mechanical': 3, 'ebike': 2}",0,14,0,1790550561.0
7961,4,"{'mechanical': 0, 'ebike': 4}",0,11,0,1790550618.0
7962,5,"{'mechanical': 5, 'ebike': 0}",0,10,0,1790550623.0
7963,2,"{'mechanical': 2, 'ebike': 0}",1,8,0,1790550650.0
7964,1,"{'mechanical': 1, 'ebike': 0}",1,13,0,1790550668.0
7965,0,"{'mechanical': 0, 'ebike': 0}",1,18,0,1790550595.0
7966,2,"{'mechanical': 2, 'ebike': 0}",4,9,0,1790550603.0
7967,1,"{'mechanical': 0, 'ebike': 1}",1,13,0,1790550606.0
7968,5,"{'mechanical': 5, 'ebike': 0}",0,14,0,1790550557.0
7969,3,"{'mechanical': 3, 'ebike': 0}",0,16,0,1790550615.0
7970,7,"{'mechanical': 7, 'ebike': 0}",0,12,0,1790550625.0
7971,6,"{'mechanical': 5, 'ebike': 1}",3,5,0,1790550583.0
7972,1,"{'mechanical': 1, 'ebike': 0}",0,10,0,1790550658.0
7973,2,"{'mechanical': 2, 'ebike': 0}",3,14,0,1790550672.0
7974,2,"{'mechanical': 1, 'ebike': 1}",0,17,0,1790550558.0
7976,8,"{'mechanical': 7, 'ebike': 1}",1,9,1,1790550582.0
7977,4,"{'mechanical': 4, 'ebike': 0}",3,8,0,1790550561.0
7978,10,"{'mechanical': 10, 'ebike': 0}",1,12,0,1790550556.0
7979,0,"{'mechanical': 0, 'ebike': 0}",3,16,0,1790550601.0
7981,3,"{'mechanical': 3, 'ebike': 0}",1,11,0,1790550615.0
7982,4,"{'mechanical': 4, 'ebike': 0}",0,15,0,1790550594.0
7983,1,"{'mechanical': 1, 'ebike': 0}",6,7,0,1790550623.0
7984,21,"{'mechanical': 21, 'ebike': 0}",1,1,0,1790550607.0
7985,2,"{'mechanical': 2, 'ebike': 0}",2,11,0,1790550567.0
7986,3,"{'mechanical': 3, 'ebike': 0}",2,14,0,1790550599.0
7987,3,"{'mechanical': 3, 'ebike': 0}",0,12,0,1790550559.0
7988,4,"{'mechanical': 3, 'ebike': 1}",1,14,0,1790550576.0
7989,2,"{'mechanical': 2, 'ebike': 0}",0,13,0,1790550616.0
7990,5,"{'mechanical': 5, 'ebike': 0}",1,5,0,1790550556.0
7991,0,"{'mechanical': 0, 'ebike': 0}",2,13,0,1790550609.0
7992,2,"{'mechanical': 2, 'ebike': 0}",0,9,0,1790550608.0
7993,5,"{'mechanical': 3, 'ebike': 2}",3,6,0,1790550583.0
7994,1,"{'mechanical': 1, 'ebike': 0}",0,10,0,1790550566.0
7995,0,"{'mechanical': 0, 'ebike': 0}",1,14,0,1790550605.0
7996,8,"{'mechanical': 2, 'ebike': 6}",1,14,0,1790550577.0
7997,16,"{'mechanical': 2, 'ebike': 14}",3,20,0,1790550617.0
7998,1,"{'mechanical': 0, 'ebike': 1}",1,17,0,1790550647.0
7999,1,"{'mechanical': 1, 'ebike': 0}",0,14,0,1790550675.0
8000,22,"{'mechanical': 2, 'ebike': 20}",4,5,0,1790550552.0
8001,12,"{'mechanical': 12, 'ebike': 0}",0,12,0,1790550582.0
8002,2,"{'mechanical': 2, 'ebike': 0}",0,13,0,1790550571.0
8003,2,"{'mechanical': 2, 'ebike': 0}",0,9,0,1790550585.0
8004,0,"{'mechanical': 0, 'ebike': 0}",1,10,0,1790550587.0
8005,1,"{'mechanical': 0, 'ebike': 1}",2,8,0,1790550621.0
8006,21,"{'mechanical': 21, 'ebike': 0}",0,2,0,1790550552.0
8007,2,"{'mechanical': 2, 'ebike': 0}",3,26,0,1790550659.0
8008,0,"{'mechanical': 0, 'ebike': 0}",0,16,0,1790550656.0
8009,9,"{'mechanical': 1, 'ebike': 8}",8,22,0,1790550669.0
8010,2,"{'mechanical': 2, 'ebike': 0}",2,15,0,1790550613.0
8011,0,"{'mechanical': 0, 'ebike': 0}",2,29,0,1790550619.0
8012,15,"{'mechanical': 13, 'ebike': 2}",3,2,0,1790550623.0
8013,9,"{'mechanical': 9, 'ebike': 0}",0,3,0,1790550585.0
8014,17,"{'mechanical': 16, 'ebike': 1}",2,4,0,1790550626.0
8015,5,"{'mechanical': 5, 'ebike': 0}",1,6,0,1790550674.0
8016,19,"{'mechanical': 19, 'ebike': 0}",3,1,0,1790550554.0
8017,2,"{'mechanical': 2, 'ebike': 0}",5,8,0,1790550653.0
8018,15,"{'mechanical': 15, 'ebike': 0}",0,1,0,1790550607.0
8020,3,"{'mechanical': 3, 'ebike': 0}",3,3,0,1790550578.0
8021,5,"{'mechanical': 5, 'ebike': 0}",0,14,0,1790550659.0
8022,3,"{'mechanical': 3, 'ebike': 0}",0,8,0,1790550554.0
8023,2,"{'mechanical': 1, 'ebike': 1}",2,7,0,1790550557.0
8025,9,"{'mechanical': 9, 'ebike': 0}",1,1,0,1790550659.0
8026,1,"{'mechanical': 0, 'ebike': 1}",2,20,0,1790550563.0
8027,2,"{'mechanical': 2, 'ebike': 0}",1,36,0,1790550593.0
8028,5,"{'mechanical': 5, 'ebike': 0}",0,22,0,1790550649.0
8029,11,"{'mechanical': 11, 'ebike': 0}",1,35,0,1790550586.0
8030,30,"{'mechanical': 30, 'ebike': 0}",1,4,0,1790550588.0
8031,5,"{'mechanical': 5, 'ebike': 0}",0,10,0,1790550567.0
8032,3,"{'mechanical': 3, 'ebike': 0}",0,12,0,1790550553.0
8033,2,"{'mechanical': 2, 'ebike': 0}",0,17,0,1790550588.0
8034,6,"{'mechanical': 5, 'ebike': 1}",0,9,0,1790550562.0
8035,3,"{'mechanical': 3, 'ebike': 0}",0,16,0,1790550655.0
8036,3,"{'mechanical': 3, 'ebike': 0}",0,15,0,1790550587.0
8037,8,"{'mechanical': 6, 'ebike': 2}",2,5,0,1790550632.0
8038,4,"{'mechanical': 4, 'ebike': 0}",2,5,0,1790550635.0
8039,4,"{'mechanical': 4, 'ebike': 0}",3,12,0,1790550655.0
8040,1,"{'mechanical': 0, 'ebike': 1}",2,20,0,1790550654.0
8041,2,"{'mechanical': 2, 'ebike': 0}",2,7,0,1790550630.0
8042,1,"{'mechanical': 1, 'ebike': 0}",1,17,0,1790550629.0
8043,1,"{'mechanical': 1, 'ebike': 0}",1,13,0,1790550636.0
8044,2,"{'mechanical': 2, 'ebike': 0}",0,9,0,1790550659.0
8045,2,"{'mechanical': 0, 'ebike': 2}",0,13,0,1790550563.0
8046,0,"{'mechanical': 0, 'ebike': 0}",0,11,0,1790550549.0
8047,1,"{'mechanical': 1, 'ebike': 0}",0,10,0,1790550576.0
8048,4,"{'mechanical': 4, 'ebike': 0}",0,11,0,1790550620.0
8049,1,"{'mechanical': 1, 'ebike': 0}",0,18,0,1790550583.0
8050,2,"{'mechanical': 1, 'ebike': 1}",1,20,0,1790550626.0
8051,1,"{'mechanical': 1, 'ebike': 0}",0,11,0,1790550566.0
8052,1,"{'mechanical': 1, 'ebike': 0}",2,7,0,1790550651.0
8053,2,"{'mechanical': 2, 'ebike': 0}",1,14,0,1790550613.0
8054,2,"{'mechanical': 2, 'ebike': 0}",2,15,0,1790550653.0
8055,7,"{'mechanical': 7, 'ebike': 0}",1,3,0,1790550672.0
8056,0,"{'mechanical': 0, 'ebike': 0}",0,19,0,1790550583.0
8057,3,"{'mechanical': 3, 'ebike': 0}",0,16,0,1790550588.0
8058,1,"{'mechanical': 1, 'ebike': 0}",1,17,0,1790550671.0
8059,3,"{'mechanical': 3, 'ebike': 0}",0,8,0,1790550597.0
8060,0,"{'mechanical': 0, 'ebike': 0}",0,15,0,1790550654.0
8061,0,"{'mechanical': 0, 'ebike': 0}",3,8,0,1790550595.0
8062,9,"{'mechanical': 9, 'ebike': 0}",0,2,0,1790550661.0
8063,2,"{'mechanical': 2, 'ebike': 0}",2,7,0,1790550636.0
8064,2,"{'mechanical': 2, 'ebike': 0}",2,7,0,1790550635.0
8065,0,"{'mechanical': 0, 'ebike': 0}",2,9,0,1790550590.0
8066,0,"{'mechanical': 0, 'ebike': 0}",0,15,0,1790550552.0
8070,9,"{'mechanical': 9, 'ebike': 0}",1,21,0,1790550593.0
8073,2,"{'mechanical': 2, 'ebike': 0}",0,12,0,1790550598.0
8074,4,"{'mechanical': 4, 'ebike': 0}",0,7,0,1790550620.0
8075,17,"{'mechanical': 16, 'ebike': 1}",1,1,0,1790550643.0
8076,2,"{'mechanical': 2, 'ebike': 0}",0,9,0,1790550634.0
8077,0,"{'mechanical': 0, 'ebike': 0}",0,11,0,1790550550.0
8078,1,"{'mechanical': 1, 'ebike': 0}",2,12,0,1790550597.0
8079,4,"{'mechanical': 4, 'ebike': 0}",2,4,1,1790550618.0
8080,2,"{'mechanical': 1, 'ebike': 1}",2,11,0,1790550556.0
8081,0,"{'mechanical': 0, 'ebike': 0}",1,10,0,1790550588.0
8082,6,"{'mechanical': 6, 'ebike': 0}",0,9,0,1790550649.0
8083,0,"{'mechanical': 0, 'ebike': 0}",0,11,0,1790550603.0
8084,1,"{'mechanical': 1, 'ebike': 0}",2,12,0,1790550664.0
8085,0,"{'mechanical': 0, 'ebike': 0}",1,10,0,1790550643.0
8086,0,"{'mechanical': 0, 'ebike': 0}",2,13,0,1790550668.0
8087,1,"{'mechanical': 1, 'ebike': 0}",2,16,0,1790550601.0
8088,1,"{'mechanical': 1, 'ebike': 0}",0,10,0,1790550560.0
8089,1,"{'mechanical': 1, 'ebike': 0}",0,14,0,1790550562.0
8090,13,"{'mechanical': 11, 'ebike': 2}",0,2,0,1790550653.0
8091,7,"{'mechanical': 6, 'ebike': 1}",0,4,0,1790550642.0
8092,0,"{'mechanical': 0, 'ebike': 0}",0,14,1,1790550608.0
8093,5,"{'mechanical': 5, 'ebike': 0}",0,10,0,1790550628.0
8094,3,"{'mechanical': 2, 'ebike': 1}",0,16,0,1790550555.0
8095,3,"{'mechanical': 3, 'ebike': 0}",0,8,0,1790550566.0
8096,7,"{'mechanical': 6, 'ebike': 1}",1,12,0,1790550638.0
8099,4,"{'mechanical': 4, 'ebike': 0}",1,6,0,1790550634.0
8101,1,"{'mechanical': 0, 'ebike': 1}",0,14,0,1790550555.0
8102,4,"{'mechanical': 4, 'ebike': 0}",0,11,0,1790550648.0
8104,4,"{'mechanical': 4, 'ebike': 0}",1,10,0,1790550581.0
8105,0,"{'mechanical': 0, 'ebike': 0}",4,11,0,1790550550.0
8106,0,"{'mechanical': 0, 'ebike': 0}",0,11,0,1790550563.0
8107,2,"{'mechanical': 1, 'ebike': 1}",0,13,0,1790550669.0
8108,5,"{'mechanical': 5, 'ebike': 0}",0,10,0,1790550659.0
8109,0,"{'mechanical': 0, 'ebike': 0}",0,11,0,1790550627.0
8110,0,"{'mechanical': 0, 'ebike': 0}",6,9,0,1790550650.0
8111,0,"{'mechanical': 0, 'ebike': 0}",0,11,0,1790550650.0
8112,0,"{'mechanical': 0, 'ebike': 0}",1,10,0,1790550567.0
8113,17,"{'mechanical': 17, 'ebike': 0}",1,5,0,1790550664.0
8114,3,"{'mechanical': 2, 'ebike': 1}",4,4,0,1790550640.0
8115,6,"{'mechanical': 6, 'ebike': 0}",0,5,0,1790550595.0
8117,3,"{'mechanical': 2, 'ebike': 1}",2,10,0,1790550611.0
8119,3,"{'mechanical': 3, 'ebike': 0}",0,8,0,1790550580.0
8120,4,"{'mechanical': 4, 'ebike': 0}",0,7,0,1790550620.0
8122,5,"{'mechanical': 5, 'ebike': 0}",0,9,1,1790550630.0
8123,4,"{'mechanical': 4, 'ebike': 0}",0,7,0,1790550563.0
8125,4,"{'mechanical': 4, 'ebike': 0}",1,10,0,1790550610.0
8128,6,"{'mechanical': 6, 'ebike': 0}",1,4,0,1790550551.0
8129,0,"{'mechanical': 0, 'ebike': 0}",0,11,0,1790550636.0
8130,0,"{'mechanical': 0, 'ebike': 0}",0,11,0,1790550555.0
8131,0,"{'mechanical': 0, 'ebike': 0}",0,11,0,1790550584.0
8133,2,"{'mechanical': 2, 'ebike': 0}",0,13,0,1790550663.0
8134,1,"{'mechanical': 1, 'ebike': 0}",0,10,0,1790550562.0
8137,12,"{'mechanical': 12, 'ebike': 0}",3,15,0,1790550629.0
8138,3,"{'mechanical': 1, 'ebike': 2}",0,20,0,1790550578.0
8139,0,"{'mechanical': 0, 'ebike': 0}",0,11,0,1790550623.0
8141,1,"{'mechanical': 1, 'ebike': 0}",0,10,0,1790550575.0
8142,1,"{'mechanical': 1, 'ebike': 0}",0,9,1,1790550636.0
8144,1,"{'mechanical': 0, 'ebike': 1}",0,10,0,1790550590.0
8149,1,"{'mechanical': 1, 'ebike': 0}",0,10,0,1790550596.0
8150,0,"{'mechanical': 0, 'ebike': 0}",2,9,0,1790550593.0
8151,1,"{'mechanical': 0, 'ebike': 1}",0,10,0,1790550600.0
8152,0,"{'mechanical': 0, 'ebike': 0}",4,12,0,1790550671.0
8153,1,"{'mechanical': 1, 'ebike': 0}",1,17,0,1790550648.0
8154,2,"{'mechanical': 2, 'ebike': 0}",0,9,0,1790550670.0
8155,0,"{'mechanical': 0, 'ebike': 0}",1,14,0,1790550594.0
8156,0,"{'mechanical': 0, 'ebike': 0}",2,9,0,1790550599.0
8157,0,"{'mechanical': 0, 'ebike': 0}",0,15,0,1790550575.0
8158,1,"{'mechanical': 1, 'ebike': 0}",1,9,0,1790550595.0
8159,4,"{'mechanical': 4, 'ebike': 0}",1,9,1,1790550588.0
8160,2,"{'mechanical': 2, 'ebike': 0}",0,13,0,1790550662.0
8161,4,"{'mechanical': 4, 'ebike': 0}",2,9,0,1790550604.0
8162,11,"{'mechanical': 10, 'ebike': 1}",1,15,0,1790550664.0
8163,2,"{'mechanical': 2, 'ebike': 0}",1,20,0,1790550660.0
8164,3,"{'mechanical': 3, 'ebike': 0}",0,16,0,1790550642.0
8165,3,"{'mechanical': 0, 'ebike': 3}",1,7,0,1790550561.0
8166,1,"{'mechanical': 1, 'ebike': 0}",1,9,0,1790550619.0
8167,2,"{'mechanical': 1, 'ebike': 1}",1,12,0,1790550595.0
8168,9,"{'mechanical': 9, 'ebike': 0}",1,1,0,1790550615.0
8169,3,"{'mechanical': 3, 'ebike': 0}",0,12,0,1790550576.0
8170,7,"{'mechanical': 7, 'ebike': 0}",1,7,0,1790550552.0
8171,23,"{'mechanical': 23, 'ebike': 0}",0,0,0,1790550615.0
8172,2,"{'mechanical': 2, 'ebike': 0}",0,20,1,1790550588.0
8173,1,"{'mechanical': 0, 'ebike': 1}",1,9,0,1790550574.0
8174,16,"{'mechanical': 15, 'ebike': 1}",2,1,0,1790550659.0
8175,13,"{'mechanical': 13, 'ebike': 0}",3,7,0,1790550600.0
8176,20,"{'mechanical': 0, 'ebike': 20}",0,19,0,1790550610.0
8177,1,"{'mechanical': 0, 'ebike': 1}",0,10,0,1790550573.0
8178,4,"{'mechanical': 4, 'ebike': 0}",2,17,0,1790550559.0
8179,3,"{'mechanical': 1, 'ebike': 2}",0,8,0,1790550630.0
8180,14,"{'mechanical': 12, 'ebike': 2}",1,0,0,1790550633.0
8181,26,"{'mechanical': 22, 'ebike': 4}",2,3,0,1790550613.0
8182,11,"{'mechanical': 11, 'ebike': 0}",2,10,0,1790550589.0
8183,2,"{'mechanical': 2, 'ebike': 0}",0,21,0,1790550622.0
8184,2,"{'mechanical': 2, 'ebike': 0}",2,11,0,1790550623.0
8185,0,"{'mechanical': 0, 'ebike': 0}",0,11,0,1790550571.0
8186,1,"{'mechanical': 1, 'ebike': 0}",0,14,0,1790550640.0
8187,3,"{'mechanical': 0, 'ebike': 3}",12,0,0,1790550641.0
8188,4,"{'mechanical': 3, 'ebike': 1}",7,12,0,1790550570.0
8189,0,"{'mechanical': 0, 'ebike': 0}",2,13,0,1790550596.0
8190,9,"{'mechanical': 9, 'ebike': 0}",3,15,0,1790550598.0
8191,8,"{'mechanical': 8, 'ebike': 0}",2,13,0,1790550590.0
8193,11,"{'mechanical': 1, 'ebike': 10}",6,10,0,1790550653.0
8194,0,"{'mechanical': 0, 'ebike': 0}",5,18,0,1790550626.0
8196,3,"{'mechanical': 2, 'ebike': 1}",0,16,0,1790550620.0
8197,8,"{'mechanical': 7, 'ebike': 1}",12,10,1,1790550553.0
8198,30,"{'mechanical': 0, 'ebike': 30}",1,8,0,1790550554.0
8199,1,"{'mechanical': 0, 'ebike': 1}",2,20,0,1790550584.0
8200,18,"{'mechanical': 18, 'ebike': 0}",1,4,0,1790550619.0
8201,1,"{'mechanical': 1, 'ebike': 0}",2,8,0,1790550638.0
8202,18,"{'mechanical': 3, 'ebike': 15}",0,1,0,1790550589.0
8203,1,"{'mechanical': 1, 'ebike': 0}",0,10,0,1790550551.0
8204,0,"{'mechanical': 0, 'ebike': 0}",0,11,0,1790550577.0
8205,0,"{'mechanical': 0, 'ebike': 0}",1,14,0,1790550649.0
8206,1,"{'mechanical': 1, 'ebike': 0}",1,15,0,1790550660.0
8207,0,"{'mechanical': 0, 'ebike': 0}",0,8,0,1790550601.0
8208,4,"{'mechanical': 2, 'ebike': 2}",0,7,0,1790550558.0
8209,0,"{'mechanical': 0, 'ebike': 0}",2,12,0,1790550650.0
8210,4,"{'mechanical': 4, 'ebike': 0}",2,5,0,1790550565.0
8211,0,"{'mechanical': 0, 'ebike': 0}",2,9,0,1790550586.0
8212,2,"{'mechanical': 2, 'ebike': 0}",2,21,0,1790550559.0
8213,0,"{'mechanical': 0, 'ebike': 0}",2,15,0,1790550660.0
8214,8,"{'mechanical': 8, 'ebike': 0}",2,1,0,1790550550.0
8215,3,"{'mechanical': 2, 'ebike': 1}",4,10,0,1790550665.0
8216,3,"{'mechanical': 2, 'ebike': 1}",0,11,0,1790550556.0
8217,4,"{'mechanical': 1, 'ebike': 3}",2,8,0,1790550558.0
8218,2,"{'mechanical': 2, 'ebike': 0}",2,7,0,1790550622.0
8219,0,"{'mechanical': 0, 'ebike': 0}",0,19,0,1790550599.0
8220,3,"{'mechanical': 3, 'ebike': 0}",0,8,0,1790550655.0
8221,0,"{'mechanical': 0, 'ebike': 0}",0,11,0,1790550574.0
8224,16,"{'mechanical': 16, 'ebike': 0}",2,1,0,1790550618.0
8225,3,"{'mechanical': 3, 'ebike': 0}",0,8,0,1790550664.0
8226,5,"{'mechanical': 5, 'ebike': 0}",0,10,0,1790550614.0
8227,3,"{'mechanical': 3, 'ebike': 0}",0,8,0,1790550552.0
8228,21,"{'mechanical': 21, 'ebike': 0}",0,18,0,1790550658.0
8229,11,"{'mechanical': 11, 'ebike': 0}",1,23,0,1790550585.0
8230,32,"{'mechanical': 32, 'ebike': 0}",2,5,0,1790550562.0
8231,9,"{'mechanical': 8, 'ebike': 1}",2,8,0,1790550586.0
8232,7,"{'mechanical': 7, 'ebike': 0}",4,11,1,1790550584.0
8234,2,"{'mechanical': 2, 'ebike': 0}",1,16,0,1790550597.0
8235,1,"{'mechanical': 1, 'ebike': 0}",3,11,0,1790550614.0
8236,11,"{'mechanical': 10, 'ebike': 1}",0,4,0,1790550668.0
8237,5,"{'mechanical': 4, 'ebike': 1}",0,17,0,1790550584.0
8238,4,"{'mechanical': 0, 'ebike': 4}",0,11,0,1790550556.0
8239,0,"{'mechanical': 0, 'ebike': 0}",1,10,0,1790550570.0
8240,0,"{'mechanical': 0, 'ebike': 0}",1,14,0,1790550596.0
8241,1,"{'mechanical': 1, 'ebike': 0}",0,14,0,1790550633.0
8242,2,"{'mechanical': 2, 'ebike': 0}",0,17,0,1790550618.0
8243,0,"{'mechanical': 0, 'ebike': 0}",0,16,0,1790550562.0
8245,4,"{'mechanical': 2, 'ebike': 2}",4,10,1,1790550590.0
8246,0,"{'mechanical': 0, 'ebike': 0}",3,8,0,1790550583.0
8247,0,"{'mechanical': 0, 'ebike': 0}",1,14,0,1790550618.0
8248,2,"{'mechanical': 0, 'ebike': 2}",0,9,0,1790550568.0
8249,1,"{'mechanical': 1, 'ebike': 0}",1,13,0,1790550605.0
8250,0,"{'mechanical': 0, 'ebike': 0}",0,11,0,1790550640.0
8251,7,"{'mechanical': 7, 'ebike': 0}",1,9,0,1790550588.0
8252,0,"{'mechanical': 0, 'ebike': 0}",0,15,0,1790550614.0
8253,13,"{'mechanical': 13, 'ebike': 0}",1,5,0,1790550646.0
8254,11,"{'mechanical': 11, 'ebike': 0}",3,0,0,1790550657.0
8255,2,"{'mechanical': 1, 'ebike': 1}",3,10,0,1790550615.0
8256,0,"{'mechanical': 0, 'ebike': 0}",0,15,0,1790550582.0
8257,0,"{'mechanical': 0, 'ebike': 0}",0,17,0,1790550576.0
8258,3,"{'mechanical': 1, 'ebike': 2}",0,8,0,1790550635.0
8259,0,"{'mechanical': 0, 'ebike': 0}",0,7,0,1790550617.0
8260,22,"{'mechanical': 22, 'ebike': 0}",7,6,0,1790550589.0
8261,6,"{'mechanical': 4, 'ebike': 2}",0,9,0,1790550618.0
8262,37,"{'mechanical': 37, 'ebike': 0}",1,1,0,1790550627.0
8263,0,"{'mechanical': 0, 'ebike': 0}",0,23,0,1790550566.0
8264,7,"{'mechanical': 6, 'ebike': 1}",4,16,0,1790550663.0
8265,0,"{'mechanical': 0, 'ebike': 0}",1,18,0,1790550666.0
8266,3,"{'mechanical': 3, 'ebike': 0}",0,24,0,1790550649.0
8267,7,"{'mechanical': 7, 'ebike': 0}",1,15,0,1790550601.0
8268,5,"{'mechanical': 5, 'ebike': 0}",1,17,0,1790550597.0
8269,3,"{'mechanical': 1, 'ebike': 2}",1,7,0,1790550621.0
8271,14,"{'mechanical': 11, 'ebike': 3}",0,5,0,1790550621.0
7000,16,"{'mechanical': 16, 'ebike': 0}",4,27,0,1790559437.0
7001,6,"{'mechanical': 4, 'ebike': 2}",8,9,0,1790559448.0
7002,0,"{'mechanical': 0, 'ebike': 0}",5,14,0,1790559453.0
7003,1,"{'mechanical': 1, 'ebike': 0}",3,11,0,1790559464.0
7004,3,"{'mechanical': 2, 'ebike': 1}",4,28,0,1790559490.0
7005,5,"{'mechanical': 5, 'ebike': 0}",0,18,0,1790559425.0
7006,8,"{'mechanical': 6, 'ebike': 2}",3,20,0,1790559393.0
7007,3,"{'mechanical': 3, 'ebike': 0}",3,13,0,1790559412.0
7008,0,"{'mechanical': 0, 'ebike': 0}",3,16,0,1790559408.0
7010,17,"{'mechanical': 17, 'ebike': 0}",1,1,0,1790559438.0
7013,17,"{'mechanical': 17, 'ebike': 0}",1,1,0,1790559419.0
7014,3,"{'mechanical': 2, 'ebike': 1}",4,10,0,1790559378.0
7015,16,"{'mechanical': 16, 'ebike': 0}",2,21,0,1790559462.0
7016,0,"{'mechanical': 0, 'ebike': 0}",1,34,0,1790559491.0
7017,5,"{'mechanical': 5, 'ebike': 0}",3,3,0,1790559409.0
7018,23,"{'mechanical': 23, 'ebike': 0}",2,24,0,1790559437.0
7019,30,"{'mechanical': 30, 'ebike': 0}",2,23,0,1790559461.0
7020,27,"{'mechanical': 26, 'ebike': 1}",1,5,0,1790559461.0
7021,31,"{'mechanical': 31, 'ebike': 0}",4,28,0,1790559471.0
7023,4,"{'mechanical': 2, 'ebike': 2}",2,5,0,1790559393.0
7024,7,"{'mechanical': 7, 'ebike': 0}",2,29,0,1790559407.0
7025,13,"{'mechanical': 11, 'ebike': 2}",4,10,0,1790559437.0
7026,2,"{'mechanical': 0, 'ebike': 2}",3,10,0,1790559465.0
7027,19,"{'mechanical': 19, 'ebike': 0}",4,7,1,1790559436.0
7028,7,"{'mechanical': 7, 'ebike': 0}",4,20,0,1790559385.0
7029,3,"{'mechanical': 2, 'ebike': 1}",1,11,0,1790559474.0
7030,6,"{'mechanical': 4, 'ebike': 2}",3,25,1,1790559408.0
7031,1,"{'mechanical': 0, 'ebike': 1}",2,36,0,1790559442.0
7032,6,"{'mechanical': 6, 'ebike': 0}",4,5,0,1790559404.0
7033,2,"{'mechanical': 2, 'ebike': 0}",0,41,0,1790559420.0
7034,2,"{'mechanical': 0, 'ebike': 2}",3,9,0,1790559475.0
7035,38,"{'mechanical': 38, 'ebike': 0}",1,4,0,1790559419.0
7036,17,"{'mechanical': 17, 'ebike': 0}",1,1,0,1790559474.0
7037,9,"{'mechanical': 8, 'ebike': 1}",3,29,0,1790559423.0
7038,26,"{'mechanical': 26, 'ebike': 0}",2,3,0,1790559459.0
7039,1,"{'mechanical': 1, 'ebike': 0}",0,18,0,1790559437.0
7040,2,"{'mechanical': 0, 'ebike': 2}",3,14,0,1790559469.0
7041,0,"{'mechanical': 0, 'ebike': 0}",0,21,2,1790559412.0
7042,5,"{'mechanical': 5, 'ebike': 0}",0,26,0,1790559453.0
7043,17,"{'mechanical': 14, 'ebike': 3}",2,0,0,1790559463.0
7044,6,"{'mechanical': 6, 'ebike': 0}",4,25,0,1790559380.0
7045,3,"{'mechanical': 3, 'ebike': 0}",1,33,0,1790559477.0
7046,28,"{'mechanical': 27, 'ebike': 1}",3,11,0,1790559461.0
7048,30,"{'mechanical': 30, 'ebike': 0}",1,16,0,1790559461.0
7049,8,"{'mechanical': 8, 'ebike': 0}",5,2,0,1790559452.0
7050,1,"{'mechanical': 1, 'ebike': 0}",2,13,0,1790559460.0
7052,15,"{'mechanical': 15, 'ebike': 0}",0,40,0,1790559433.0
7053,18,"{'mechanical': 18, 'ebike': 0}",2,7,0,1790559457.0
7054,4,"{'mechanical': 4, 'ebike': 0}",1,6,0,1790559469.0
7055,13,"{'mechanical': 9, 'ebike': 4}",2,0,0,1790559381.0
7057,16,"{'mechanical': 16, 'ebike': 0}",0,10,1,1790559452.0
7058,0,"{'mechanical': 0, 'ebike': 0}",1,38,0,1790559481.0
7059,6,"{'mechanical': 4, 'ebike': 2}",2,7,0,1790559393.0
7061,2,"{'mechanical': 2, 'ebike': 0}",4,9,0,1790559404.0
7063,2,"{'mechanical': 2, 'ebike': 0}",4,17,0,1790559423.0
7064,19,"{'mechanical': 18, 'ebike': 1}",0,0,0,1790559425.0
7065,7,"{'mechanical': 7, 'ebike': 0}",1,7,0,1790559434.0
7066,0,"{'mechanical': 0, 'ebike': 0}",0,15,0,1790559388.0
7067,17,"{'mechanical': 17, 'ebike': 0}",2,7,1,1790559418.0
7069,3,"{'mechanical': 3, 'ebike': 0}",3,5,0,1790559406.0
7070,9,"{'mechanical': 9, 'ebike': 0}",0,2,0,1790559494.0
7071,2,"{'mechanical': 2, 'ebike': 0}",1,20,0,1790559463.0
7073,20,"{'mechanical': 20, 'ebike': 0}",3,0,0,1790559459.0
7074,47,"{'mechanical': 46, 'ebike': 1}",1,7,0,1790559444.0
7075,14,"{'mechanical': 14, 'ebike': 0}",4,9,0,1790559389.0
7076,30,"{'mechanical': 30, 'ebike': 0}",5,22,0,1790559453.0
7077,6,"{'mechanical': 6, 'ebike': 0}",1,12,0,1790559470.0
7078,2,"{'mechanical': 2, 'ebike': 0}",1,12,0,1790559409.0
7079,5,"{'mechanical': 3, 'ebike': 2}",3,11,0,1790559439.0
7084,3,"{'mechanical': 3, 'ebike': 0}",3,5,0,1790559476.0
7085,5,"{'mechanical': 4, 'ebike': 1}",1,9,0,1790559473.0
7086,1,"{'mechanical': 1, 'ebike': 0}",1,21,0,1790559496.0
7087,0,"{'mechanical': 0, 'ebike': 0}",0,11,0,1790559500.0
7088,0,"{'mechanical': 0, 'ebike': 0}",0,15,0,1790559480.0
7089,3,"{'mechanical': 2, 'ebike': 1}",2,22,0,1790554488.0
7090,5,"{'mechanical': 2, 'ebike': 3}",0,14,0,1790559497.0
7091,1,"{'mechanical': 1, 'ebike': 0}",1,13,0,1790559431.0
7093,1,"{'mechanical': 1, 'ebike': 0}",1,23,0,1790559441.0
7094,11,"{'mechanical': 1, 'ebike': 10}",3,11,0,1790559451.0
7095,1,"{'mechanical': 0, 'ebike': 1}",1,13,0,1790559429.0
7096,1,"{'mechanical': 1, 'ebike': 0}",1,17,0,1790559436.0
7097,8,"{'mechanical': 7, 'ebike': 1}",2,20,1,1790559439.0
7098,1,"{'mechanical': 1, 'ebike': 0}",0,14,0,1790559392.0
7099,35,"{'mechanical': 35, 'ebike': 0}",3,1,0,1790559395.0
7100,10,"{'mechanical': 9, 'ebike': 1}",1,16,0,1790559427.0
7101,25,"{'mechanical': 24, 'ebike': 1}",0,2,0,1790559407.0
7102,27,"{'mechanical': 26, 'ebike': 1}",2,2,0,1790559413.0
7103,27,"{'mechanical': 26, 'ebike': 1}",1,4,0,1790559391.0
7104,14,"{'mechanical': 13, 'ebike': 1}",0,0,1,1790559479.0
7105,4,"{'mechanical': 4, 'ebike': 0}",3,7,1,1790559469.0
7106,37,"{'mechanical': 37, 'ebike': 0}",1,1,0,1790559473.0
7107,13,"{'mechanical': 13, 'ebike': 0}",2,0,0,1790559395.0
7109,5,"{'mechanical': 5, 'ebike': 0}",1,26,0,1790559387.0
7110,5,"{'mechanical': 5, 'ebike': 0}",1,9,0,1790558064.0
7111,7,"{'mechanical': 5, 'ebike': 2}",1,3,0,1790559447.0
7112,17,"{'mechanical': 14, 'ebike': 3}",1,1,0,1790559437.0
7113,0,"{'mechanical': 0, 'ebike': 0}",2,13,0,1790559411.0
7114,0,"{'mechanical': 0, 'ebike': 0}",1,26,0,1790559391.0
7115,6,"{'mechanical': 5, 'ebike': 1}",3,22,0,1790559395.0
7116,5,"{'mechanical': 2, 'ebike': 3}",1,13,0,1790559403.0
7117,4,"{'mechanical': 3, 'ebike': 1}",1,14,0,1790559458.0
7118,8,"{'mechanical': 8, 'ebike': 0}",0,11,0,1790559435.0
7119,0,"{'mechanical': 0, 'ebike': 0}",1,14,0,1790559480.0
7120,1,"{'mechanical': 1, 'ebike': 0}",1,9,0,1790559382.0
7121,23,"{'mechanical': 21, 'ebike': 2}",0,4,0,1790559480.0
7122,13,"{'mechanical': 10, 'ebike': 3}",2,0,0,1790559416.0
7123,12,"{'mechanical': 12, 'ebike': 0}",3,0,0,1790559395.0
7124,9,"{'mechanical': 7, 'ebike': 2}",0,10,0,1790559454.0
7126,0,"{'mechanical': 0, 'ebike': 0}",4,13,0,1790559398.0
7127,0,"{'mechanical': 0, 'ebike': 0}",3,12,0,1790559427.0
7128,1,"{'mechanical': 0, 'ebike': 1}",2,20,0,1790559452.0
7129,0,"{'mechanical': 0, 'ebike': 0}",1,10,0,1790559480.0
7130,1,"{'mechanical': 0, 'ebike': 1}",1,13,0,1790559466.0
7131,3,"{'mechanical': 1, 'ebike': 2}",1,11,0,1790559447.0
7132,3,"{'mechanical': 3, 'ebike': 0}",0,6,0,1790559440.0
7133,1,"{'mechanical': 1, 'ebike': 0}",1,9,0,1790559410.0
7135,17,"{'mechanical': 17, 'ebike': 0}",2,16,0,1790559468.0
7137,0,"{'mechanical': 0, 'ebike': 0}",3,12,0,1790559466.0
7138,5,"{'mechanical': 2, 'ebike': 3}",1,21,0,1790559420.0
7139,1,"{'mechanical': 1, 'ebike': 0}",3,11,0,1790559459.0
7140,4,"{'mechanical': 3, 'ebike': 1}",1,9,1,1790559392.0
7142,0,"{'mechanical': 0, 'ebike': 0}",0,15,0,1790559420.0
7143,7,"{'mechanical': 5, 'ebike': 2}",0,8,0,1790559471.0
7144,4,"{'mechanical': 4, 'ebike': 0}",3,7,1,1790559394.0
7146,3,"{'mechanical': 1, 'ebike': 2}",1,15,0,1790559492.0
7147,13,"{'mechanical': 13, 'ebike': 0}",0,2,0,1790559469.0
7148,19,"{'mechanical': 18, 'ebike': 1}",2,1,0,1790559456.0
7149,1,"{'mechanical': 1, 'ebike': 0}",1,9,0,1790559382.0
7150,6,"{'mechanical': 3, 'ebike': 3}",3,9,1,1790559388.0
7151,3,"{'mechanical': 1, 'ebike': 2}",1,15,0,1790559382.0
7152,4,"{'mechanical': 2, 'ebike': 2}",6,1,0,1790559440.0
7153,4,"{'mechanical': 1, 'ebike': 3}",6,9,0,1790559391.0
7154,0,"{'mechanical': 0, 'ebike': 0}",2,20,0,1790559401.0
7155,3,"{'mechanical': 2, 'ebike': 1}",1,14,1,1790559449.0
7156,7,"{'mechanical': 6, 'ebike': 1}",1,6,1,1790559378.0
7157,10,"{'mechanical': 6, 'ebike': 4}",0,13,0,1790559475.0
7158,4,"{'mechanical': 3, 'ebike': 1}",3,8,0,1790559379.0
7160,10,"{'mechanical': 7, 'ebike': 3}",0,9,0,1790559467.0
7161,1,"{'mechanical': 1, 'ebike': 0}",4,18,0,1790559458.0
7162,5,"{'mechanical': 5, 'ebike': 0}",0,16,2,1790559424.0
7164,0,"{'mechanical': 0, 'ebike': 0}",0,23,0,1790559392.0
7168,11,"{'mechanical': 11, 'ebike': 0}",4,32,0,1790559431.0
7169,5,"{'mechanical': 5, 'ebike': 0}",0,6,0,1790559486.0
7170,0,"{'mechanical': 0, 'ebike': 0}",2,11,2,1790559420.0
7172,13,"{'mechanical': 13, 'ebike': 0}",0,6,0,1790559432.0
7173,11,"{'mechanical': 4, 'ebike': 7}",1,7,0,1790559407.0
7174,1,"{'mechanical': 1, 'ebike': 0}",3,11,0,1790559454.0
7175,23,"{'mechanical': 23, 'ebike': 0}",4,0,0,1790559494.0
7176,7,"{'mechanical': 7, 'ebike': 0}",0,12,0,1790559453.0
7178,0,"{'mechanical': 0, 'ebike': 0}",2,12,1,1790559423.0
7180,1,"{'mechanical': 1, 'ebike': 0}",2,20,0,1790559463.0
7181,2,"{'mechanical': 1, 'ebike': 1}",1,12,0,1790559395.0
7182,0,"{'mechanical': 0, 'ebike': 0}",1,18,0,1790559418.0
7183,3,"{'mechanical': 3, 'ebike': 0}",1,11,0,1790559404.0
7184,3,"{'mechanical': 3, 'ebike': 0}",2,6,0,1790559494.0
7188,0,"{'mechanical': 0, 'ebike': 0}",0,34,1,1790559487.0
7189,0,"{'mechanical': 0, 'ebike': 0}",3,11,1,1790559500.0
7190,2,"{'mechanical': 0, 'ebike': 2}",1,12,0,1790559430.0
7191,4,"{'mechanical': 4, 'ebike': 0}",3,4,0,1790559401.0
7192,8,"{'mechanical': 6, 'ebike': 2}",2,5,0,1790559424.0
7193,11,"{'mechanical': 8, 'ebike': 3}",1,3,0,1790559398.0
7195,1,"{'mechanical': 1, 'ebike': 0}",3,7,0,1790559398.0
7196,1,"{'mechanical': 0, 'ebike': 1}",1,9,0,1790559463.0
7198,18,"{'mechanical': 15, 'ebike': 3}",0,1,0,1790559393.0
7199,0,"{'mechanical': 0, 'ebike': 0}",1,17,1,1790559477.0
7202,10,"{'mechanical': 10, 'ebike': 0}",1,16,0,1790559439.0
7203,31,"{'mechanical': 30, 'ebike': 1}",1,3,0,1790559394.0
7204,6,"{'mechanical': 6, 'ebike': 0}",1,11,1,1790559440.0
7205,8,"{'mechanical': 8, 'ebike': 0}",5,2,0,1790559402.0
7206,2,"{'mechanical': 2, 'ebike': 0}",1,10,0,1790559403.0
7207,33,"{'mechanical': 33, 'ebike': 0}",0,14,0,1790559473.0
7208,10,"{'mechanical': 10, 'ebike': 0}",2,3,0,1790559447.0
7209,9,"{'mechanical': 7, 'ebike': 2}",1,9,0,1790559377.0
7210,5,"{'mechanical': 3, 'ebike': 2}",3,7,0,1790559424.0
7211,20,"{'mechanical': 20, 'ebike': 0}",1,2,0,1790559405.0
7216,14,"{'mechanical': 14, 'ebike': 0}",3,6,0,1790559455.0
7217,6,"{'mechanical': 4, 'ebike': 2}",6,3,0,1790559412.0
7220,17,"{'mechanical': 16, 'ebike': 1}",2,0,0,1790559478.0
7221,0,"{'mechanical': 0, 'ebike': 0}",4,7,0,1790559495.0
7222,20,"{'mechanical': 20, 'ebike': 0}",2,5,0,1790559483.0
7223,7,"{'mechanical': 7, 'ebike': 0}",2,3,0,1790559499.0
7224,1,"{'mechanical': 0, 'ebike': 1}",4,18,0,1790559381.0
7225,15,"{'mechanical': 15, 'ebike': 0}",0,3,0,1790559399.0
7226,5,"{'mechanical': 4, 'ebike': 1}",1,13,0,1790559406.0
7227,6,"{'mechanical': 6, 'ebike': 0}",3,22,0,1790559374.0
7228,16,"{'mechanical': 16, 'ebike': 0}",3,0,0,1790559425.0
7229,0,"{'mechanical': 0, 'ebike': 0}",4,7,0,1790559375.0
7230,17,"{'mechanical': 17, 'ebike': 0}",1,1,0,1790559395.0
7231,9,"{'mechanical': 7, 'ebike': 2}",4,5,0,1790559419.0
7232,6,"{'mechanical': 5, 'ebike': 1}",2,8,0,1790559388.0
7233,12,"{'mechanical': 11, 'ebike': 1}",0,4,0,1790559476.0
7234,0,"{'mechanical': 0, 'ebike': 0}",3,16,0,1790559388.0
7235,0,"{'mechanical': 0, 'ebike': 0}",0,15,1,1790559427.0
7236,7,"{'mechanical': 7, 'ebike': 0}",0,17,0,1790559497.0
7237,6,"{'mechanical': 5, 'ebike': 1}",0,9,0,1790559376.0
7238,6,"{'mechanical': 5, 'ebike': 1}",1,9,0,1790559467.0
7239,6,"{'mechanical': 4, 'ebike': 2}",2,34,0,1790559462.0
7240,2,"{'mechanical': 0, 'ebike': 2}",0,31,1,1790559461.0
7241,5,"{'mechanical': 3, 'ebike': 2}",2,4,0,1790559467.0
7242,10,"{'mechanical': 9, 'ebike': 1}",3,22,0,1790559479.0
7243,4,"{'mechanical': 4, 'ebike': 0}",6,4,0,1790559455.0
7244,8,"{'mechanical': 8, 'ebike': 0}",3,5,0,1790559432.0
7246,1,"{'mechanical': 0, 'ebike': 1}",2,16,0,1790559398.0
7247,0,"{'mechanical': 0, 'ebike': 0}",1,11,0,1790559462.0
7248,14,"{'mechanical': 11, 'ebike': 3}",4,2,0,1790559455.0
7249,20,"{'mechanical': 5, 'ebike': 15}",6,25,0,1790559452.0
7250,0,"{'mechanical': 0, 'ebike': 0}",2,14,0,1790559451.0
7252,0,"{'mechanical': 0, 'ebike': 0}",2,16,0,1790559463.0
7253,8,"{'mechanical': 8, 'ebike': 0}",1,3,0,1790559404.0
7256,9,"{'mechanical': 8, 'ebike': 1}",1,1,1,1790559405.0
7257,0,"{'mechanical': 0, 'ebike': 0}",3,16,0,1790559472.0
7258,13,"{'mechanical': 12, 'ebike': 1}",0,1,1,1790559456.0
7259,16,"{'mechanical': 16, 'ebike': 0}",1,2,0,1790559480.0
7260,7,"{'mechanical': 7, 'ebike': 0}",2,6,0,1790559455.0
7261,21,"{'mechanical': 21, 'ebike': 0}",3,2,0,1790559387.0
7262,1,"{'mechanical': 1, 'ebike': 0}",3,12,0,1790559417.0
7264,13,"{'mechanical': 11, 'ebike': 2}",0,7,0,1790559416.0
7265,3,"{'mechanical': 2, 'ebike': 1}",1,7,1,1790559486.0
7266,2,"{'mechanical': 2, 'ebike': 0}",0,10,0,1790559400.0
7267,3,"{'mechanical': 3, 'ebike': 0}",4,7,1,1790559498.0
7268,3,"{'mechanical': 1, 'ebike': 2}",1,12,0,1790559413.0
7269,5,"{'mechanical': 5, 'ebike': 0}",0,15,0,1790559450.0
7270,0,"{'mechanical': 0, 'ebike': 0}",5,15,0,1790559434.0
7271,7,"{'mechanical': 6, 'ebike': 1}",2,8,1,1790559394.0
7272,7,"{'mechanical': 6, 'ebike': 1}",1,19,0,1790559415.0
7273,1,"{'mechanical': 0, 'ebike': 1}",2,17,0,1790559485.0
7276,0,"{'mechanical': 0, 'ebike': 0}",0,11,0,1790559431.0
7277,0,"{'mechanical': 0, 'ebike': 0}",1,19,0,1790559451.0
7278,15,"{'mechanical': 12, 'ebike': 3}",0,0,0,1790559448.0
7279,0,"{'mechanical': 0, 'ebike': 0}",3,13,0,1790559402.0
7281,2,"{'mechanical': 2, 'ebike': 0}",0,22,0,1790559463.0
7282,17,"{'mechanical': 17, 'ebike': 0}",2,4,0,1790559402.0
7283,1,"{'mechanical': 1, 'ebike': 0}",0,18,0,1790559458.0
7284,7,"{'mechanical': 7, 'ebike': 0}",1,16,0,1790559469.0
7285,2,"{'mechanical': 2, 'ebike': 0}",0,34,0,1790559469.0
7286,11,"{'mechanical': 11, 'ebike': 0}",0,7,0,1790559492.0
7287,16,"{'mechanical': 15, 'ebike': 1}",0,0,0,1790559466.0
7288,26,"{'mechanical': 25, 'ebike': 1}",1,2,2,1790559484.0
7289,1,"{'mechanical': 1, 'ebike': 0}",1,20,1,1790559395.0
7291,11,"{'mechanical': 11, 'ebike': 0}",1,3,0,1790559476.0
7292,6,"{'mechanical': 4, 'ebike': 2}",0,18,0,1790559458.0
7296,5,"{'mechanical': 3, 'ebike': 2}",3,11,0,1790559382.0
7297,5,"{'mechanical': 1, 'ebike': 4}",3,11,0,1790559395.0
7298,22,"{'mechanical': 21, 'ebike': 1}",2,1,0,1790559429.0
7299,14,"{'mechanical': 13, 'ebike': 1}",1,0,0,1790559400.0
7301,7,"{'mechanical': 3, 'ebike': 4}",1,7,0,1790559460.0
7302,1,"{'mechanical': 0, 'ebike': 1}",0,10,0,1790559460.0
7303,26,"{'mechanical': 26, 'ebike': 0}",0,17,0,1790559376.0
7309,14,"{'mechanical': 14, 'ebike': 0}",1,8,0,1790559413.0
7311,3,"{'mechanical': 2, 'ebike': 1}",2,14,0,1790559421.0
7312,4,"{'mechanical': 4, 'ebike': 0}",0,7,0,1790559475.0
7313,14,"{'mechanical': 14, 'ebike': 0}",0,15,0,1790559410.0
7314,4,"{'mechanical': 3, 'ebike': 1}",0,11,0,1790559392.0
7315,8,"{'mechanical': 8, 'ebike': 0}",0,3,0,1790559466.0
7316,14,"{'mechanical': 14, 'ebike': 0}",0,1,0,1790559410.0
7317,34,"{'mechanical': 33, 'ebike': 1}",0,5,0,1790559496.0
7318,26,"{'mechanical': 26, 'ebike': 0}",1,0,0,1790559428.0
7319,10,"{'mechanical': 10, 'ebike': 0}",0,1,0,1790559418.0
7320,13,"{'mechanical': 13, 'ebike': 0}",2,4,0,1790559491.0
7321,17,"{'mechanical': 17, 'ebike': 0}",1,1,0,1790559428.0
7322,1,"{'mechanical': 1, 'ebike': 0}",3,14,1,1790559475.0
7323,15,"{'mechanical': 15, 'ebike': 0}",2,1,1,1790559472.0
7324,19,"{'mechanical': 19, 'ebike': 0}",2,2,0,1790559377.0
7326,0,"{'mechanical': 0, 'ebike': 0}",1,18,0,1790559439.0
7329,10,"{'mechanical': 10, 'ebike': 0}",1,8,0,1790559450.0
7331,0,"{'mechanical': 0, 'ebike': 0}",0,19,0,1790559425.0
7332,0,"{'mechanical': 0, 'ebike': 0}",0,23,0,1790559463.0
7333,7,"{'mechanical': 7, 'ebike': 0}",0,11,1,1790559467.0
7334,10,"{'mechanical': 10, 'ebike': 0}",1,4,0,1790559431.0
7335,1,"{'mechanical': 0, 'ebike': 1}",6,12,0,1790559496.0
7336,19,"{'mechanical': 18, 'ebike': 1}",0,0,0,1790559434.0
7337,19,"{'mechanical': 18, 'ebike': 1}",1,3,0,1790559476.0
7338,5,"{'mechanical': 5, 'ebike': 0}",2,12,0,1790559497.0
7339,0,"{'mechanical': 0, 'ebike': 0}",1,14,0,1790559444.0
7340,5,"{'mechanical': 5, 'ebike': 0}",0,10,0,1790559492.0
7341,12,"{'mechanical': 12, 'ebike': 0}",1,1,0,1790559443.0
7342,8,"{'mechanical': 7, 'ebike': 1}",0,2,0,1790559393.0
7343,37,"{'mechanical': 36, 'ebike': 1}",3,0,1,1790559392.0
7344,24,"{'mechanical': 23, 'ebike': 1}",3,22,0,1790559474.0
7345,17,"{'mechanical': 17, 'ebike': 0}",0,14,0,1790559491.0
7346,17,"{'mechanical': 16, 'ebike': 1}",3,3,0,1790559407.0
7347,0,"{'mechanical': 0, 'ebike': 0}",0,15,0,1790559472.0
7348,0,"{'mechanical': 0, 'ebike': 0}",0,19,0,1790559465.0
7349,6,"{'mechanical': 4, 'ebike': 2}",1,15,1,1790559499.0
7350,10,"{'mechanical': 8, 'ebike': 2}",0,13,0,1790559485.0
7351,4,"{'mechanical': 3, 'ebike': 1}",0,15,0,1790559390.0
7352,0,"{'mechanical': 0, 'ebike': 0}",0,19,0,1790559465.0
7353,3,"{'mechanical': 3, 'ebike': 0}",0,16,0,1790559472.0
7354,25,"{'mechanical': 24, 'ebike': 1}",3,3,0,1790559392.0
7355,1,"{'mechanical': 1, 'ebike': 0}",1,9,0,1790559456.0
7356,25,"{'mechanical': 25, 'ebike': 0}",0,6,0,1790559383.0
7357,13,"{'mechanical': 13, 'ebike': 0}",2,4,0,1790559414.0
7358,0,"{'mechanical': 0, 'ebike': 0}",3,14,0,1790559473.0
7359,0,"{'mechanical': 0, 'ebike': 0}",2,21,0,1790559441.0
7360,1,"{'mechanical': 1, 'ebike': 0}",1,15,0,1790559395.0
7361,0,"{'mechanical': 0, 'ebike': 0}",3,16,0,1790559379.0
7362,0,"{'mechanical': 0, 'ebike': 0}",2,17,0,1790559431.0
7363,1,"{'mechanical': 1, 'ebike': 0}",3,11,0,1790559380.0
7364,33,"{'mechanical': 33, 'ebike': 0}",0,2,0,1790559412.0
7365,46,"{'mechanical': 44, 'ebike': 2}",1,14,0,1790559382.0
7366,5,"{'mechanical': 5, 'ebike': 0}",4,11,0,1790559434.0
7367,6,"{'mechanical': 5, 'ebike': 1}",3,7,0,1790559467.0
7368,2,"{'mechanical': 1, 'ebike': 1}",1,5,0,1790559378.0
7371,1,"{'mechanical': 0, 'ebike': 1}",0,19,0,1790559398.0
7373,13,"{'mechanical': 13, 'ebike': 0}",1,1,0,1790559461.0
7374,19,"{'mechanical': 19, 'ebike': 0}",0,0,0,1790559440.0
7375,10,"{'mechanical': 10, 'ebike': 0}",1,0,0,1790559399.0
7376,4,"{'mechanical': 0, 'ebike': 4}",2,13,0,1790559404.0
7377,3,"{'mechanical': 2, 'ebike': 1}",4,29,0,1790559376.0
7378,2,"{'mechanical': 1, 'ebike': 1}",1,12,0,1790559483.0
7379,0,"{'mechanical': 0, 'ebike': 0}",2,12,1,1790559459.0
7380,2,"{'mechanical': 0, 'ebike': 2}",3,11,0,1790559444.0
7381,1,"{'mechanical': 0, 'ebike': 1}",5,29,0,1790559450.0
7382,12,"{'mechanical': 12, 'ebike': 0}",4,11,0,1790559478.0
7383,6,"{'mechanical': 6, 'ebike': 0}",1,8,0,1790559454.0
7384,2,"{'mechanical': 0, 'ebike': 2}",4,3,0,1790559457.0
7385,1,"{'mechanical': 0, 'ebike': 1}",18,14,0,1790559474.0
7386,4,"{'mechanical': 3, 'ebike': 1}",2,10,0,1790559491.0
7387,5,"{'mechanical': 3, 'ebike': 2}",1,6,0,1790559487.0
7388,3,"{'mechanical': 0, 'ebike': 3}",0,12,0,1790559419.0
7389,11,"{'mechanical': 10, 'ebike': 1}",3,11,0,1790559436.0
7391,30,"{'mechanical': 30, 'ebike': 0}",0,1,0,1790559496.0
7395,3,"{'mechanical': 1, 'ebike': 2}",0,20,0,1790559389.0
7398,2,"{'mechanical': 2, 'ebike': 0}",3,14,0,1790559493.0
7399,15,"{'mechanical': 15, 'ebike': 0}",0,4,0,1790559472.0
7400,7,"{'mechanical': 6, 'ebike': 1}",0,16,0,1790559501.0
7403,1,"{'mechanical': 1, 'ebike': 0}",1,17,0,1790559404.0
7404,1,"{'mechanical': 0, 'ebike': 1}",2,15,1,1790559417.0
7407,2,"{'mechanical': 1, 'ebike': 1}",4,17,0,1790559440.0
7409,6,"{'mechanical': 4, 'ebike': 2}",1,20,0,1790559400.0
7410,3,"{'mechanical': 1, 'ebike': 2}",0,16,0,1790559385.0
7411,21,"{'mechanical': 21, 'ebike': 0}",0,1,1,1790559408.0
7412,1,"{'mechanical': 1, 'ebike': 0}",3,18,1,1790559484.0
7414,1,"{'mechanical': 0, 'ebike': 1}",0,14,0,1790559482.0
7415,2,"{'mechanical': 1, 'ebike': 1}",1,20,0,1790559464.0
7416,16,"{'mechanical': 16, 'ebike': 0}",1,14,0,1790559454.0
7417,10,"{'mechanical': 10, 'ebike': 0}",0,1,0,1790559399.0
7418,3,"{'mechanical': 2, 'ebike': 1}",1,21,0,1790559461.0
7419,0,"{'mechanical': 0, 'ebike': 0}",2,25,0,1790559395.0
7420,2,"{'mechanical': 2, 'ebike': 0}",2,24,0,1790559484.0
7422,5,"{'mechanical': 5, 'ebike': 0}",2,9,0,1790559467.0
7425,21,"{'mechanical': 20, 'ebike': 1}",0,2,0,1790559387.0
7427,36,"{'mechanical': 36, 'ebike': 0}",0,5,0,1790559499.0
7428,30,"{'mechanical': 30, 'ebike': 0}",1,12,0,1790559391.0
7429,0,"{'mechanical': 0, 'ebike': 0}",2,13,0,1790559493.0
7430,6,"{'mechanical': 5, 'ebike': 1}",1,20,0,1790559484.0
7431,23,"{'mechanical': 22, 'ebike': 1}",0,2,0,1790559411.0
7432,20,"{'mechanical': 19, 'ebike': 1}",1,26,0,1790559427.0
7433,13,"{'mechanical': 13, 'ebike': 0}",0,3,0,1790559464.0
7434,26,"{'mechanical': 2, 'ebike': 24}",1,12,0,1790559421.0
7435,4,"{'mechanical': 0, 'ebike': 4}",0,7,0,1790559492.0
7437,13,"{'mechanical': 8, 'ebike': 5}",1,1,0,1790559483.0
7438,1,"{'mechanical': 1, 'ebike': 0}",1,17,0,1790559414.0
7441,1,"{'mechanical': 1, 'ebike': 0}",2,20,0,1790559398.0
7442,1,"{'mechanical': 0, 'ebike': 1}",1,13,0,1790559483.0
7444,2,"{'mechanical': 1, 'ebike': 1}",0,18,0,1790559447.0
7445,19,"{'mechanical': 18, 'ebike': 1}",0,0,0,1790559385.0
7446,24,"{'mechanical': 23, 'ebike': 1}",1,0,0,1790559461.0
7447,1,"{'mechanical': 0, 'ebike': 1}",0,22,0,1790559431.0
7448,0,"{'mechanical': 0, 'ebike': 0}",0,18,1,1790559430.0
7449,3,"{'mechanical': 3, 'ebike': 0}",0,12,0,1790559400.0
7450,2,"{'mechanical': 0, 'ebike': 2}",1,11,1,1790559386.0
7451,4,"{'mechanical': 4, 'ebike': 0}",4,23,0,1790559492.0
7452,7,"{'mechanical': 0, 'ebike': 7}",2,13,1,1790559418.0
7453,5,"{'mechanical': 5, 'ebike': 0}",1,10,1,1790559427.0
7454,0,"{'mechanical': 0, 'ebike': 0}",5,10,0,1790559451.0
7455,2,"{'mechanical': 2, 'ebike': 0}",1,24,0,1790559495.0
7457,0,"{'mechanical': 0, 'ebike': 0}",1,21,1,1790559375.0
7458,4,"{'mechanical': 4, 'ebike': 0}",1,12,0,1790559385.0
7459,1,"{'mechanical': 1, 'ebike': 0}",0,10,0,1790559400.0
7460,0,"{'mechanical': 0, 'ebike': 0}",1,24,2,1790559429.0
7461,0,"{'mechanical': 0, 'ebike': 0}",3,20,0,1790559399.0
7462,0,"{'mechanical': 0, 'ebike': 0}",2,15,0,1790559428.0
7465,0,"{'mechanical': 0, 'ebike': 0}",4,15,0,1790559433.0
7466,1,"{'mechanical': 0, 'ebike': 1}",5,13,0,1790559436.0
7467,8,"{'mechanical': 8, 'ebike': 0}",1,6,0,1790559413.0
7468,16,"{'mechanical': 16, 'ebike': 0}",2,9,0,1790559426.0
7469,2,"{'mechanical': 2, 'ebike': 0}",1,20,0,1790559387.0
7471,10,"{'mechanical': 8, 'ebike': 2}",0,5,0,1790559425.0
7473,9,"{'mechanical': 8, 'ebike': 1}",6,0,0,1790559434.0
7474,18,"{'mechanical': 17, 'ebike': 1}",2,3,0,1790559484.0
7475,1,"{'mechanical': 1, 'ebike': 0}",4,14,0,1790559471.0
7476,8,"{'mechanical': 6, 'ebike': 2}",1,6,0,1790559498.0
7477,3,"{'mechanical': 2, 'ebike': 1}",1,16,0,1790559436.0
7478,17,"{'mechanical': 16, 'ebike': 1}",1,1,0,1790559407.0
7480,6,"{'mechanical': 4, 'ebike': 2}",1,8,0,1790559496.0
7483,3,"{'mechanical': 2, 'ebike': 1}",1,8,0,1790559481.0
7484,1,"{'mechanical': 0, 'ebike': 1}",2,13,0,1790559428.0
7485,0,"{'mechanical': 0, 'ebike': 0}",0,15,0,1790559414.0
7486,0,"{'mechanical': 0, 'ebike': 0}",0,22,0,1790559449.0
7487,8,"{'mechanical': 7, 'ebike': 1}",0,7,0,1790559488.0
7488,1,"{'mechanical': 0, 'ebike': 1}",2,8,0,1790559455.0
7489,0,"{'mechanical': 0, 'ebike': 0}",1,18,0,1790559478.0
7492,0,"{'mechanical': 0, 'ebike': 0}",0,15,0,1790559417.0
7493,6,"{'mechanical': 6, 'ebike': 0}",0,6,0,1790559451.0
7494,1,"{'mechanical': 1, 'ebike': 0}",4,7,0,1790559450.0
7496,16,"{'mechanical': 16, 'ebike': 0}",2,2,0,1790559410.0
7497,2,"{'mechanical': 2, 'ebike': 0}",2,16,0,1790559497.0
7501,0,"{'mechanical': 0, 'ebike': 0}",0,20,0,1790559492.0
7502,1,"{'mechanical': 1, 'ebike': 0}",3,16,0,1790559380.0
7503,1,"{'mechanical': 0, 'ebike': 1}",0,19,0,1790559374.0
7504,4,"{'mechanical': 4, 'ebike': 0}",0,12,0,1790559468.0
7505,14,"{'mechanical': 10, 'ebike': 4}",2,4,0,1790559458.0
7506,4,"{'mechanical': 4, 'ebike': 0}",1,7,0,1790559463.0
7508,4,"{'mechanical': 4, 'ebike': 0}",2,14,0,1790559447.0
7514,45,"{'mechanical': 45, 'ebike': 0}",6,12,0,1790559419.0
7515,18,"{'mechanical': 16, 'ebike': 2}",1,8,0,1790559400.0
7516,8,"{'mechanical': 8, 'ebike': 0}",2,7,0,1790559496.0
7517,23,"{'mechanical': 22, 'ebike': 1}",0,0,0,1790559455.0
7518,4,"{'mechanical': 4, 'ebike': 0}",2,21,0,1790559497.0
7520,2,"{'mechanical': 1, 'ebike': 1}",1,12,0,1790559428.0
7521,0,"{'mechanical': 0, 'ebike': 0}",1,22,0,1790559491.0
7522,4,"{'mechanical': 3, 'ebike': 1}",2,11,0,1790559444.0
7523,11,"{'mechanical': 11, 'ebike': 0}",1,3,0,1790559381.0
7524,12,"{'mechanical': 12, 'ebike': 0}",3,20,0,1790559414.0
7526,2,"{'mechanical': 2, 'ebike': 0}",0,21,0,1790559443.0
7527,6,"{'mechanical': 4, 'ebike': 2}",0,13,0,1790559386.0
7528,4,"{'mechanical': 0, 'ebike': 4}",3,10,0,1790559465.0
7529,2,"{'mechanical': 1, 'ebike': 1}",0,13,0,1790559440.0
7530,4,"{'mechanical': 3, 'ebike': 1}",2,16,0,1790559383.0
7531,1,"{'mechanical': 1, 'ebike': 0}",2,17,0,1790559374.0
7533,15,"{'mechanical': 15, 'ebike': 0}",3,9,0,1790559427.0
7534,3,"{'mechanical': 2, 'ebike': 1}",3,9,0,1790559414.0
7536,3,"{'mechanical': 3, 'ebike': 0}",1,19,0,1790559456.0
7537,0,"{'mechanical': 0, 'ebike': 0}",4,12,0,1790559395.0
7538,0,"{'mechanical': 0, 'ebike': 0}",1,18,0,1790559431.0
7539,6,"{'mechanical': 6, 'ebike': 0}",1,12,0,1790559445.0
7540,0,"{'mechanical': 0, 'ebike': 0}",0,16,3,1790559469.0
7541,0,"{'mechanical': 0, 'ebike': 0}",3,17,0,1790559393.0
7542,11,"{'mechanical': 10, 'ebike': 1}",0,12,0,1790559391.0
7543,10,"{'mechanical': 10, 'ebike': 0}",0,5,0,1790559484.0
7545,11,"{'mechanical': 10, 'ebike': 1}",0,4,0,1790559473.0
7546,3,"{'mechanical': 1, 'ebike': 2}",2,13,0,1790559456.0
7547,0,"{'mechanical': 0, 'ebike': 0}",0,15,0,1790559461.0
7548,2,"{'mechanical': 0, 'ebike': 2}",6,12,0,1790559447.0
7549,3,"{'mechanical': 3, 'ebike': 0}",1,43,0,1790559446.0
7551,13,"{'mechanical': 11, 'ebike': 2}",1,1,0,1790559482.0
7552,4,"{'mechanical': 4, 'ebike': 0}",0,13,2,1790559488.0
7553,1,"{'mechanical': 0, 'ebike': 1}",0,18,0,1790559435.0
7554,11,"{'mechanical': 11, 'ebike': 0}",0,16,0,1790559419.0
7555,2,"{'mechanical': 2, 'ebike': 0}",0,17,1,1790559438.0
7556,13,"{'mechanical': 13, 'ebike': 0}",3,15,0,1790559439.0
7557,20,"{'mechanical': 20, 'ebike': 0}",0,3,0,1790559418.0
7558,16,"{'mechanical': 16, 'ebike': 0}",2,1,0,1790559483.0
7559,12,"{'mechanical': 10, 'ebike': 2}",0,3,0,1790559442.0
7561,2,"{'mechanical': 0, 'ebike': 2}",0,13,0,1790559386.0
7562,1,"{'mechanical': 0, 'ebike': 1}",1,21,0,1790559439.0
7563,13,"{'mechanical': 12, 'ebike': 1}",0,6,0,1790559425.0
7564,1,"{'mechanical': 1, 'ebike': 0}",0,22,0,1790559380.0
7565,1,"{'mechanical': 0, 'ebike': 1}",1,21,0,1790559500.0
7566,0,"{'mechanical': 0, 'ebike': 0}",1,18,0,1790559413.0
7567,5,"{'mechanical': 5, 'ebike': 0}",0,22,0,1790559493.0
7568,12,"{'mechanical': 10, 'ebike': 2}",3,11,1,1790559378.0
7569,69,"{'mechanical': 68, 'ebike': 1}",3,14,1,1790559385.0
7570,12,"{'mechanical': 12, 'ebike': 0}",4,1,0,1790559438.0
7571,18,"{'mechanical': 18, 'ebike': 0}",0,1,0,1790559423.0
7572,0,"{'mechanical': 0, 'ebike': 0}",0,15,0,1790559376.0
7575,14,"{'mechanical': 13, 'ebike': 1}",0,1,0,1790559440.0
7576,19,"{'mechanical': 18, 'ebike': 1}",0,4,0,1790559412.0
7577,2,"{'mechanical': 2, 'ebike': 0}",3,22,0,1790559436.0
7578,8,"{'mechanical': 8, 'ebike': 0}",5,2,0,1790559435.0
7579,1,"{'mechanical': 0, 'ebike': 1}",2,16,0,1790559447.0
7580,4,"{'mechanical': 3, 'ebike': 1}",0,11,0,1790559379.0
7581,2,"{'mechanical': 2, 'ebike': 0}",0,13,0,1790559457.0
7582,0,"{'mechanical': 0, 'ebike': 0}",0,16,0,1790559414.0
7583,2,"{'mechanical': 0, 'ebike': 2}",1,20,0,1790559407.0
7584,3,"{'mechanical': 3, 'ebike': 0}",0,24,0,1790559399.0
7587,5,"{'mechanical': 5, 'ebike': 0}",0,13,1,1790559414.0
7588,3,"{'mechanical': 2, 'ebike': 1}",1,15,0,1790559462.0
7589,7,"{'mechanical': 5, 'ebike': 2}",3,5,0,1790559423.0
7590,2,"{'mechanical': 2, 'ebike': 0}",0,21,0,1790559391.0
7591,0,"{'mechanical': 0, 'ebike': 0}",4,19,0,1790559431.0
7593,5,"{'mechanical': 5, 'ebike': 0}",0,22,0,1790559379.0
7594,10,"{'mechanical': 2, 'ebike': 8}",4,1,0,1790559382.0
7595,5,"{'mechanical': 2, 'ebike': 3}",1,9,0,1790559487.0
7596,0,"{'mechanical': 0, 'ebike': 0}",0,32,0,1790559409.0
7597,0,"{'mechanical': 0, 'ebike': 0}",0,15,0,1790559494.0
7598,2,"{'mechanical': 0, 'ebike': 2}",0,12,1,1790559381.0
7599,5,"{'mechanical': 5, 'ebike': 0}",3,8,0,1790559426.0
7600,0,"{'mechanical': 0, 'ebike': 0}",0,20,0,1790559404.0
7601,3,"{'mechanical': 3, 'ebike': 0}",4,16,2,1790559434.0
7602,2,"{'mechanical': 2, 'ebike': 0}",1,16,0,1790559468.0
7603,4,"{'mechanical': 4, 'ebike': 0}",2,8,0,1790559479.0
7604,1,"{'mechanical': 1, 'ebike': 0}",0,18,0,1790559423.0
7605,6,"{'mechanical': 3, 'ebike': 3}",0,14,0,1790559458.0
7606,5,"{'mechanical': 4, 'ebike': 1}",1,13,0,1790559493.0
7607,11,"{'mechanical': 10, 'ebike': 1}",0,7,1,1790559430.0
7608,0,"{'mechanical': 0, 'ebike': 0}",0,27,0,1790559386.0
7609,0,"{'mechanical': 0, 'ebike': 0}",0,27,0,1790559495.0
7610,4,"{'mechanical': 1, 'ebike': 3}",1,10,0,1790559407.0
7611,4,"{'mechanical': 4, 'ebike': 0}",0,15,0,1790559442.0
7612,2,"{'mechanical': 1, 'ebike': 1}",1,16,0,1790559479.0
7613,0,"{'mechanical': 0, 'ebike': 0}",0,17,2,1790559460.0
7614,3,"{'mechanical': 2, 'ebike': 1}",0,20,0,1790559434.0
7615,10,"{'mechanical': 10, 'ebike': 0}",1,8,0,1790559377.0
7616,4,"{'mechanical': 3, 'ebike': 1}",0,15,0,1790559385.0
7617,1,"{'mechanical': 1, 'ebike': 0}",0,17,1,1790559392.0
7618,0,"{'mechanical': 0, 'ebike': 0}",0,11,0,1790559492.0
7619,1,"{'mechanical': 1, 'ebike': 0}",1,13,0,1790559398.0
7620,0,"{'mechanical': 0, 'ebike': 0}",1,30,0,1790559415.0
7622,18,"{'mechanical': 17, 'ebike': 1}",0,5,0,1790559395.0
7623,4,"{'mechanical': 3, 'ebike': 1}",1,14,0,1790559382.0
7624,0,"{'mechanical': 0, 'ebike': 0}",0,11,0,1790559375.0
7625,0,"{'mechanical': 0, 'ebike': 0}",1,22,0,1790559423.0
7626,1,"{'mechanical': 1, 'ebike': 0}",2,22,0,1790559385.0
7627,4,"{'mechanical': 2, 'ebike': 2}",0,11,0,1790559402.0
7629,5,"{'mechanical': 4, 'ebike': 1}",0,10,0,1790559404.0
7630,8,"{'mechanical': 6, 'ebike': 2}",1,14,0,1790559401.0
7631,14,"{'mechanical': 14, 'ebike': 0}",0,1,0,1790559498.0
7632,1,"{'mechanical': 1, 'ebike': 0}",3,13,0,1790559436.0
7633,13,"{'mechanical': 12, 'ebike': 1}",2,0,0,1790559467.0
7635,2,"{'mechanical': 1, 'ebike': 1}",3,10,0,1790559387.0
7636,8,"{'mechanical': 7, 'ebike': 1}",0,15,0,1790559387.0
7637,5,"{'mechanical': 2, 'ebike': 3}",1,12,1,1790559481.0
7639,8,"{'mechanical': 8, 'ebike': 0}",3,5,0,1790559419.0
7640,1,"{'mechanical': 0, 'ebike': 1}",2,10,2,1790559435.0
7641,2,"{'mechanical': 2, 'ebike': 0}",0,13,0,1790559390.0
7642,1,"{'mechanical': 1, 'ebike': 0}",4,14,0,1790559431.0
7643,1,"{'mechanical': 0, 'ebike': 1}",0,18,0,1790559460.0
7644,1,"{'mechanical': 1, 'ebike': 0}",0,14,0,1790559442.0
7645,1,"{'mechanical': 0, 'ebike': 1}",0,15,0,1790559405.0
7646,3,"{'mechanical': 2, 'ebike': 1}",0,12,0,1790559430.0
7650,1,"{'mechanical': 0, 'ebike': 1}",4,18,0,1790555964.0
7653,7,"{'mechanical': 7, 'ebike': 0}",2,6,0,1790559470.0
7654,5,"{'mechanical': 5, 'ebike': 0}",0,2,0,1790559396.0
7655,4,"{'mechanical': 2, 'ebike': 2}",1,10,0,1790559478.0
7656,2,"{'mechanical': 2, 'ebike': 0}",2,7,0,1790559387.0
7657,20,"{'mechanical': 20, 'ebike': 0}",0,0,0,1790559438.0
7658,27,"{'mechanical': 26, 'ebike': 1}",0,0,0,1790559496.0
7659,2,"{'mechanical': 0, 'ebike': 2}",1,16,0,1790559436.0
7660,30,"{'mechanical': 30, 'ebike': 0}",1,8,0,1790559486.0
7662,15,"{'mechanical': 14, 'ebike': 1}",1,3,0,1790559423.0
7663,2,"{'mechanical': 2, 'ebike': 0}",3,12,0,1790559377.0
7664,3,"{'mechanical': 3, 'ebike': 0}",1,11,0,1790559411.0
7665,3,"{'mechanical': 3, 'ebike': 0}",0,8,0,1790559481.0
7666,0,"{'mechanical': 0, 'ebike': 0}",2,22,2,1790559380.0
7667,2,"{'mechanical': 0, 'ebike': 2}",3,10,0,1790559378.0
7668,1,"{'mechanical': 1, 'ebike': 0}",1,18,0,1790559435.0
7671,1,"{'mechanical': 0, 'ebike': 1}",1,10,0,1790559435.0
7675,9,"{'mechanical': 7, 'ebike': 2}",1,4,1,1790559418.0
7676,1,"{'mechanical': 1, 'ebike': 0}",0,15,0,1790559442.0
7677,1,"{'mechanical': 1, 'ebike': 0}",1,13,0,1790559469.0
7678,1,"{'mechanical': 1, 'ebike': 0}",1,14,0,1790559431.0
7679,0,"{'mechanical': 0, 'ebike': 0}",1,14,0,1790559383.0
7681,7,"{'mechanical': 0, 'ebike': 7}",2,15,0,1790559440.0
7682,33,"{'mechanical': 33, 'ebike': 0}",2,0,0,1790559382.0
7684,0,"{'mechanical': 0, 'ebike': 0}",1,22,0,1790559393.0
7685,16,"{'mechanical': 15, 'ebike': 1}",6,1,0,1790559467.0
7686,14,"{'mechanical': 13, 'ebike': 1}",0,1,0,1790559465.0
7687,4,"{'mechanical': 3, 'ebike': 1}",2,6,0,1790559388.0
7688,5,"{'mechanical': 3, 'ebike': 2}",3,7,0,1790559429.0
7691,2,"{'mechanical': 1, 'ebike': 1}",2,13,2,1790559390.0
7692,22,"{'mechanical': 21, 'ebike': 1}",1,3,0,1790559393.0
7693,19,"{'mechanical': 19, 'ebike': 0}",2,2,0,1790559477.0
7694,2,"{'mechanical': 0, 'ebike': 2}",0,17,0,1790559382.0
7695,16,"{'mechanical': 14, 'ebike': 2}",0,3,0,1790559472.0
7696,12,"{'mechanical': 11, 'ebike': 1}",0,7,0,1790559376.0
7698,4,"{'mechanical': 3, 'ebike': 1}",1,9,0,1790559438.0
7699,3,"{'mechanical': 0, 'ebike': 3}",2,10,0,1790559481.0
7700,2,"{'mechanical': 0, 'ebike': 2}",0,13,0,1790559440.0
7701,6,"{'mechanical': 4, 'ebike': 2}",1,11,1,1790559401.0
7702,10,"{'mechanical': 10, 'ebike': 0}",1,7,0,1790559407.0
7704,2,"{'mechanical': 1, 'ebike': 1}",1,16,0,1790559481.0
7705,18,"{'mechanical': 17, 'ebike': 1}",1,0,0,1790559483.0
7706,10,"{'mechanical': 8, 'ebike': 2}",1,16,0,1790559461.0
7707,17,"{'mechanical': 17, 'ebike': 0}",1,1,0,1790559431.0
7708,7,"{'mechanical': 1, 'ebike': 6}",6,15,0,1790559424.0
7709,4,"{'mechanical': 2, 'ebike': 2}",1,18,0,1790559480.0
7710,0,"{'mechanical': 0, 'ebike': 0}",4,14,0,1790559385.0
7711,6,"{'mechanical': 5, 'ebike': 1}",2,7,0,1790559471.0
7712,18,"{'mechanical': 18, 'ebike': 0}",1,3,1,1790559470.0
7713,13,"{'mechanical': 13, 'ebike': 0}",2,4,0,1790559475.0
7715,3,"{'mechanical': 1, 'ebike': 2}",0,8,0,1790559440.0
7716,17,"{'mechanical': 17, 'ebike': 0}",2,0,0,1790559416.0
7717,10,"{'mechanical': 10, 'ebike': 0}",0,1,0,1790559433.0
7718,5,"{'mechanical': 5, 'ebike': 0}",2,3,1,1790559437.0
7720,21,"{'mechanical': 21, 'ebike': 0}",4,6,0,1790559400.0
7721,10,"{'mechanical': 10, 'ebike': 0}",0,1,0,1790559493.0
7725,0,"{'mechanical': 0, 'ebike': 0}",1,14,0,1790559421.0
7728,0,"{'mechanical': 0, 'ebike': 0}",0,19,0,1790559499.0
7729,21,"{'mechanical': 8, 'ebike': 13}",4,20,0,1790559469.0
7730,24,"{'mechanical': 21, 'ebike': 3}",6,13,0,1790559384.0
7731,2,"{'mechanical': 0, 'ebike': 2}",1,12,0,1790559400.0
7732,6,"{'mechanical': 6, 'ebike': 0}",0,9,0,1790559421.0
7733,5,"{'mechanical': 5, 'ebike': 0}",0,10,0,1790559485.0
7734,1,"{'mechanical': 1, 'ebike': 0}",0,14,0,1790559403.0
7735,2,"{'mechanical': 0, 'ebike': 2}",0,13,0,1790559460.0
7736,2,"{'mechanical': 1, 'ebike': 1}",0,13,0,1790559500.0
7737,3,"{'mechanical': 3, 'ebike': 0}",0,12,0,1790559479.0
7738,0,"{'mechanical': 0, 'ebike': 0}",1,14,0,1790559382.0
7739,1,"{'mechanical': 1, 'ebike': 0}",1,13,0,1790559448.0
7740,4,"{'mechanical': 3, 'ebike': 1}",0,11,0,1790559441.0
7741,2,"{'mechanical': 0, 'ebike': 2}",1,12,0,1790559460.0
7742,0,"{'mechanical': 0, 'ebike': 0}",0,19,0,1790559430.0
7743,1,"{'mechanical': 0, 'ebike': 1}",3,15,0,1790559422.0
7744,1,"{'mechanical': 0, 'ebike': 1}",0,22,0,1790559477.0
7745,8,"{'mechanical': 8, 'ebike': 0}",0,7,0,1790559413.0
7746,3,"{'mechanical': 0, 'ebike': 3}",1,14,1,1790559479.0
7747,0,"{'mechanical': 0, 'ebike': 0}",1,14,0,1790559437.0
7748,7,"{'mechanical': 6, 'ebike': 1}",1,11,0,1790559466.0
7749,1,"{'mechanical': 1, 'ebike': 0}",0,14,0,1790559445.0
7750,0,"{'mechanical': 0, 'ebike': 0}",0,15,0,1790559453.0
7751,1,"{'mechanical': 0, 'ebike': 1}",1,13,0,1790559431.0
7752,18,"{'mechanical': 17, 'ebike': 1}",0,5,0,1790559484.0
7753,12,"{'mechanical': 11, 'ebike': 1}",3,0,0,1790559463.0
7754,1,"{'mechanical': 1, 'ebike': 0}",2,11,0,1790559496.0
7755,7,"{'mechanical': 7, 'ebike': 0}",0,8,0,1790559498.0
7756,5,"{'mechanical': 5, 'ebike': 0}",0,14,0,1790559429.0
7757,12,"{'mechanical': 10, 'ebike': 2}",2,4,0,1790559385.0
7758,6,"{'mechanical': 6, 'ebike': 0}",0,13,0,1790559441.0
7759,12,"{'mechanical': 12, 'ebike': 0}",0,3,0,1790559453.0
7760,9,"{'mechanical': 4, 'ebike': 5}",3,11,0,1790559398.0
7761,3,"{'mechanical': 3, 'ebike': 0}",1,11,0,1790559483.0
7762,0,"{'mechanical': 0, 'ebike': 0}",1,13,0,1790559425.0
7765,4,"{'mechanical': 2, 'ebike': 2}",1,10,0,1790559481.0
7766,5,"{'mechanical': 4, 'ebike': 1}",1,9,0,1790559397.0
7767,6,"{'mechanical': 6, 'ebike': 0}",0,5,0,1790559436.0
7768,9,"{'mechanical': 9, 'ebike': 0}",3,2,0,1790559476.0
7769,3,"{'mechanical': 2, 'ebike': 1}",1,11,0,1790559412.0
7770,17,"{'mechanical': 16, 'ebike': 1}",2,4,0,1790559452.0
7771,5,"{'mechanical': 4, 'ebike': 1}",3,3,0,1790559441.0
7772,5,"{'mechanical': 5, 'ebike': 0}",0,10,0,1790559392.0
7773,1,"{'mechanical': 0, 'ebike': 1}",0,12,1,1790559376.0
7774,0,"{'mechanical': 0, 'ebike': 0}",0,15,0,1790559458.0
7775,4,"{'mechanical': 3, 'ebike': 1}",0,7,0,1790559446.0
7776,0,"{'mechanical': 0, 'ebike': 0}",0,19,0,1790559456.0
7777,12,"{'mechanical': 9, 'ebike': 3}",0,3,0,1790559415.0
7778,3,"{'mechanical': 3, 'ebike': 0}",0,8,0,1790559473.0
7779,0,"{'mechanical': 0, 'ebike': 0}",1,14,0,1790559399.0
7780,0,"{'mechanical': 0, 'ebike': 0}",1,15,0,1790559496.0
7781,1,"{'mechanical': 0, 'ebike': 1}",3,11,0,1790559422.0
7782,2,"{'mechanical': 2, 'ebike': 0}",0,18,0,1790559439.0
7783,3,"{'mechanical': 3, 'ebike': 0}",0,17,0,1790559465.0
7784,8,"{'mechanical': 7, 'ebike': 1}",0,11,0,1790559400.0
7785,5,"{'mechanical': 5, 'ebike': 0}",1,10,0,1790559454.0
7787,28,"{'mechanical': 28, 'ebike': 0}",3,0,0,1790559419.0
7788,42,"{'mechanical': 42, 'ebike': 0}",2,5,0,1790559397.0
7789,1,"{'mechanical': 0, 'ebike': 1}",3,19,0,1790559457.0
7790,2,"{'mechanical': 2, 'ebike': 0}",2,12,1,1790559403.0
7791,8,"{'mechanical': 8, 'ebike': 0}",1,6,0,1790559449.0
7792,12,"{'mechanical': 12, 'ebike': 0}",2,1,0,1790559379.0
7796,7,"{'mechanical': 6, 'ebike': 1}",0,12,0,1790559409.0
7798,1,"{'mechanical': 0, 'ebike': 1}",1,13,0,1790559431.0
7799,0,"{'mechanical': 0, 'ebike': 0}",0,15,0,1790559491.0
7800,3,"{'mechanical': 2, 'ebike': 1}",0,16,0,1790559454.0
7801,3,"{'mechanical': 3, 'ebike': 0}",1,11,0,1790559449.0
7802,8,"{'mechanical': 7, 'ebike': 1}",4,0,0,1790559473.0
7803,3,"{'mechanical': 2, 'ebike': 1}",1,15,0,1790559399.0
7804,6,"{'mechanical': 5, 'ebike': 1}",1,6,0,1790559391.0
7805,5,"{'mechanical': 2, 'ebike': 3}",0,14,0,1790559442.0
7806,1,"{'mechanical': 0, 'ebike': 1}",1,13,0,1790559467.0
7807,0,"{'mechanical': 0, 'ebike': 0}",0,15,0,1790559428.0
7808,0,"{'mechanical': 0, 'ebike': 0}",0,15,0,1790559391.0
7809,2,"{'mechanical': 0, 'ebike': 2}",1,16,0,1790559396.0
7810,0,"{'mechanical': 0, 'ebike': 0}",1,14,0,1790559474.0
7811,14,"{'mechanical': 14, 'ebike': 0}",4,1,0,1790559467.0
7812,7,"{'mechanical': 7, 'ebike': 0}",0,12,0,1790559453.0
7813,2,"{'mechanical': 2, 'ebike': 0}",2,19,0,1790559396.0
7814,4,"{'mechanical': 4, 'ebike': 0}",0,11,0,1790559446.0
7815,0,"{'mechanical': 0, 'ebike': 0}",0,14,1,1790559467.0
7816,35,"{'mechanical': 35, 'ebike': 0}",1,18,1,1790559388.0
7817,10,"{'mechanical': 7, 'ebike': 3}",1,4,0,1790559486.0
7818,4,"{'mechanical': 2, 'ebike': 2}",3,12,0,1790559459.0
7819,2,"{'mechanical': 1, 'ebike': 1}",2,11,0,1790559499.0
7820,0,"{'mechanical': 0, 'ebike': 0}",0,15,0,1790559428.0
7821,14,"{'mechanical': 14, 'ebike': 0}",4,2,0,1790559477.0
7822,15,"{'mechanical': 15, 'ebike': 0}",1,3,0,1790559456.0
7823,4,"{'mechanical': 2, 'ebike': 2}",3,3,1,1790559434.0
7824,0,"{'mechanical': 0, 'ebike': 0}",0,19,0,1790559380.0
7825,1,"{'mechanical': 1, 'ebike': 0}",1,12,0,1790559429.0
7826,12,"{'mechanical': 8, 'ebike': 4}",1,2,0,1790559461.0
7827,1,"{'mechanical': 0, 'ebike': 1}",0,14,0,1790559399.0
7828,2,"{'mechanical': 2, 'ebike': 0}",0,9,0,1790559488.0
7830,1,"{'mechanical': 1, 'ebike': 0}",0,14,0,1790559438.0
7831,10,"{'mechanical': 10, 'ebike': 0}",0,9,0,1790559427.0
7832,13,"{'mechanical': 13, 'ebike': 0}",2,4,0,1790559375.0
7833,0,"{'mechanical': 0, 'ebike': 0}",0,15,0,1790559453.0
7834,1,"{'mechanical': 0, 'ebike': 1}",0,14,0,1790559447.0
7835,4,"{'mechanical': 1, 'ebike': 3}",0,15,0,1790559473.0
7836,2,"{'mechanical': 0, 'ebike': 2}",0,17,0,1790559437.0
7837,1,"{'mechanical': 1, 'ebike': 0}",0,18,0,1790559494.0
7838,17,"{'mechanical': 16, 'ebike': 1}",2,0,0,1790559407.0
7839,2,"{'mechanical': 2, 'ebike': 0}",1,8,0,1790559445.0
7840,3,"{'mechanical': 1, 'ebike': 2}",0,12,0,1790559383.0
7841,3,"{'mechanical': 2, 'ebike': 1}",2,10,0,1790559435.0
7842,9,"{'mechanical': 9, 'ebike': 0}",0,2,0,1790559385.0
7843,12,"{'mechanical': 12, 'ebike': 0}",2,1,0,1790559437.0
7844,10,"{'mechanical': 10, 'ebike': 0}",2,3,0,1790559445.0
7845,12,"{'mechanical': 12, 'ebike': 0}",0,3,0,1790559415.0
7846,4,"{'mechanical': 2, 'ebike': 2}",0,11,0,1790559399.0
7848,1,"{'mechanical': 1, 'ebike': 0}",1,21,0,1790559382.0
7849,2,"{'mechanical': 2, 'ebike': 0}",0,13,0,1790559441.0
7850,6,"{'mechanical': 5, 'ebike': 1}",1,8,1,1790559451.0
7851,0,"{'mechanical': 0, 'ebike': 0}",2,13,0,1790559400.0
7852,8,"{'mechanical': 8, 'ebike': 0}",0,15,0,1790559409.0
7853,12,"{'mechanical': 12, 'ebike': 0}",0,3,0,1790559416.0
7854,1,"{'mechanical': 1, 'ebike': 0}",0,18,0,1790559388.0
7855,2,"{'mechanical': 2, 'ebike': 0}",2,11,0,1790559428.0
7856,2,"{'mechanical': 2, 'ebike': 0}",0,13,0,1790559455.0
7857,1,"{'mechanical': 1, 'ebike': 0}",0,18,0,1790559479.0
7858,2,"{'mechanical': 2, 'ebike': 0}",1,20,0,1790559388.0
7859,4,"{'mechanical': 4, 'ebike': 0}",0,11,0,1790559389.0
7860,4,"{'mechanical': 4, 'ebike': 0}",1,10,0,1790559387.0
7861,1,"{'mechanical': 1, 'ebike': 0}",0,18,0,1790559420.0
7862,2,"{'mechanical': 1, 'ebike': 1}",0,13,0,1790559387.0
7863,0,"{'mechanical': 0, 'ebike': 0}",1,14,0,1790559441.0
7864,0,"{'mechanical': 0, 'ebike': 0}",2,13,0,1790559397.0
7865,1,"{'mechanical': 0, 'ebike': 1}",6,36,0,1790559496.0
7866,5,"{'mechanical': 1, 'ebike': 4}",2,16,0,1790559440.0
7867,1,"{'mechanical': 1, 'ebike': 0}",2,12,0,1790559387.0
7868,0,"{'mechanical': 0, 'ebike': 0}",0,18,1,1790559467.0
7869,6,"{'mechanical': 6, 'ebike': 0}",0,9,0,1790559410.0
7870,2,"{'mechanical': 1, 'ebike': 1}",0,13,0,1790559449.0
7871,2,"{'mechanical': 2, 'ebike': 0}",0,12,0,1790559381.0
7872,4,"{'mechanical': 4, 'ebike': 0}",0,11,0,1790559472.0
7874,2,"{'mechanical': 2, 'ebike': 0}",1,12,0,1790559409.0
7875,6,"{'mechanical': 6, 'ebike': 0}",0,9,0,1790559453.0
7877,7,"{'mechanical': 7, 'ebike': 0}",0,8,0,1790559453.0
7878,1,"{'mechanical': 1, 'ebike': 0}",0,14,0,1790559486.0
7880,8,"{'mechanical': 8, 'ebike': 0}",1,6,0,1790559497.0
7883,2,"{'mechanical': 2, 'ebike': 0}",0,9,0,1790559482.0
7884,5,"{'mechanical': 5, 'ebike': 0}",0,10,0,1790559457.0
7885,10,"{'mechanical': 9, 'ebike': 1}",1,0,0,1790559424.0
7887,22,"{'mechanical': 20, 'ebike': 2}",8,13,1,1790559398.0
7888,4,"{'mechanical': 2, 'ebike': 2}",0,11,0,1790559400.0
7889,11,"{'mechanical': 10, 'ebike': 1}",0,8,0,1790559485.0
7890,6,"{'mechanical': 0, 'ebike': 6}",2,15,0,1790559449.0
7891,0,"{'mechanical': 0, 'ebike': 0}",0,19,0,1790559491.0
7893,1,"{'mechanical': 0, 'ebike': 1}",0,18,0,1790559477.0
7894,0,"{'mechanical': 0, 'ebike': 0}",1,14,0,1790559402.0
7895,0,"{'mechanical': 0, 'ebike': 0}",0,15,0,1790559460.0
7896,0,"{'mechanical': 0, 'ebike': 0}",1,14,0,1790559487.0
7897,1,"{'mechanical': 0, 'ebike': 1}",0,14,0,1790559398.0
7899,0,"{'mechanical': 0, 'ebike': 0}",1,22,0,1790559410.0
7900,0,"{'mechanical': 0, 'ebike': 0}",1,10,0,1790559468.0
7901,4,"{'mechanical': 3, 'ebike': 1}",1,6,0,1790559477.0
7902,3,"{'mechanical': 1, 'ebike': 2}",0,12,0,1790559420.0
7903,1,"{'mechanical': 1, 'ebike': 0}",2,12,0,1790559465.0
7904,1,"{'mechanical': 0, 'ebike': 1}",0,10,0,1790559473.0
7906,11,"{'mechanical': 11, 'ebike': 0}",0,3,0,1790559392.0
7907,14,"{'mechanical': 3, 'ebike': 11}",5,22,0,1790559482.0
7909,2,"{'mechanical': 2, 'ebike': 0}",0,21,0,1790559383.0
7910,1,"{'mechanical': 1, 'ebike': 0}",1,13,0,1790559448.0
7911,0,"{'mechanical': 0, 'ebike': 0}",0,19,0,1790559467.0
7912,10,"{'mechanical': 7, 'ebike': 3}",0,9,0,1790559380.0
7913,20,"{'mechanical': 20, 'ebike': 0}",0,15,0,1790559481.0
7914,1,"{'mechanical': 1, 'ebike': 0}",1,25,0,1790559403.0
7915,6,"{'mechanical': 4, 'ebike': 2}",2,6,1,1790559445.0
7916,10,"{'mechanical': 9, 'ebike': 1}",0,9,0,1790559456.0
7917,15,"{'mechanical': 14, 'ebike': 1}",2,22,0,1790559414.0
7918,7,"{'mechanical': 7, 'ebike': 0}",1,7,0,1790559451.0
7919,7,"{'mechanical': 3, 'ebike': 4}",0,12,0,1790559491.0
7920,5,"{'mechanical': 5, 'ebike': 0}",0,10,0,1790559499.0
7922,15,"{'mechanical': 0, 'ebike': 15}",0,7,1,1790559450.0
7923,10,"{'mechanical': 10, 'ebike': 0}",0,9,0,1790559431.0
7924,8,"{'mechanical': 7, 'ebike': 1}",2,2,0,1790559489.0
7925,9,"{'mechanical': 9, 'ebike': 0}",5,10,0,1790559427.0
7926,0,"{'mechanical': 0, 'ebike': 0}",2,22,0,1790559405.0
7927,10,"{'mechanical': 8, 'ebike': 2}",6,8,0,1790559494.0
7928,0,"{'mechanical': 0, 'ebike': 0}",2,77,0,1790559495.0
7929,8,"{'mechanical': 7, 'ebike': 1}",4,0,0,1790559413.0
7930,3,"{'mechanical': 2, 'ebike': 1}",0,12,0,1790559431.0
7931,1,"{'mechanical': 1, 'ebike': 0}",0,15,0,1790559444.0
7932,12,"{'mechanical': 12, 'ebike': 0}",0,0,0,1790559409.0
7933,6,"{'mechanical': 5, 'ebike': 1}",4,12,1,1790559430.0
7934,5,"{'mechanical': 2, 'ebike': 3}",2,3,0,1790559427.0
7935,0,"{'mechanical': 0, 'ebike': 0}",2,13,0,1790559400.0
7936,12,"{'mechanical': 12, 'ebike': 0}",0,3,0,1790559484.0
7937,8,"{'mechanical': 8, 'ebike': 0}",4,7,0,1790559428.0
7938,13,"{'mechanical': 13, 'ebike': 0}",2,0,0,1790559376.0
7939,13,"{'mechanical': 13, 'ebike': 0}",4,0,0,1790559442.0
7940,3,"{'mechanical': 2, 'ebike': 1}",4,25,0,1790559442.0
7941,12,"{'mechanical': 11, 'ebike': 1}",2,1,0,1790559498.0
7942,3,"{'mechanical': 3, 'ebike': 0}",1,11,0,1790559444.0
7943,6,"{'mechanical': 6, 'ebike': 0}",4,13,0,1790559384.0
7944,0,"{'mechanical': 0, 'ebike': 0}",1,22,0,1790559417.0
7945,27,"{'mechanical': 27, 'ebike': 0}",1,3,0,1790559390.0
7946,10,"{'mechanical': 9, 'ebike': 1}",2,3,0,1790559436.0
7947,1,"{'mechanical': 1, 'ebike': 0}",3,7,0,1790559478.0
7948,20,"{'mechanical': 20, 'ebike': 0}",1,2,0,1790559500.0
7949,10,"{'mechanical': 9, 'ebike': 1}",0,5,0,1790559422.0
7950,15,"{'mechanical': 15, 'ebike': 0}",1,7,0,1790559412.0
7951,12,"{'mechanical': 12, 'ebike': 0}",1,6,0,1790559460.0
7952,6,"{'mechanical': 6, 'ebike': 0}",2,11,0,1790559487.0
7953,10,"{'mechanical': 10, 'ebike': 0}",2,2,0,1790559500.0
7954,20,"{'mechanical': 20, 'ebike': 0}",3,0,0,1790559494.0
7955,6,"{'mechanical': 3, 'ebike': 3}",4,13,0,1790559500.0
7956,2,"{'mechanical': 2, 'ebike': 0}",0,9,0,1790559384.0
7957,2,"{'mechanical': 2, 'ebike': 0}",1,16,0,1790559485.0
7958,6,"{'mechanical': 5, 'ebike': 1}",2,11,0,1790559452.0
7959,2,"{'mechanical': 2, 'ebike': 0}",1,12,0,1790559478.0
7960,5,"{'mechanical': 3, 'ebike': 2}",0,14,0,1790559431.0
7961,4,"{'mechanical': 0, 'ebike': 4}",0,11,0,1790559494.0
7962,5,"{'mechanical': 5, 'ebike': 0}",0,10,0,1790559374.0
7963,2,"{'mechanical': 2, 'ebike': 0}",1,8,0,1790559396.0
7964,1,"{'mechanical': 1, 'ebike': 0}",1,13,0,1790559413.0
7965,0,"{'mechanical': 0, 'ebike': 0}",1,18,0,1790559467.0
7966,3,"{'mechanical': 2, 'ebike': 1}",4,8,0,1790559465.0
7967,1,"{'mechanical': 0, 'ebike': 1}",1,13,0,1790559476.0
7968,5,"{'mechanical': 5, 'ebike': 0}",0,14,0,1790559427.0
7969,3,"{'mechanical': 3, 'ebike': 0}",0,16,0,1790559483.0
7970,8,"{'mechanical': 7, 'ebike': 1}",0,11,0,1790559494.0
7971,7,"{'mechanical': 6, 'ebike': 1}",3,4,0,1790559443.0
7972,1,"{'mechanical': 1, 'ebike': 0}",0,10,0,1790559404.0
7973,3,"{'mechanical': 3, 'ebike': 0}",3,13,0,1790559434.0
7974,4,"{'mechanical': 3, 'ebike': 1}",0,15,0,1790559431.0
7976,7,"{'mechanical': 6, 'ebike': 1}",1,10,1,1790559450.0
7977,3,"{'mechanical': 3, 'ebike': 0}",3,9,0,1790559433.0
7978,10,"{'mechanical': 10, 'ebike': 0}",1,12,0,1790559427.0
7979,0,"{'mechanical': 0, 'ebike': 0}",3,16,0,1790559470.0
7981,3,"{'mechanical': 3, 'ebike': 0}",2,10,0,1790559491.0
7982,3,"{'mechanical': 3, 'ebike': 0}",0,16,0,1790559463.0
7983,1,"{'mechanical': 1, 'ebike': 0}",6,7,0,1790559498.0
7984,22,"{'mechanical': 22, 'ebike': 0}",1,0,0,1790559479.0
7985,5,"{'mechanical': 5, 'ebike': 0}",2,8,0,1790559459.0
7986,3,"{'mechanical': 3, 'ebike': 0}",2,14,0,1790559404.0
7987,3,"{'mechanical': 3, 'ebike': 0}",0,12,0,1790559430.0
7988,4,"{'mechanical': 3, 'ebike': 1}",1,14,0,1790559448.0
7989,2,"{'mechanical': 2, 'ebike': 0}",0,13,0,1790559487.0
7990,5,"{'mechanical': 5, 'ebike': 0}",1,5,0,1790559429.0
7991,0,"{'mechanical': 0, 'ebike': 0}",2,13,0,1790559478.0
7992,1,"{'mechanical': 1, 'ebike': 0}",0,10,0,1790559483.0
7993,7,"{'mechanical': 5, 'ebike': 2}",3,4,0,1790559450.0
7994,1,"{'mechanical': 1, 'ebike': 0}",0,10,0,1790559438.0
7995,0,"{'mechanical': 0, 'ebike': 0}",1,14,0,1790559486.0
7996,7,"{'mechanical': 2, 'ebike': 5}",1,15,0,1790559485.0
7997,17,"{'mechanical': 2, 'ebike': 15}",3,20,0,1790559400.0
7998,4,"{'mechanical': 1, 'ebike': 3}",1,14,0,1790559391.0
7999,1,"{'mechanical': 1, 'ebike': 0}",0,14,0,1790559419.0
8000,21,"{'mechanical': 2, 'ebike': 19}",4,6,0,1790559452.0
8001,6,"{'mechanical': 6, 'ebike': 0}",0,18,0,1790559457.0
8002,2,"{'mechanical': 2, 'ebike': 0}",0,13,0,1790559434.0
8003,6,"{'mechanical': 6, 'ebike': 0}",1,4,0,1790559460.0
8004,0,"{'mechanical': 0, 'ebike': 0}",1,10,0,1790559494.0
8005,2,"{'mechanical': 0, 'ebike': 2}",2,7,0,1790559400.0
8006,22,"{'mechanical': 22, 'ebike': 0}",0,1,0,1790559461.0
8007,4,"{'mechanical': 4, 'ebike': 0}",3,24,0,1790559436.0
8008,0,"{'mechanical': 0, 'ebike': 0}",0,16,0,1790559393.0
8009,9,"{'mechanical': 0, 'ebike': 9}",7,23,0,1790559440.0
8010,2,"{'mechanical': 2, 'ebike': 0}",2,15,0,1790559487.0
8011,2,"{'mechanical': 2, 'ebike': 0}",2,27,0,1790559401.0
8012,13,"{'mechanical': 13, 'ebike': 0}",3,4,0,1790559404.0
8013,5,"{'mechanical': 5, 'ebike': 0}",0,7,0,1790559451.0
8014,17,"{'mechanical': 17, 'ebike': 0}",3,3,0,1790559436.0
8015,1,"{'mechanical': 1, 'ebike': 0}",1,10,0,1790559416.0
8016,10,"{'mechanical': 10, 'ebike': 0}",3,10,0,1790559426.0
8017,2,"{'mechanical': 2, 'ebike': 0}",5,8,0,1790559395.0
8018,15,"{'mechanical': 15, 'ebike': 0}",0,1,0,1790559478.0
8020,1,"{'mechanical': 0, 'ebike': 1}",3,5,0,1790559449.0
8021,5,"{'mechanical': 5, 'ebike': 0}",0,14,0,1790559405.0
8022,3,"{'mechanical': 3, 'ebike': 0}",0,8,0,1790559414.0
8023,0,"{'mechanical': 0, 'ebike': 0}",2,9,0,1790559448.0
8025,10,"{'mechanical': 10, 'ebike': 0}",1,0,0,1790559406.0
8026,0,"{'mechanical': 0, 'ebike': 0}",2,21,0,1790559427.0
8027,9,"{'mechanical': 9, 'ebike': 0}",0,30,0,1790559458.0
8028,13,"{'mechanical': 13, 'ebike': 0}",0,14,0,1790559396.0
8029,25,"{'mechanical': 25, 'ebike': 0}",0,22,0,1790559449.0
8030,26,"{'mechanical': 26, 'ebike': 0}",0,9,0,1790559467.0
8031,5,"{'mechanical': 5, 'ebike': 0}",0,10,0,1790559440.0
8032,5,"{'mechanical': 5, 'ebike': 0}",0,10,0,1790559441.0
8033,2,"{'mechanical': 2, 'ebike': 0}",0,17,0,1790559458.0
8034,6,"{'mechanical': 5, 'ebike': 1}",0,9,0,1790559434.0
8035,3,"{'mechanical': 3, 'ebike': 0}",0,16,0,1790559407.0
8036,3,"{'mechanical': 3, 'ebike': 0}",0,15,0,1790559456.0
8037,7,"{'mechanical': 5, 'ebike': 2}",2,6,0,1790559500.0
8038,4,"{'mechanical': 4, 'ebike': 0}",2,5,0,1790559402.0
8039,3,"{'mechanical': 3, 'ebike': 0}",3,13,0,1790559399.0
8040,3,"{'mechanical': 3, 'ebike': 0}",3,17,0,1790559397.0
8041,2,"{'mechanical': 2, 'ebike': 0}",2,7,0,1790559376.0
8042,1,"{'mechanical': 1, 'ebike': 0}",1,17,0,1790559395.0
8043,1,"{'mechanical': 1, 'ebike': 0}",1,13,0,1790559383.0
8044,2,"{'mechanical': 2, 'ebike': 0}",0,9,0,1790559400.0
8045,2,"{'mechanical': 0, 'ebike': 2}",0,13,0,1790559430.0
8046,0,"{'mechanical': 0, 'ebike': 0}",0,11,0,1790559418.0
8047,1,"{'mechanical': 1, 'ebike': 0}",0,10,0,1790559452.0
8048,4,"{'mechanical': 4, 'ebike': 0}",0,11,0,1790559491.0
8049,1,"{'mechanical': 1, 'ebike': 0}",0,18,0,1790559456.0
8050,2,"{'mechanical': 1, 'ebike': 1}",1,20,0,1790559497.0
8051,3,"{'mechanical': 3, 'ebike': 0}",0,9,0,1790559432.0
8052,1,"{'mechanical': 1, 'ebike': 0}",2,7,0,1790559396.0
8053,2,"{'mechanical': 2, 'ebike': 0}",1,14,0,1790559485.0
8054,2,"{'mechanical': 2, 'ebike': 0}",2,15,0,1790559398.0
8055,7,"{'mechanical': 7, 'ebike': 0}",1,3,0,1790559410.0
8056,0,"{'mechanical': 0, 'ebike': 0}",0,19,0,1790559458.0
8057,3,"{'mechanical': 3, 'ebike': 0}",0,16,0,1790559458.0
8058,2,"{'mechanical': 2, 'ebike': 0}",1,16,0,1790559416.0
8059,3,"{'mechanical': 3, 'ebike': 0}",0,8,0,1790559472.0
8060,0,"{'mechanical': 0, 'ebike': 0}",0,15,0,1790559401.0
8061,0,"{'mechanical': 0, 'ebike': 0}",3,8,0,1790559380.0
8062,9,"{'mechanical': 9, 'ebike': 0}",0,2,0,1790559494.0
8063,2,"{'mechanical': 2, 'ebike': 0}",2,7,0,1790559383.0
8064,1,"{'mechanical': 1, 'ebike': 0}",2,8,0,1790559378.0
8065,1,"{'mechanical': 1, 'ebike': 0}",2,8,0,1790559462.0
8066,0,"{'mechanical': 0, 'ebike': 0}",0,15,0,1790559423.0
8070,21,"{'mechanical': 21, 'ebike': 0}",1,9,0,1790559455.0
8073,2,"{'mechanical': 2, 'ebike': 0}",0,12,0,1790559471.0
8074,4,"{'mechanical': 4, 'ebike': 0}",0,7,0,1790559490.0
8075,16,"{'mechanical': 16, 'ebike': 0}",2,1,0,1790559390.0
8076,2,"{'mechanical': 2, 'ebike': 0}",0,9,0,1790559379.0
8077,0,"{'mechanical': 0, 'ebike': 0}",1,10,0,1790559418.0
8078,1,"{'mechanical': 1, 'ebike': 0}",2,12,0,1790559467.0
8079,4,"{'mechanical': 4, 'ebike': 0}",2,4,1,1790559490.0
8080,1,"{'mechanical': 1, 'ebike': 0}",2,12,0,1790559426.0
8081,0,"{'mechanical': 0, 'ebike': 0}",1,10,0,1790559459.0
8082,6,"{'mechanical': 6, 'ebike': 0}",0,9,0,1790559391.0
8083,0,"{'mechanical': 0, 'ebike': 0}",0,11,0,1790559478.0
8084,10,"{'mechanical': 10, 'ebike': 0}",2,3,0,1790559410.0
8085,0,"{'mechanical': 0, 'ebike': 0}",1,10,0,1790559376.0
8086,0,"{'mechanical': 0, 'ebike': 0}",2,13,0,1790559401.0
8087,9,"{'mechanical': 9, 'ebike': 0}",2,8,0,1790559470.0
8088,1,"{'mechanical': 1, 'ebike': 0}",0,10,0,1790559468.0
8089,1,"{'mechanical': 1, 'ebike': 0}",0,14,0,1790559426.0
8090,13,"{'mechanical': 11, 'ebike': 2}",0,2,0,1790559390.0
8091,7,"{'mechanical': 6, 'ebike': 1}",0,4,0,1790559390.0
8092,2,"{'mechanical': 2, 'ebike': 0}",0,12,1,1790559472.0
8093,5,"{'mechanical': 5, 'ebike': 0}",0,10,0,1790559498.0
8094,3,"{'mechanical': 2, 'ebike': 1}",0,16,0,1790559428.0
8095,3,"{'mechanical': 3, 'ebike': 0}",0,8,0,1790559440.0
8096,6,"{'mechanical': 5, 'ebike': 1}",1,13,0,1790559406.0
8099,4,"{'mechanical': 4, 'ebike': 0}",1,6,0,1790559376.0
8101,1,"{'mechanical': 1, 'ebike': 0}",1,13,0,1790559426.0
8102,4,"{'mechanical': 4, 'ebike': 0}",0,11,0,1790559394.0
8104,6,"{'mechanical': 6, 'ebike': 0}",1,8,0,1790559451.0
8105,0,"{'mechanical': 0, 'ebike': 0}",4,11,0,1790559420.0
8106,0,"{'mechanical': 0, 'ebike': 0}",0,11,0,1790559439.0
8107,3,"{'mechanical': 2, 'ebike': 1}",0,12,0,1790559415.0
8108,5,"{'mechanical': 5, 'ebike': 0}",0,10,0,1790559403.0
8109,0,"{'mechanical': 0, 'ebike': 0}",0,11,0,1790559500.0
8110,0,"{'mechanical': 0, 'ebike': 0}",6,9,0,1790559394.0
8111,0,"{'mechanical': 0, 'ebike': 0}",0,11,0,1790559397.0
8112,1,"{'mechanical': 1, 'ebike': 0}",1,9,0,1790559439.0
8113,17,"{'mechanical': 17, 'ebike': 0}",1,5,0,1790559399.0
8114,3,"{'mechanical': 2, 'ebike': 1}",4,4,0,1790559385.0
8115,6,"{'mechanical': 6, 'ebike': 0}",0,5,0,1790559467.0
8117,3,"{'mechanical': 2, 'ebike': 1}",2,10,0,1790559480.0
8119,3,"{'mechanical': 3, 'ebike': 0}",0,8,0,1790559473.0
8120,4,"{'mechanical': 4, 'ebike': 0}",0,7,0,1790559378.0
8122,5,"{'mechanical': 5, 'ebike': 0}",0,9,1,1790559500.0
8123,4,"{'mechanical': 4, 'ebike': 0}",0,7,0,1790559434.0
8125,4,"{'mechanical': 4, 'ebike': 0}",1,10,0,1790559484.0
8128,6,"{'mechanical': 6, 'ebike': 0}",1,4,0,1790559421.0
8129,0,"{'mechanical': 0, 'ebike': 0}",0,11,0,1790559401.0
8130,0,"{'mechanical': 0, 'ebike': 0}",0,11,0,1790559414.0
8131,2,"{'mechanical': 2, 'ebike': 0}",0,9,0,1790559456.0
8133,2,"{'mechanical': 2, 'ebike': 0}",0,13,0,1790559428.0
8134,1,"{'mechanical': 1, 'ebike': 0}",0,10,0,1790559428.0
8137,12,"{'mechanical': 12, 'ebike': 0}",3,15,0,1790559398.0
8138,3,"{'mechanical': 1, 'ebike': 2}",0,20,0,1790559439.0
8139,0,"{'mechanical': 0, 'ebike': 0}",0,11,0,1790559497.0
8141,1,"{'mechanical': 1, 'ebike': 0}",0,10,0,1790559446.0
8142,4,"{'mechanical': 4, 'ebike': 0}",0,7,0,1790559398.0
8144,1,"{'mechanical': 0, 'ebike': 1}",0,10,0,1790559462.0
8149,1,"{'mechanical': 1, 'ebike': 0}",0,10,0,1790559466.0
8150,0,"{'mechanical': 0, 'ebike': 0}",2,9,0,1790559465.0
8151,0,"{'mechanical': 0, 'ebike': 0}",0,11,0,1790559472.0
8152,1,"{'mechanical': 1, 'ebike': 0}",4,11,0,1790559416.0
8153,1,"{'mechanical': 1, 'ebike': 0}",1,17,0,1790559390.0
8154,2,"{'mechanical': 2, 'ebike': 0}",0,9,0,1790559416.0
8155,0,"{'mechanical': 0, 'ebike': 0}",1,14,0,1790559477.0
8156,0,"{'mechanical': 0, 'ebike': 0}",2,9,0,1790559468.0
8157,0,"{'mechanical': 0, 'ebike': 0}",0,15,0,1790559467.0
8158,1,"{'mechanical': 1, 'ebike': 0}",1,9,0,1790559480.0
8159,4,"{'mechanical': 4, 'ebike': 0}",1,9,1,1790559460.0
8160,2,"{'mechanical': 2, 'ebike': 0}",0,13,0,1790559420.0
8161,4,"{'mechanical': 4, 'ebike': 0}",2,9,0,1790559478.0
8162,8,"{'mechanical': 8, 'ebike': 0}",2,17,0,1790559410.0
8163,6,"{'mechanical': 5, 'ebike': 1}",1,16,0,1790559396.0
8164,3,"{'mechanical': 3, 'ebike': 0}",0,16,0,1790559384.0
8165,0,"{'mechanical': 0, 'ebike': 0}",2,9,0,1790559426.0
8166,1,"{'mechanical': 1, 'ebike': 0}",1,9,0,1790559489.0
8167,2,"{'mechanical': 1, 'ebike': 1}",1,12,0,1790559456.0
8168,10,"{'mechanical': 9, 'ebike': 1}",1,0,0,1790559476.0
8169,4,"{'mechanical': 4, 'ebike': 0}",0,11,0,1790559449.0
8170,8,"{'mechanical': 8, 'ebike': 0}",1,6,0,1790559425.0
8171,23,"{'mechanical': 23, 'ebike': 0}",0,0,0,1790559485.0
8172,2,"{'mechanical': 2, 'ebike': 0}",0,20,1,1790559458.0
8173,1,"{'mechanical': 0, 'ebike': 1}",1,9,0,1790559437.0
8174,17,"{'mechanical': 17, 'ebike': 0}",2,0,0,1790559394.0
8175,15,"{'mechanical': 15, 'ebike': 0}",3,5,0,1790559462.0
8176,20,"{'mechanical': 0, 'ebike': 20}",0,19,0,1790559387.0
8177,1,"{'mechanical': 0, 'ebike': 1}",0,10,0,1790559456.0
8178,4,"{'mechanical': 4, 'ebike': 0}",2,17,0,1790559432.0
8179,3,"{'mechanical': 1, 'ebike': 2}",0,8,0,1790559489.0
8180,11,"{'mechanical': 11, 'ebike': 0}",1,3,0,1790559379.0
8181,1,"{'mechanical': 0, 'ebike': 1}",2,28,0,1790559480.0
8182,15,"{'mechanical': 15, 'ebike': 0}",2,5,1,1790559477.0
8183,1,"{'mechanical': 0, 'ebike': 1}",1,21,0,1790559405.0
8184,2,"{'mechanical': 2, 'ebike': 0}",2,11,0,1790559488.0
8185,2,"{'mechanical': 1, 'ebike': 1}",0,9,0,1790559432.0
8186,1,"{'mechanical': 1, 'ebike': 0}",0,14,0,1790559412.0
8187,10,"{'mechanical': 0, 'ebike': 10}",2,3,0,1790559414.0
8188,5,"{'mechanical': 4, 'ebike': 1}",7,11,0,1790559498.0
8189,0,"{'mechanical': 0, 'ebike': 0}",2,13,0,1790559466.0
8190,10,"{'mechanical': 9, 'ebike': 1}",3,14,0,1790559476.0
8191,8,"{'mechanical': 8, 'ebike': 0}",2,13,0,1790559496.0
8193,12,"{'mechanical': 2, 'ebike': 10}",5,10,0,1790559435.0
8194,2,"{'mechanical': 0, 'ebike': 2}",5,16,0,1790559405.0
8196,4,"{'mechanical': 3, 'ebike': 1}",0,15,0,1790559389.0
8197,9,"{'mechanical': 9, 'ebike': 0}",13,8,1,1790559459.0
8198,30,"{'mechanical': 0, 'ebike': 30}",1,8,0,1790559459.0
8199,3,"{'mechanical': 2, 'ebike': 1}",2,18,0,1790559490.0
8200,18,"{'mechanical': 18, 'ebike': 0}",1,4,0,1790559397.0
8201,1,"{'mechanical': 1, 'ebike': 0}",2,8,0,1790559383.0
8202,18,"{'mechanical': 3, 'ebike': 15}",0,1,0,1790559458.0
8203,1,"{'mechanical': 1, 'ebike': 0}",0,10,0,1790559421.0
8204,0,"{'mechanical': 0, 'ebike': 0}",0,11,0,1790559448.0
8205,0,"{'mechanical': 0, 'ebike': 0}",1,14,0,1790559393.0
8206,0,"{'mechanical': 0, 'ebike': 0}",1,16,0,1790559415.0
8207,0,"{'mechanical': 0, 'ebike': 0}",0,8,0,1790559439.0
8208,5,"{'mechanical': 2, 'ebike': 3}",0,6,0,1790559375.0
8209,0,"{'mechanical': 0, 'ebike': 0}",2,12,0,1790559458.0
8210,4,"{'mechanical': 4, 'ebike': 0}",2,5,0,1790559394.0
8211,0,"{'mechanical': 0, 'ebike': 0}",2,9,0,1790559412.0
8212,2,"{'mechanical': 1, 'ebike': 1}",2,21,0,1790559455.0
8213,7,"{'mechanical': 7, 'ebike': 0}",2,8,0,1790559487.0
8214,6,"{'mechanical': 6, 'ebike': 0}",2,3,0,1790559493.0
8215,2,"{'mechanical': 2, 'ebike': 0}",4,11,0,1790559490.0
8216,3,"{'mechanical': 1, 'ebike': 2}",0,11,0,1790559393.0
8217,4,"{'mechanical': 1, 'ebike': 3}",2,8,0,1790559433.0
8218,2,"{'mechanical': 2, 'ebike': 0}",2,7,0,1790559498.0
8219,1,"{'mechanical': 1, 'ebike': 0}",0,18,0,1790559468.0
8220,3,"{'mechanical': 3, 'ebike': 0}",0,8,0,1790559417.0
8221,0,"{'mechanical': 0, 'ebike': 0}",0,11,0,1790559442.0
8224,17,"{'mechanical': 15, 'ebike': 2}",2,0,0,1790559483.0
8225,3,"{'mechanical': 3, 'ebike': 0}",0,8,0,1790559412.0
8226,5,"{'mechanical': 5, 'ebike': 0}",0,10,0,1790559481.0
8227,5,"{'mechanical': 4, 'ebike': 1}",0,6,0,1790559425.0
8228,28,"{'mechanical': 28, 'ebike': 0}",0,11,0,1790559394.0
8229,11,"{'mechanical': 11, 'ebike': 0}",0,24,0,1790559457.0
8230,29,"{'mechanical': 29, 'ebike': 0}",2,8,0,1790559434.0
8231,15,"{'mechanical': 14, 'ebike': 1}",2,2,0,1790559408.0
8232,12,"{'mechanical': 12, 'ebike': 0}",4,6,1,1790559455.0
8234,2,"{'mechanical': 2, 'ebike': 0}",1,16,0,1790559436.0
8235,7,"{'mechanical': 3, 'ebike': 4}",3,5,0,1790559484.0
8236,14,"{'mechanical': 14, 'ebike': 0}",0,1,0,1790559493.0
8237,11,"{'mechanical': 10, 'ebike': 1}",0,11,0,1790559445.0
8238,6,"{'mechanical': 2, 'ebike': 4}",0,9,0,1790559392.0
8239,0,"{'mechanical': 0, 'ebike': 0}",1,10,0,1790559430.0
8240,1,"{'mechanical': 0, 'ebike': 1}",1,13,0,1790559463.0
8241,1,"{'mechanical': 1, 'ebike': 0}",0,14,0,1790559472.0
8242,1,"{'mechanical': 1, 'ebike': 0}",0,18,0,1790559485.0
8243,0,"{'mechanical': 0, 'ebike': 0}",0,16,0,1790559440.0
8245,4,"{'mechanical': 2, 'ebike': 2}",5,9,1,1790559410.0
8246,1,"{'mechanical': 0, 'ebike': 1}",3,7,0,1790559408.0
8247,0,"{'mechanical': 0, 'ebike': 0}",1,14,0,1790559492.0
8248,2,"{'mechanical': 0, 'ebike': 2}",0,9,0,1790559407.0
8249,1,"{'mechanical': 1, 'ebike': 0}",1,13,0,1790559423.0
8250,0,"{'mechanical': 0, 'ebike': 0}",0,11,0,1790559442.0
8251,4,"{'mechanical': 4, 'ebike': 0}",1,12,0,1790559463.0
8252,0,"{'mechanical': 0, 'ebike': 0}",0,15,0,1790559425.0
8253,0,"{'mechanical': 0, 'ebike': 0}",1,18,0,1790559394.0
8254,0,"{'mechanical': 0, 'ebike': 0}",3,11,0,1790559490.0
8255,0,"{'mechanical': 0, 'ebike': 0}",4,11,0,1790559474.0
8256,0,"{'mechanical': 0, 'ebike': 0}",0,15,0,1790559404.0
8257,1,"{'mechanical': 0, 'ebike': 1}",0,16,0,1790559408.0
8258,2,"{'mechanical': 0, 'ebike': 2}",0,9,0,1790559475.0
8259,0,"{'mechanical': 0, 'ebike': 0}",0,7,0,1790559441.0
8260,26,"{'mechanical': 26, 'ebike': 0}",7,2,0,1790559422.0
8261,5,"{'mechanical': 4, 'ebike': 1}",1,9,0,1790559464.0
8262,38,"{'mechanical': 38, 'ebike': 0}",1,0,0,1790559467.0
8263,0,"{'mechanical': 0, 'ebike': 0}",0,23,0,1790559399.0
8264,6,"{'mechanical': 6, 'ebike': 0}",4,17,0,1790559406.0
8265,1,"{'mechanical': 1, 'ebike': 0}",1,17,0,1790559496.0
8266,3,"{'mechanical': 3, 'ebike': 0}",0,24,0,1790559490.0
8267,21,"{'mechanical': 21, 'ebike': 0}",1,1,0,1790559441.0
8268,3,"{'mechanical': 3, 'ebike': 0}",1,19,0,1790559435.0
8269,3,"{'mechanical': 1, 'ebike': 2}",1,7,0,1790559460.0
8271,14,"{'mechanical': 11, 'ebike': 3}",0,5,0,1790559431.0
7000,24,"{'mechanical': 23, 'ebike': 1}",2,21,0,1790580875.0
7001,11,"{'mechanical': 11, 'ebike': 0}",8,4,0,1790580901.0
7002,0,"{'mechanical': 0, 'ebike': 0}",2,17,0,1790580915.0
7003,0,"{'mechanical': 0, 'ebike': 0}",3,12,0,1790580883.0
7004,0,"{'mechanical': 0, 'ebike': 0}",4,31,0,1790580965.0
7005,4,"{'mechanical': 4, 'ebike': 0}",0,19,0,1790580950.0
7006,3,"{'mechanical': 3, 'ebike': 0}",0,28,0,1790580951.0
7007,0,"{'mechanical': 0, 'ebike': 0}",2,17,0,1790580942.0
7008,0,"{'mechanical': 0, 'ebike': 0}",3,16,0,1790580840.0
7010,17,"{'mechanical': 17, 'ebike': 0}",0,2,0,1790580964.0
7013,17,"{'mechanical': 17, 'ebike': 0}",0,2,0,1790580841.0
7014,9,"{'mechanical': 8, 'ebike': 1}",2,6,0,1790580922.0
7015,15,"{'mechanical': 15, 'ebike': 0}",1,23,0,1790580922.0
7016,5,"{'mechanical': 5, 'ebike': 0}",0,30,0,1790580916.0
7017,9,"{'mechanical': 9, 'ebike': 0}",0,2,0,1790580845.0
7018,21,"{'mechanical': 21, 'ebike': 0}",0,28,0,1790580856.0
7019,26,"{'mechanical': 26, 'ebike': 0}",0,29,0,1790580877.0
7020,25,"{'mechanical': 25, 'ebike': 0}",0,8,0,1790580881.0
7021,29,"{'mechanical': 28, 'ebike': 1}",1,33,0,1790580869.0
7023,4,"{'mechanical': 3, 'ebike': 1}",0,7,0,1790580912.0
7024,7,"{'mechanical': 7, 'ebike': 0}",2,29,0,1790580843.0
7025,25,"{'mechanical': 22, 'ebike': 3}",2,0,0,1790580854.0
7026,1,"{'mechanical': 1, 'ebike': 0}",3,11,0,1790580864.0
7027,19,"{'mechanical': 19, 'ebike': 0}",1,10,1,1790580850.0
7028,21,"{'mechanical': 20, 'ebike': 1}",0,10,0,1790580951.0
7029,0,"{'mechanical': 0, 'ebike': 0}",0,15,0,1790580889.0
7030,13,"{'mechanical': 12, 'ebike': 1}",2,20,0,1790580934.0
7031,10,"{'mechanical': 4, 'ebike': 6}",2,27,0,1790580865.0
7032,4,"{'mechanical': 4, 'ebike': 0}",4,7,0,1790580923.0
7033,2,"{'mechanical': 2, 'ebike': 0}",0,41,0,1790580894.0
7034,2,"{'mechanical': 1, 'ebike': 1}",2,10,0,1790580875.0
7035,34,"{'mechanical': 34, 'ebike': 0}",1,8,0,1790580865.0
7036,18,"{'mechanical': 18, 'ebike': 0}",1,0,0,1790580894.0
7037,3,"{'mechanical': 1, 'ebike': 2}",2,36,0,1790580881.0
7038,14,"{'mechanical': 14, 'ebike': 0}",2,15,0,1790580869.0
7039,3,"{'mechanical': 3, 'ebike': 0}",0,16,0,1790580859.0
7040,0,"{'mechanical': 0, 'ebike': 0}",4,15,0,1790580930.0
7041,8,"{'mechanical': 8, 'ebike': 0}",0,13,2,1790580965.0
7042,10,"{'mechanical': 7, 'ebike': 3}",0,21,0,1790580866.0
7043,9,"{'mechanical': 9, 'ebike': 0}",0,10,0,1790580884.0
7044,3,"{'mechanical': 3, 'ebike': 0}",2,30,0,1790580932.0
7045,10,"{'mechanical': 9, 'ebike': 1}",1,26,0,1790580909.0
7046,27,"{'mechanical': 27, 'ebike': 0}",3,12,0,1790580882.0
7048,22,"{'mechanical': 22, 'ebike': 0}",1,24,0,1790580876.0
7049,8,"{'mechanical': 8, 'ebike': 0}",2,5,0,1790580867.0
7050,14,"{'mechanical': 3, 'ebike': 11}",2,0,0,1790580891.0
7052,15,"{'mechanical': 15, 'ebike': 0}",0,40,0,1790580953.0
7053,24,"{'mechanical': 24, 'ebike': 0}",0,3,0,1790580891.0
7054,10,"{'mechanical': 10, 'ebike': 0}",1,0,0,1790580902.0
7055,12,"{'mechanical': 10, 'ebike': 2}",0,3,0,1790580913.0
7057,16,"{'mechanical': 16, 'ebike': 0}",0,10,1,1790580871.0
7058,0,"{'mechanical': 0, 'ebike': 0}",1,38,0,1790580908.0
7059,13,"{'mechanical': 13, 'ebike': 0}",0,2,0,1790580929.0
7061,3,"{'mechanical': 1, 'ebike': 2}",2,10,0,1790580949.0
7063,0,"{'mechanical': 0, 'ebike': 0}",4,19,0,1790580959.0
7064,19,"{'mechanical': 18, 'ebike': 1}",0,0,0,1790580847.0
7065,10,"{'mechanical': 10, 'ebike': 0}",0,5,0,1790580910.0
7066,0,"{'mechanical': 0, 'ebike': 0}",0,15,0,1790580918.0
7067,18,"{'mechanical': 18, 'ebike': 0}",2,6,1,1790580954.0
7069,1,"{'mechanical': 1, 'ebike': 0}",2,8,0,1790580939.0
7070,8,"{'mechanical': 8, 'ebike': 0}",0,3,0,1790580944.0
7071,2,"{'mechanical': 2, 'ebike': 0}",1,20,0,1790580894.0
7073,20,"{'mechanical': 18, 'ebike': 2}",1,2,0,1790580849.0
7074,45,"{'mechanical': 45, 'ebike': 0}",2,8,0,1790580866.0
7075,16,"{'mechanical': 16, 'ebike': 0}",4,7,0,1790580903.0
7076,27,"{'mechanical': 27, 'ebike': 0}",0,30,0,1790580845.0
7077,1,"{'mechanical': 1, 'ebike': 0}",1,17,0,1790580919.0
7078,3,"{'mechanical': 3, 'ebike': 0}",2,10,0,1790580962.0
7079,0,"{'mechanical': 0, 'ebike': 0}",3,16,0,1790580869.0
7084,3,"{'mechanical': 3, 'ebike': 0}",3,5,0,1790580871.0
7085,4,"{'mechanical': 3, 'ebike': 1}",1,10,0,1790580872.0
7086,1,"{'mechanical': 1, 'ebike': 0}",1,21,0,1790580923.0
7087,0,"{'mechanical': 0, 'ebike': 0}",0,11,0,1790580930.0
7088,0,"{'mechanical': 0, 'ebike': 0}",0,15,0,1790580876.0
7089,18,"{'mechanical': 17, 'ebike': 1}",3,6,0,1790580916.0
7090,0,"{'mechanical': 0, 'ebike': 0}",0,19,0,1790580907.0
7091,2,"{'mechanical': 2, 'ebike': 0}",1,12,0,1790580962.0
7093,12,"{'mechanical': 12, 'ebike': 0}",0,13,0,1790580854.0
7094,23,"{'mechanical': 0, 'ebike': 23}",1,1,0,1790580901.0
7095,2,"{'mechanical': 1, 'ebike': 1}",0,13,0,1790580843.0
7096,1,"{'mechanical': 1, 'ebike': 0}",1,17,0,1790580853.0
7097,3,"{'mechanical': 3, 'ebike': 0}",0,27,1,1790580874.0
7098,3,"{'mechanical': 3, 'ebike': 0}",0,12,0,1790580913.0
7099,37,"{'mechanical': 37, 'ebike': 0}",1,1,0,1790580910.0
7100,20,"{'mechanical': 16, 'ebike': 4}",0,7,0,1790580950.0
7101,27,"{'mechanical': 27, 'ebike': 0}",0,0,0,1790580950.0
7102,24,"{'mechanical': 24, 'ebike': 0}",1,6,0,1790580840.0
7103,32,"{'mechanical': 30, 'ebike': 2}",0,0,0,1790580930.0
7104,14,"{'mechanical': 13, 'ebike': 1}",0,0,1,1790580888.0
7105,4,"{'mechanical': 4, 'ebike': 0}",3,7,1,1790580885.0
7106,38,"{'mechanical': 38, 'ebike': 0}",1,0,0,1790580868.0
7107,13,"{'mechanical': 13, 'ebike': 0}",2,0,0,1790580941.0
7109,6,"{'mechanical': 4, 'ebike': 2}",1,25,0,1790580935.0
7110,14,"{'mechanical': 10, 'ebike': 4}",1,0,0,1790580907.0
7111,10,"{'mechanical': 8, 'ebike': 2}",1,0,0,1790580904.0
7112,15,"{'mechanical': 15, 'ebike': 0}",0,4,0,1790580897.0
7113,0,"{'mechanical': 0, 'ebike': 0}",1,14,0,1790580949.0
7114,1,"{'mechanical': 1, 'ebike': 0}",0,26,0,1790580947.0
7115,3,"{'mechanical': 3, 'ebike': 0}",0,28,0,1790580849.0
7116,10,"{'mechanical': 5, 'ebike': 5}",1,8,0,1790580950.0
7117,1,"{'mechanical': 0, 'ebike': 1}",1,17,0,1790580891.0
7118,12,"{'mechanical': 12, 'ebike': 0}",0,7,0,1790580876.0
7119,1,"{'mechanical': 1, 'ebike': 0}",1,13,0,1790580867.0
7120,5,"{'mechanical': 1, 'ebike': 4}",1,5,0,1790580925.0
7121,24,"{'mechanical': 24, 'ebike': 0}",0,3,0,1790580896.0
7122,11,"{'mechanical': 10, 'ebike': 1}",0,4,0,1790580945.0
7123,14,"{'mechanical': 14, 'ebike': 0}",1,0,0,1790580924.0
7124,11,"{'mechanical': 9, 'ebike': 2}",0,8,0,1790580857.0
7126,0,"{'mechanical': 0, 'ebike': 0}",4,13,0,1790580934.0
7127,0,"{'mechanical': 0, 'ebike': 0}",3,12,0,1790580843.0
7128,0,"{'mechanical': 0, 'ebike': 0}",2,21,0,1790580871.0
7129,0,"{'mechanical': 0, 'ebike': 0}",1,10,0,1790580891.0
7130,4,"{'mechanical': 1, 'ebike': 3}",1,10,0,1790580874.0
7131,0,"{'mechanical': 0, 'ebike': 0}",1,14,0,1790580865.0
7132,3,"{'mechanical': 0, 'ebike': 3}",1,5,0,1790580965.0
7133,2,"{'mechanical': 1, 'ebike': 1}",1,8,0,1790580952.0
7135,9,"{'mechanical': 9, 'ebike': 0}",1,25,0,1790580956.0
7137,1,"{'mechanical': 1, 'ebike': 0}",3,11,0,1790580884.0
7138,6,"{'mechanical': 3, 'ebike': 3}",1,20,0,1790580936.0
7139,2,"{'mechanical': 2, 'ebike': 0}",0,13,0,1790580876.0
7140,1,"{'mechanical': 1, 'ebike': 0}",0,13,1,1790580941.0
7142,0,"{'mechanical': 0, 'ebike': 0}",0,15,0,1790580957.0
7143,7,"{'mechanical': 4, 'ebike': 3}",0,8,0,1790580878.0
7144,5,"{'mechanical': 5, 'ebike': 0}",3,6,1,1790580937.0
7146,2,"{'mechanical': 1, 'ebike': 1}",1,16,0,1790580943.0
7147,13,"{'mechanical': 13, 'ebike': 0}",0,2,0,1790580887.0
7148,18,"{'mechanical': 15, 'ebike': 3}",2,2,0,1790580857.0
7149,3,"{'mechanical': 2, 'ebike': 1}",1,7,0,1790580906.0
7150,8,"{'mechanical': 5, 'ebike': 3}",0,10,1,1790580916.0
7151,6,"{'mechanical': 5, 'ebike': 1}",1,12,0,1790580904.0
7152,3,"{'mechanical': 3, 'ebike': 0}",3,5,0,1790580961.0
7153,6,"{'mechanical': 6, 'ebike': 0}",4,9,0,1790580910.0
7154,6,"{'mechanical': 5, 'ebike': 1}",2,14,0,1790580938.0
7155,2,"{'mechanical': 0, 'ebike': 2}",2,14,1,1790580867.0
7156,5,"{'mechanical': 4, 'ebike': 1}",1,8,1,1790580900.0
7157,15,"{'mechanical': 8, 'ebike': 7}",0,8,0,1790580905.0
7158,4,"{'mechanical': 4, 'ebike': 0}",3,8,0,1790580889.0
7160,13,"{'mechanical': 12, 'ebike': 1}",1,5,0,1790580865.0
7161,1,"{'mechanical': 1, 'ebike': 0}",3,19,0,1790580845.0
7162,6,"{'mechanical': 5, 'ebike': 1}",1,14,2,1790580841.0
7164,0,"{'mechanical': 0, 'ebike': 0}",0,23,0,1790580945.0
7168,17,"{'mechanical': 17, 'ebike': 0}",0,30,0,1790580954.0
7169,0,"{'mechanical': 0, 'ebike': 0}",0,11,0,1790580906.0
7170,1,"{'mechanical': 0, 'ebike': 1}",1,9,3,1790580842.0
7172,13,"{'mechanical': 13, 'ebike': 0}",0,6,0,1790580880.0
7173,5,"{'mechanical': 3, 'ebike': 2}",0,14,0,1790580952.0
7174,2,"{'mechanical': 1, 'ebike': 1}",1,12,0,1790580872.0
7175,24,"{'mechanical': 24, 'ebike': 0}",0,3,0,1790580966.0
7176,14,"{'mechanical': 14, 'ebike': 0}",0,5,0,1790580874.0
7178,1,"{'mechanical': 1, 'ebike': 0}",2,12,0,1790580840.0
7180,0,"{'mechanical': 0, 'ebike': 0}",2,21,0,1790580857.0
7181,4,"{'mechanical': 3, 'ebike': 1}",1,10,0,1790580919.0
7182,0,"{'mechanical': 0, 'ebike': 0}",1,18,0,1790580940.0
7183,0,"{'mechanical': 0, 'ebike': 0}",1,14,0,1790580919.0
7184,0,"{'mechanical': 0, 'ebike': 0}",3,8,0,1790580889.0
7188,0,"{'mechanical': 0, 'ebike': 0}",0,34,1,1790580839.0
7189,0,"{'mechanical': 0, 'ebike': 0}",3,11,1,1790580938.0
7190,0,"{'mechanical': 0, 'ebike': 0}",1,14,0,1790580938.0
7191,5,"{'mechanical': 2, 'ebike': 3}",2,4,0,1790580943.0
7192,5,"{'mechanical': 5, 'ebike': 0}",1,9,0,1790580862.0
7193,13,"{'mechanical': 9, 'ebike': 4}",0,2,0,1790580943.0
7195,3,"{'mechanical': 2, 'ebike': 1}",3,5,0,1790580952.0
7196,4,"{'mechanical': 3, 'ebike': 1}",1,6,0,1790580912.0
7198,16,"{'mechanical': 16, 'ebike': 0}",0,3,0,1790580933.0
7199,1,"{'mechanical': 0, 'ebike': 1}",0,17,1,1790580879.0
7202,6,"{'mechanical': 6, 'ebike': 0}",1,20,0,1790580861.0
7203,26,"{'mechanical': 26, 'ebike': 0}",0,9,0,1790580938.0
7204,4,"{'mechanical': 3, 'ebike': 1}",0,15,0,1790580847.0
7205,1,"{'mechanical': 1, 'ebike': 0}",1,13,0,1790580942.0
7206,9,"{'mechanical': 9, 'ebike': 0}",2,2,0,1790580857.0
7207,23,"{'mechanical': 23, 'ebike': 0}",1,23,0,1790580899.0
7208,1,"{'mechanical': 1, 'ebike': 0}",0,14,0,1790580957.0
7209,11,"{'mechanical': 11, 'ebike': 0}",1,7,0,1790580890.0
7210,7,"{'mechanical': 6, 'ebike': 1}",0,8,0,1790580952.0
7211,20,"{'mechanical': 20, 'ebike': 0}",1,2,0,1790580843.0
7216,16,"{'mechanical': 15, 'ebike': 1}",3,4,0,1790580878.0
7217,6,"{'mechanical': 6, 'ebike': 0}",3,6,0,1790580931.0
7220,17,"{'mechanical': 16, 'ebike': 1}",1,1,0,1790580891.0
7221,0,"{'mechanical': 0, 'ebike': 0}",0,11,0,1790580903.0
7222,21,"{'mechanical': 21, 'ebike': 0}",1,5,0,1790580920.0
7223,6,"{'mechanical': 6, 'ebike': 0}",2,4,0,1790580842.0
7224,0,"{'mechanical': 0, 'ebike': 0}",2,21,0,1790580913.0
7225,18,"{'mechanical': 18, 'ebike': 0}",0,0,0,1790580943.0
7226,4,"{'mechanical': 4, 'ebike': 0}",1,14,0,1790580935.0
7227,7,"{'mechanical': 7, 'ebike': 0}",3,21,0,1790580915.0
7228,17,"{'mechanical': 17, 'ebike': 0}",1,1,0,1790580841.0
7229,0,"{'mechanical': 0, 'ebike': 0}",4,7,0,1790580955.0
7230,18,"{'mechanical': 18, 'ebike': 0}",1,0,0,1790580857.0
7231,6,"{'mechanical': 6, 'ebike': 0}",1,11,0,1790580948.0
7232,12,"{'mechanical': 10, 'ebike': 2}",1,3,0,1790580930.0
7233,16,"{'mechanical': 15, 'ebike': 1}",0,0,0,1790580886.0
7234,3,"{'mechanical': 2, 'ebike': 1}",1,15,0,1790580912.0
7235,0,"{'mechanical': 0, 'ebike': 0}",0,15,1,1790580846.0
7236,9,"{'mechanical': 8, 'ebike': 1}",0,15,0,1790580917.0
7237,6,"{'mechanical': 5, 'ebike': 1}",0,9,0,1790580891.0
7238,6,"{'mechanical': 5, 'ebike': 1}",1,9,0,1790580933.0
7239,2,"{'mechanical': 0, 'ebike': 2}",1,39,0,1790580878.0
7240,0,"{'mechanical': 0, 'ebike': 0}",1,32,1,1790580879.0
7241,4,"{'mechanical': 2, 'ebike': 2}",2,5,0,1790580870.0
7242,0,"{'mechanical': 0, 'ebike': 0}",3,32,0,1790580893.0
7243,1,"{'mechanical': 1, 'ebike': 0}",6,7,0,1790580872.0
7244,7,"{'mechanical': 7, 'ebike': 0}",3,6,0,1790580848.0
7246,3,"{'mechanical': 3, 'ebike': 0}",2,14,0,1790580937.0
7247,2,"{'mechanical': 2, 'ebike': 0}",1,9,0,1790580880.0
7248,9,"{'mechanical': 9, 'ebike': 0}",0,10,1,1790580890.0
7249,17,"{'mechanical': 5, 'ebike': 12}",24,10,0,1790580889.0
7250,0,"{'mechanical': 0, 'ebike': 0}",2,14,0,1790580841.0
7252,4,"{'mechanical': 2, 'ebike': 2}",2,12,0,1790580920.0
7253,10,"{'mechanical': 10, 'ebike': 0}",0,2,0,1790580923.0
7256,8,"{'mechanical': 8, 'ebike': 0}",2,2,0,1790580943.0
7257,5,"{'mechanical': 5, 'ebike': 0}",2,12,0,1790580872.0
7258,13,"{'mechanical': 12, 'ebike': 1}",0,1,1,1790580963.0
7259,18,"{'mechanical': 18, 'ebike': 0}",1,0,0,1790580906.0
7260,11,"{'mechanical': 11, 'ebike': 0}",1,3,0,1790580890.0
7261,24,"{'mechanical': 23, 'ebike': 1}",1,1,0,1790580906.0
7262,2,"{'mechanical': 1, 'ebike': 1}",3,11,0,1790580936.0
7264,12,"{'mechanical': 9, 'ebike': 3}",0,8,0,1790580959.0
7265,3,"{'mechanical': 3, 'ebike': 0}",0,8,1,1790580903.0
7266,2,"{'mechanical': 2, 'ebike': 0}",0,10,0,1790580922.0
7267,10,"{'mechanical': 10, 'ebike': 0}",1,4,0,1790580889.0
7268,0,"{'mechanical': 0, 'ebike': 0}",1,15,0,1790580962.0
7269,2,"{'mechanical': 1, 'ebike': 1}",0,18,0,1790580926.0
7270,9,"{'mechanical': 7, 'ebike': 2}",1,10,0,1790580953.0
7271,6,"{'mechanical': 6, 'ebike': 0}",1,10,1,1790580933.0
7272,6,"{'mechanical': 6, 'ebike': 0}",1,20,0,1790580942.0
7273,1,"{'mechanical': 1, 'ebike': 0}",2,17,0,1790580888.0
7276,0,"{'mechanical': 0, 'ebike': 0}",0,11,0,1790580849.0
7277,1,"{'mechanical': 1, 'ebike': 0}",1,18,0,1790580870.0
7278,14,"{'mechanical': 12, 'ebike': 2}",0,1,0,1790580844.0
7279,0,"{'mechanical': 0, 'ebike': 0}",3,13,0,1790580938.0
7281,0,"{'mechanical': 0, 'ebike': 0}",0,24,0,1790580877.0
7282,16,"{'mechanical': 16, 'ebike': 0}",0,7,0,1790580946.0
7283,1,"{'mechanical': 1, 'ebike': 0}",0,18,0,1790580876.0
7284,4,"{'mechanical': 4, 'ebike': 0}",1,19,0,1790580899.0
7285,0,"{'mechanical': 0, 'ebike': 0}",0,36,0,1790580886.0
7286,13,"{'mechanical': 13, 'ebike': 0}",0,5,0,1790580893.0
7287,15,"{'mechanical': 15, 'ebike': 0}",0,1,0,1790580880.0
7288,26,"{'mechanical': 25, 'ebike': 1}",1,2,2,1790580905.0
7289,2,"{'mechanical': 2, 'ebike': 0}",1,19,1,1790580950.0
7291,13,"{'mechanical': 13, 'ebike': 0}",0,2,0,1790580888.0
7292,5,"{'mechanical': 5, 'ebike': 0}",0,19,0,1790580877.0
7296,5,"{'mechanical': 3, 'ebike': 2}",3,11,0,1790580849.0
7297,3,"{'mechanical': 1, 'ebike': 2}",0,16,0,1790580914.0
7298,23,"{'mechanical': 21, 'ebike': 2}",0,2,0,1790580912.0
7299,14,"{'mechanical': 14, 'ebike': 0}",1,0,0,1790580943.0
7301,5,"{'mechanical': 1, 'ebike': 4}",1,9,0,1790580875.0
7302,1,"{'mechanical': 0, 'ebike': 1}",1,9,0,1790580858.0
7303,27,"{'mechanical': 26, 'ebike': 1}",0,16,0,1790580899.0
7309,14,"{'mechanical': 14, 'ebike': 0}",1,8,0,1790580952.0
7311,7,"{'mechanical': 7, 'ebike': 0}",0,12,0,1790580840.0
7312,1,"{'mechanical': 1, 'ebike': 0}",0,10,0,1790580891.0
7313,14,"{'mechanical': 14, 'ebike': 0}",0,15,0,1790580866.0
7314,2,"{'mechanical': 2, 'ebike': 0}",0,13,0,1790580939.0
7315,8,"{'mechanical': 8, 'ebike': 0}",0,3,0,1790580879.0
7316,14,"{'mechanical': 14, 'ebike': 0}",0,1,0,1790580926.0
7317,35,"{'mechanical': 34, 'ebike': 1}",0,4,0,1790580890.0
7318,26,"{'mechanical': 26, 'ebike': 0}",1,0,0,1790580845.0
7319,10,"{'mechanical': 10, 'ebike': 0}",0,1,0,1790580962.0
7320,9,"{'mechanical': 9, 'ebike': 0}",3,7,0,1790580907.0
7321,11,"{'mechanical': 11, 'ebike': 0}",1,7,0,1790580853.0
7322,7,"{'mechanical': 7, 'ebike': 0}",1,10,1,1790580905.0
7323,14,"{'mechanical': 14, 'ebike': 0}",1,3,1,1790580890.0
7324,22,"{'mechanical': 22, 'ebike': 0}",0,1,0,1790580940.0
7326,0,"{'mechanical': 0, 'ebike': 0}",0,19,0,1790580857.0
7329,10,"{'mechanical': 10, 'ebike': 0}",1,8,0,1790580873.0
7331,1,"{'mechanical': 1, 'ebike': 0}",0,18,0,1790580909.0
7332,19,"{'mechanical': 14, 'ebike': 5}",0,4,0,1790580852.0
7333,6,"{'mechanical': 6, 'ebike': 0}",0,12,1,1790580900.0
7334,9,"{'mechanical': 9, 'ebike': 0}",1,5,0,1790580953.0
7335,0,"{'mechanical': 0, 'ebike': 0}",3,16,0,1790580920.0
7336,18,"{'mechanical': 17, 'ebike': 1}",1,0,0,1790580854.0
7337,21,"{'mechanical': 20, 'ebike': 1}",0,2,0,1790580874.0
7338,6,"{'mechanical': 6, 'ebike': 0}",0,13,0,1790580920.0
7339,1,"{'mechanical': 1, 'ebike': 0}",0,14,0,1790580865.0
7340,5,"{'mechanical': 5, 'ebike': 0}",0,10,0,1790580883.0
7341,12,"{'mechanical': 12, 'ebike': 0}",0,2,0,1790580859.0
7342,8,"{'mechanical': 7, 'ebike': 1}",0,2,0,1790580914.0
7343,38,"{'mechanical': 36, 'ebike': 2}",0,2,1,1790580910.0
7344,27,"{'mechanical': 26, 'ebike': 1}",1,20,1,1790580911.0
7345,17,"{'mechanical': 17, 'ebike': 0}",0,14,0,1790580882.0
7346,18,"{'mechanical': 18, 'ebike': 0}",0,5,0,1790580864.0
7347,2,"{'mechanical': 0, 'ebike': 2}",0,13,0,1790580900.0
7348,1,"{'mechanical': 1, 'ebike': 0}",0,18,0,1790580857.0
7349,5,"{'mechanical': 4, 'ebike': 1}",0,17,1,1790580889.0
7350,19,"{'mechanical': 14, 'ebike': 5}",0,4,0,1790580899.0
7351,2,"{'mechanical': 1, 'ebike': 1}",0,17,0,1790580938.0
7352,1,"{'mechanical': 1, 'ebike': 0}",0,18,0,1790580860.0
7353,3,"{'mechanical': 3, 'ebike': 0}",0,16,0,1790580893.0
7354,24,"{'mechanical': 24, 'ebike': 0}",0,7,0,1790580929.0
7355,1,"{'mechanical': 1, 'ebike': 0}",1,9,0,1790580861.0
7356,30,"{'mechanical': 29, 'ebike': 1}",1,0,0,1790580904.0
7357,12,"{'mechanical': 12, 'ebike': 0}",1,6,0,1790580932.0
7358,0,"{'mechanical': 0, 'ebike': 0}",2,15,0,1790580894.0
7359,0,"{'mechanical': 0, 'ebike': 0}",2,21,0,1790580856.0
7360,4,"{'mechanical': 2, 'ebike': 2}",2,11,0,1790580917.0
7361,3,"{'mechanical': 1, 'ebike': 2}",3,13,0,1790580922.0
7362,7,"{'mechanical': 7, 'ebike': 0}",2,10,0,1790580952.0
7363,0,"{'mechanical': 0, 'ebike': 0}",3,12,0,1790580895.0
7364,33,"{'mechanical': 33, 'ebike': 0}",0,2,0,1790580932.0
7365,46,"{'mechanical': 46, 'ebike': 0}",1,14,0,1790580909.0
7366,14,"{'mechanical': 13, 'ebike': 1}",4,2,0,1790580904.0
7367,12,"{'mechanical': 9, 'ebike': 3}",2,2,0,1790580883.0
7368,6,"{'mechanical': 5, 'ebike': 1}",0,2,0,1790580900.0
7371,4,"{'mechanical': 0, 'ebike': 4}",0,16,0,1790580942.0
7373,15,"{'mechanical': 13, 'ebike': 2}",0,0,0,1790580860.0
7374,19,"{'mechanical': 19, 'ebike': 0}",0,0,0,1790580843.0
7375,10,"{'mechanical': 10, 'ebike': 0}",1,0,0,1790580943.0
7376,4,"{'mechanical': 0, 'ebike': 4}",2,13,0,1790580918.0
7377,6,"{'mechanical': 0, 'ebike': 6}",4,26,0,1790580784.0
7378,6,"{'mechanical': 0, 'ebike': 6}",0,9,0,1790580953.0
7379,2,"{'mechanical': 1, 'ebike': 1}",2,10,1,1790580870.0
7380,6,"{'mechanical': 3, 'ebike': 3}",3,7,0,1790580865.0
7381,20,"{'mechanical': 15, 'ebike': 5}",5,10,0,1790580863.0
7382,9,"{'mechanical': 9, 'ebike': 0}",0,18,0,1790580909.0
7383,14,"{'mechanical': 14, 'ebike': 0}",1,0,0,1790580912.0
7384,0,"{'mechanical': 0, 'ebike': 0}",5,4,0,1790580897.0
7385,2,"{'mechanical': 1, 'ebike': 1}",19,12,0,1790580926.0
7386,2,"{'mechanical': 2, 'ebike': 0}",2,12,0,1790580936.0
7387,4,"{'mechanical': 3, 'ebike': 1}",0,8,0,1790580870.0
7388,0,"{'mechanical': 0, 'ebike': 0}",0,15,0,1790580962.0
7389,6,"{'mechanical': 6, 'ebike': 0}",4,15,0,1790580858.0
7391,20,"{'mechanical': 20, 'ebike': 0}",0,11,0,1790580965.0
7395,4,"{'mechanical': 2, 'ebike': 2}",0,19,0,1790580911.0
7398,7,"{'mechanical': 7, 'ebike': 0}",1,11,0,1790580911.0
7399,18,"{'mechanical': 17, 'ebike': 1}",0,1,0,1790580883.0
7400,4,"{'mechanical': 3, 'ebike': 1}",0,19,0,1790580933.0
7403,0,"{'mechanical': 0, 'ebike': 0}",1,18,0,1790580946.0
7404,2,"{'mechanical': 0, 'ebike': 2}",3,13,1,1790580928.0
7407,2,"{'mechanical': 0, 'ebike': 2}",0,21,0,1790580897.0
7409,7,"{'mechanical': 5, 'ebike': 2}",1,19,0,1790580943.0
7410,4,"{'mechanical': 2, 'ebike': 2}",0,15,0,1790580922.0
7411,23,"{'mechanical': 23, 'ebike': 0}",0,0,0,1790580842.0
7412,2,"{'mechanical': 2, 'ebike': 0}",2,18,1,1790580903.0
7414,1,"{'mechanical': 1, 'ebike': 0}",0,14,0,1790580881.0
7415,2,"{'mechanical': 2, 'ebike': 0}",1,20,0,1790580859.0
7416,29,"{'mechanical': 29, 'ebike': 0}",1,1,0,1790580853.0
7417,2,"{'mechanical': 2, 'ebike': 0}",0,9,0,1790580930.0
7418,0,"{'mechanical': 0, 'ebike': 0}",1,24,0,1790580882.0
7419,1,"{'mechanical': 1, 'ebike': 0}",3,23,0,1790580928.0
7420,3,"{'mechanical': 3, 'ebike': 0}",3,22,0,1790580899.0
7422,9,"{'mechanical': 8, 'ebike': 1}",2,5,0,1790580884.0
7425,22,"{'mechanical': 21, 'ebike': 1}",0,1,0,1790580925.0
7427,36,"{'mechanical': 36, 'ebike': 0}",0,5,0,1790580852.0
7428,30,"{'mechanical': 30, 'ebike': 0}",1,12,0,1790580942.0
7429,0,"{'mechanical': 0, 'ebike': 0}",0,15,0,1790580915.0
7430,7,"{'mechanical': 5, 'ebike': 2}",1,19,0,1790580896.0
7431,25,"{'mechanical': 24, 'ebike': 1}",0,0,0,1790580952.0
7432,36,"{'mechanical': 34, 'ebike': 2}",2,9,0,1790580950.0
7433,15,"{'mechanical': 15, 'ebike': 0}",0,1,0,1790580878.0
7434,3,"{'mechanical': 0, 'ebike': 3}",1,35,0,1790580875.0
7435,6,"{'mechanical': 2, 'ebike': 4}",0,5,0,1790580889.0
7437,7,"{'mechanical': 5, 'ebike': 2}",0,8,0,1790580888.0
7438,1,"{'mechanical': 1, 'ebike': 0}",1,17,0,1790580944.0
7441,6,"{'mechanical': 5, 'ebike': 1}",2,15,0,1790580964.0
7442,2,"{'mechanical': 0, 'ebike': 2}",1,12,0,1790580845.0
7444,3,"{'mechanical': 1, 'ebike': 2}",0,17,0,1790580844.0
7445,19,"{'mechanical': 18, 'ebike': 1}",0,0,0,1790580907.0
7446,24,"{'mechanical': 23, 'ebike': 1}",1,0,0,1790580871.0
7447,2,"{'mechanical': 1, 'ebike': 1}",0,21,0,1790580961.0
7448,0,"{'mechanical': 0, 'ebike': 0}",0,18,1,1790580848.0
7449,3,"{'mechanical': 3, 'ebike': 0}",0,12,0,1790580939.0
7450,0,"{'mechanical': 0, 'ebike': 0}",0,14,1,1790580931.0
7451,7,"{'mechanical': 6, 'ebike': 1}",3,19,2,1790580861.0
7452,16,"{'mechanical': 6, 'ebike': 10}",3,3,1,1790580955.0
7453,5,"{'mechanical': 4, 'ebike': 1}",1,10,1,1790580888.0
7454,0,"{'mechanical': 0, 'ebike': 0}",5,10,0,1790580869.0
7455,2,"{'mechanical': 2, 'ebike': 0}",1,24,0,1790580894.0
7457,0,"{'mechanical': 0, 'ebike': 0}",1,21,1,1790580894.0
7458,12,"{'mechanical': 12, 'ebike': 0}",1,4,0,1790580908.0
7459,2,"{'mechanical': 1, 'ebike': 1}",0,9,0,1790580946.0
7460,0,"{'mechanical': 0, 'ebike': 0}",1,24,2,1790580957.0
7461,0,"{'mechanical': 0, 'ebike': 0}",2,21,0,1790580859.0
7462,1,"{'mechanical': 1, 'ebike': 0}",2,14,0,1790580854.0
7465,8,"{'mechanical': 4, 'ebike': 4}",1,10,0,1790580954.0
7466,1,"{'mechanical': 0, 'ebike': 1}",1,17,0,1790580962.0
7467,7,"{'mechanical': 6, 'ebike': 1}",0,8,0,1790580962.0
7468,10,"{'mechanical': 10, 'ebike': 0}",2,15,0,1790580846.0
7469,2,"{'mechanical': 2, 'ebike': 0}",1,20,0,1790580856.0
7471,11,"{'mechanical': 9, 'ebike': 2}",0,4,0,1790580889.0
7473,3,"{'mechanical': 3, 'ebike': 0}",1,11,0,1790580956.0
7474,21,"{'mechanical': 21, 'ebike': 0}",0,2,0,1790580909.0
7475,7,"{'mechanical': 5, 'ebike': 2}",4,8,0,1790580866.0
7476,8,"{'mechanical': 7, 'ebike': 1}",0,7,0,1790580888.0
7477,2,"{'mechanical': 2, 'ebike': 0}",1,17,0,1790580848.0
7478,17,"{'mechanical': 16, 'ebike': 1}",1,1,0,1790580959.0
7480,5,"{'mechanical': 3, 'ebike': 2}",1,9,0,1790580902.0
7483,3,"{'mechanical': 2, 'ebike': 1}",1,8,0,1790580922.0
7484,6,"{'mechanical': 0, 'ebike': 6}",3,7,0,1790580845.0
7485,3,"{'mechanical': 0, 'ebike': 3}",0,12,0,1790580941.0
7486,0,"{'mechanical': 0, 'ebike': 0}",0,22,0,1790580844.0
7487,7,"{'mechanical': 7, 'ebike': 0}",0,8,0,1790580907.0
7488,1,"{'mechanical': 0, 'ebike': 1}",2,8,0,1790580871.0
7489,5,"{'mechanical': 4, 'ebike': 1}",1,13,0,1790580914.0
7492,4,"{'mechanical': 4, 'ebike': 0}",2,9,0,1790580934.0
7493,12,"{'mechanical': 12, 'ebike': 0}",0,0,0,1790580857.0
7494,1,"{'mechanical': 1, 'ebike': 0}",4,7,0,1790580927.0
7496,18,"{'mechanical': 17, 'ebike': 1}",1,1,0,1790580952.0
7497,6,"{'mechanical': 5, 'ebike': 1}",0,14,0,1790580901.0
7501,0,"{'mechanical': 0, 'ebike': 0}",0,20,0,1790580890.0
7502,0,"{'mechanical': 0, 'ebike': 0}",3,17,0,1790580932.0
7503,2,"{'mechanical': 0, 'ebike': 2}",0,18,0,1790580919.0
7504,3,"{'mechanical': 3, 'ebike': 0}",0,13,0,1790580912.0
7505,16,"{'mechanical': 13, 'ebike': 3}",2,2,0,1790580847.0
7506,9,"{'mechanical': 8, 'ebike': 1}",1,2,0,1790580859.0
7508,7,"{'mechanical': 7, 'ebike': 0}",2,11,0,1790580840.0
7514,48,"{'mechanical': 48, 'ebike': 0}",3,12,0,1790580964.0
7515,17,"{'mechanical': 14, 'ebike': 3}",2,8,0,1790580930.0
7516,8,"{'mechanical': 8, 'ebike': 0}",2,7,0,1790580912.0
7517,23,"{'mechanical': 23, 'ebike': 0}",0,0,0,1790580865.0
7518,9,"{'mechanical': 9, 'ebike': 0}",0,18,0,1790580942.0
7520,2,"{'mechanical': 1, 'ebike': 1}",1,12,0,1790580955.0
7521,1,"{'mechanical': 0, 'ebike': 1}",0,22,0,1790580902.0
7522,3,"{'mechanical': 2, 'ebike': 1}",0,14,0,1790580862.0
7523,12,"{'mechanical': 12, 'ebike': 0}",0,3,0,1790580930.0
7524,31,"{'mechanical': 27, 'ebike': 4}",1,3,0,1790580842.0
7526,4,"{'mechanical': 0, 'ebike': 4}",0,19,0,1790580963.0
7527,9,"{'mechanical': 6, 'ebike': 3}",0,10,0,1790580930.0
7528,1,"{'mechanical': 0, 'ebike': 1}",3,13,0,1790580866.0
7529,1,"{'mechanical': 0, 'ebike': 1}",0,14,0,1790580877.0
7530,5,"{'mechanical': 4, 'ebike': 1}",2,15,0,1790580925.0
7531,6,"{'mechanical': 6, 'ebike': 0}",2,12,0,1790580939.0
7533,25,"{'mechanical': 25, 'ebike': 0}",0,2,0,1790580868.0
7534,6,"{'mechanical': 5, 'ebike': 1}",3,6,0,1790580963.0
7536,9,"{'mechanical': 7, 'ebike': 2}",1,13,0,1790580851.0
7537,1,"{'mechanical': 1, 'ebike': 0}",2,13,0,1790580957.0
7538,0,"{'mechanical': 0, 'ebike': 0}",1,18,0,1790580951.0
7539,6,"{'mechanical': 6, 'ebike': 0}",1,12,0,1790580965.0
7540,0,"{'mechanical': 0, 'ebike': 0}",0,16,3,1790580883.0
7541,0,"{'mechanical': 0, 'ebike': 0}",0,20,0,1790580906.0
7542,2,"{'mechanical': 2, 'ebike': 0}",0,21,0,1790580946.0
7543,12,"{'mechanical': 12, 'ebike': 0}",0,3,0,1790580903.0
7545,0,"{'mechanical': 0, 'ebike': 0}",0,15,0,1790580877.0
7546,1,"{'mechanical': 1, 'ebike': 0}",2,15,0,1790580874.0
7547,2,"{'mechanical': 1, 'ebike': 1}",0,13,0,1790580884.0
7548,1,"{'mechanical': 1, 'ebike': 0}",6,13,0,1790580872.0
7549,4,"{'mechanical': 4, 'ebike': 0}",1,42,0,1790580865.0
7551,14,"{'mechanical': 12, 'ebike': 2}",0,1,0,1790580897.0
7552,4,"{'mechanical': 4, 'ebike': 0}",0,13,2,1790580887.0
7553,2,"{'mechanical': 1, 'ebike': 1}",0,17,0,1790580899.0
7554,11,"{'mechanical': 11, 'ebike': 0}",0,16,0,1790580841.0
7555,3,"{'mechanical': 3, 'ebike': 0}",0,16,1,1790580961.0
7556,9,"{'mechanical': 9, 'ebike': 0}",3,19,0,1790580964.0
7557,20,"{'mechanical': 20, 'ebike': 0}",0,3,0,1790580961.0
7558,16,"{'mechanical': 16, 'ebike': 0}",2,1,0,1790580878.0
7559,12,"{'mechanical': 10, 'ebike': 2}",0,3,0,1790580845.0
7561,1,"{'mechanical': 0, 'ebike': 1}",1,13,0,1790580935.0
7562,1,"{'mechanical': 0, 'ebike': 1}",1,21,0,1790580851.0
7563,13,"{'mechanical': 12, 'ebike': 1}",0,6,0,1790580960.0
7564,3,"{'mechanical': 1, 'ebike': 2}",1,19,0,1790580924.0
7565,0,"{'mechanical': 0, 'ebike': 0}",1,22,0,1790580919.0
7566,0,"{'mechanical': 0, 'ebike': 0}",1,18,0,1790580940.0
7567,5,"{'mechanical': 5, 'ebike': 0}",0,22,0,1790580902.0
7568,8,"{'mechanical': 7, 'ebike': 1}",2,16,1,1790580922.0
7569,63,"{'mechanical': 63, 'ebike': 0}",2,21,1,1790580927.0
7570,13,"{'mechanical': 13, 'ebike': 0}",4,0,0,1790580849.0
7571,19,"{'mechanical': 18, 'ebike': 1}",0,0,0,1790580941.0
7572,0,"{'mechanical': 0, 'ebike': 0}",0,15,0,1790580914.0
7575,15,"{'mechanical': 14, 'ebike': 1}",0,0,0,1790580964.0
7576,23,"{'mechanical': 23, 'ebike': 0}",0,0,0,1790580956.0
7577,6,"{'mechanical': 6, 'ebike': 0}",1,20,0,1790580900.0
7578,8,"{'mechanical': 8, 'ebike': 0}",1,6,0,1790580897.0
7579,7,"{'mechanical': 0, 'ebike': 7}",2,10,0,1790580845.0
7580,5,"{'mechanical': 2, 'ebike': 3}",0,10,0,1790580901.0
7581,3,"{'mechanical': 2, 'ebike': 1}",0,12,0,1790580842.0
7582,1,"{'mechanical': 0, 'ebike': 1}",0,15,0,1790580953.0
7583,3,"{'mechanical': 1, 'ebike': 2}",1,19,0,1790580952.0
7584,4,"{'mechanical': 4, 'ebike': 0}",0,23,0,1790580928.0
7587,5,"{'mechanical': 5, 'ebike': 0}",0,13,1,1790580847.0
7588,2,"{'mechanical': 2, 'ebike': 0}",2,15,0,1790580879.0
7589,7,"{'mechanical': 5, 'ebike': 2}",3,5,0,1790580951.0
7590,2,"{'mechanical': 2, 'ebike': 0}",0,21,0,1790580926.0
7591,0,"{'mechanical': 0, 'ebike': 0}",4,19,0,1790580847.0
7593,5,"{'mechanical': 5, 'ebike': 0}",0,22,0,1790580901.0
7594,11,"{'mechanical': 3, 'ebike': 8}",4,0,0,1790580895.0
7595,9,"{'mechanical': 4, 'ebike': 5}",1,5,0,1790580910.0
7596,1,"{'mechanical': 1, 'ebike': 0}",0,31,0,1790580949.0
7597,0,"{'mechanical': 0, 'ebike': 0}",0,15,0,1790580885.0
7598,2,"{'mechanical': 0, 'ebike': 2}",0,12,1,1790580894.0
7599,5,"{'mechanical': 5, 'ebike': 0}",1,10,0,1790580864.0
7600,0,"{'mechanical': 0, 'ebike': 0}",0,20,0,1790580929.0
7601,0,"{'mechanical': 0, 'ebike': 0}",4,19,2,1790580852.0
7602,2,"{'mechanical': 2, 'ebike': 0}",1,16,0,1790580881.0
7603,6,"{'mechanical': 6, 'ebike': 0}",2,6,0,1790580871.0
7604,1,"{'mechanical': 1, 'ebike': 0}",0,18,0,1790580937.0
7605,6,"{'mechanical': 3, 'ebike': 3}",1,13,0,1790580875.0
7606,5,"{'mechanical': 4, 'ebike': 1}",1,13,0,1790580892.0
7607,11,"{'mechanical': 10, 'ebike': 1}",0,7,1,1790580848.0
7608,0,"{'mechanical': 0, 'ebike': 0}",0,27,0,1790580928.0
7609,0,"{'mechanical': 0, 'ebike': 0}",0,27,0,1790580891.0
7610,3,"{'mechanical': 1, 'ebike': 2}",1,11,0,1790580935.0
7611,2,"{'mechanical': 2, 'ebike': 0}",0,17,0,1790580859.0
7612,2,"{'mechanical': 1, 'ebike': 1}",0,17,0,1790580883.0
7613,0,"{'mechanical': 0, 'ebike': 0}",0,17,2,1790580877.0
7614,2,"{'mechanical': 2, 'ebike': 0}",1,20,0,1790580858.0
7615,10,"{'mechanical': 10, 'ebike': 0}",1,8,0,1790580889.0
7616,4,"{'mechanical': 3, 'ebike': 1}",0,15,0,1790580929.0
7617,1,"{'mechanical': 1, 'ebike': 0}",0,17,1,1790580946.0
7618,3,"{'mechanical': 2, 'ebike': 1}",0,8,0,1790580886.0
7619,0,"{'mechanical': 0, 'ebike': 0}",1,14,0,1790580936.0
7620,19,"{'mechanical': 6, 'ebike': 13}",1,11,0,1790580950.0
7622,18,"{'mechanical': 17, 'ebike': 1}",0,5,0,1790580952.0
7623,4,"{'mechanical': 3, 'ebike': 1}",1,14,0,1790580960.0
7624,0,"{'mechanical': 0, 'ebike': 0}",0,11,0,1790580909.0
7625,0,"{'mechanical': 0, 'ebike': 0}",1,22,0,1790580937.0
7626,1,"{'mechanical': 1, 'ebike': 0}",2,22,0,1790580931.0
7627,10,"{'mechanical': 6, 'ebike': 4}",0,5,0,1790580858.0
7629,5,"{'mechanical': 4, 'ebike': 1}",0,10,0,1790580916.0
7630,8,"{'mechanical': 6, 'ebike': 2}",1,14,0,1790580924.0
7631,14,"{'mechanical': 14, 'ebike': 0}",0,1,0,1790580886.0
7632,0,"{'mechanical': 0, 'ebike': 0}",3,14,0,1790580839.0
7633,11,"{'mechanical': 11, 'ebike': 0}",0,4,0,1790580859.0
7635,4,"{'mechanical': 3, 'ebike': 1}",3,8,0,1790580918.0
7636,9,"{'mechanical': 8, 'ebike': 1}",0,14,0,1790580909.0
7637,3,"{'mechanical': 2, 'ebike': 1}",1,14,1,1790580870.0
7639,10,"{'mechanical': 10, 'ebike': 0}",3,3,0,1790580960.0
7640,0,"{'mechanical': 0, 'ebike': 0}",2,11,2,1790580950.0
7641,1,"{'mechanical': 1, 'ebike': 0}",0,14,0,1790580904.0
7642,9,"{'mechanical': 1, 'ebike': 8}",4,6,0,1790580845.0
7643,3,"{'mechanical': 0, 'ebike': 3}",1,15,0,1790580855.0
7644,1,"{'mechanical': 0, 'ebike': 1}",0,14,0,1790580955.0
7645,0,"{'mechanical': 0, 'ebike': 0}",0,16,0,1790580930.0
7646,2,"{'mechanical': 2, 'ebike': 0}",0,13,0,1790580851.0
7650,0,"{'mechanical': 0, 'ebike': 0}",4,18,1,1790580914.0
7653,7,"{'mechanical': 7, 'ebike': 0}",2,6,0,1790580926.0
7654,5,"{'mechanical': 4, 'ebike': 1}",0,2,0,1790580914.0
7655,8,"{'mechanical': 7, 'ebike': 1}",0,7,0,1790580908.0
7656,3,"{'mechanical': 3, 'ebike': 0}",2,6,0,1790580909.0
7657,19,"{'mechanical': 19, 'ebike': 0}",0,1,0,1790580865.0
7658,27,"{'mechanical': 26, 'ebike': 1}",0,0,0,1790580906.0
7659,2,"{'mechanical': 0, 'ebike': 2}",0,17,0,1790580849.0
7660,27,"{'mechanical': 27, 'ebike': 0}",1,11,0,1790580903.0
7662,18,"{'mechanical': 17, 'ebike': 1}",1,0,0,1790580944.0
7663,2,"{'mechanical': 2, 'ebike': 0}",3,12,0,1790580912.0
7664,3,"{'mechanical': 3, 'ebike': 0}",1,11,0,1790580946.0
7665,3,"{'mechanical': 3, 'ebike': 0}",0,8,0,1790580871.0
7666,0,"{'mechanical': 0, 'ebike': 0}",1,23,2,1790580925.0
7667,0,"{'mechanical': 0, 'ebike': 0}",4,10,1,1790580928.0
7668,13,"{'mechanical': 4, 'ebike': 9}",4,3,0,1790580882.0
7671,3,"{'mechanical': 0, 'ebike': 3}",1,8,0,1790580957.0
7675,5,"{'mechanical': 5, 'ebike': 0}",1,8,1,1790580961.0
7676,0,"{'mechanical': 0, 'ebike': 0}",0,15,1,1790580961.0
7677,1,"{'mechanical': 1, 'ebike': 0}",1,13,0,1790580888.0
7678,0,"{'mechanical': 0, 'ebike': 0}",1,15,0,1790580956.0
7679,0,"{'mechanical': 0, 'ebike': 0}",1,14,0,1790580959.0
7681,8,"{'mechanical': 2, 'ebike': 6}",1,15,0,1790580872.0
7682,35,"{'mechanical': 34, 'ebike': 1}",0,0,0,1790580926.0
7684,10,"{'mechanical': 10, 'ebike': 0}",1,12,0,1790580960.0
7685,18,"{'mechanical': 18, 'ebike': 0}",2,3,0,1790580861.0
7686,15,"{'mechanical': 14, 'ebike': 1}",0,0,0,1790580859.0
7687,5,"{'mechanical': 5, 'ebike': 0}",0,7,0,1790580914.0
7688,6,"{'mechanical': 4, 'ebike': 2}",3,6,0,1790580843.0
7691,1,"{'mechanical': 0, 'ebike': 1}",2,14,2,1790580914.0
7692,20,"{'mechanical': 19, 'ebike': 1}",1,5,0,1790580941.0
7693,22,"{'mechanical': 22, 'ebike': 0}",1,0,0,1790580893.0
7694,2,"{'mechanical': 0, 'ebike': 2}",1,16,0,1790580925.0
7695,17,"{'mechanical': 15, 'ebike': 2}",0,2,0,1790580957.0
7696,12,"{'mechanical': 11, 'ebike': 1}",0,7,0,1790580924.0
7698,4,"{'mechanical': 3, 'ebike': 1}",1,9,0,1790580858.0
7699,3,"{'mechanical': 0, 'ebike': 3}",2,10,0,1790580933.0
7700,7,"{'mechanical': 5, 'ebike': 2}",1,7,0,1790580855.0
7701,11,"{'mechanical': 8, 'ebike': 3}",2,4,2,1790580942.0
7702,10,"{'mechanical': 10, 'ebike': 0}",1,7,0,1790580862.0
7704,1,"{'mechanical': 1, 'ebike': 0}",0,18,0,1790580958.0
7705,18,"{'mechanical': 17, 'ebike': 1}",0,1,0,1790580873.0
7706,9,"{'mechanical': 8, 'ebike': 1}",0,18,0,1790580877.0
7707,11,"{'mechanical': 10, 'ebike': 1}",1,7,0,1790580848.0
7708,7,"{'mechanical': 1, 'ebike': 6}",5,16,0,1790580867.0
7709,4,"{'mechanical': 2, 'ebike': 2}",1,18,0,1790580870.0
7710,3,"{'mechanical': 0, 'ebike': 3}",1,14,0,1790580937.0
7711,3,"{'mechanical': 3, 'ebike': 0}",0,12,0,1790580898.0
7712,18,"{'mechanical': 18, 'ebike': 0}",0,4,1,1790580864.0
7713,13,"{'mechanical': 13, 'ebike': 0}",2,4,0,1790580938.0
7715,2,"{'mechanical': 1, 'ebike': 1}",0,9,0,1790580853.0
7716,17,"{'mechanical': 17, 'ebike': 0}",0,2,0,1790580858.0
7717,11,"{'mechanical': 11, 'ebike': 0}",0,0,0,1790580963.0
7718,7,"{'mechanical': 7, 'ebike': 0}",1,2,1,1790580960.0
7720,20,"{'mechanical': 20, 'ebike': 0}",2,9,0,1790580865.0
7721,10,"{'mechanical': 10, 'ebike': 0}",0,1,0,1790580920.0
7725,0,"{'mechanical': 0, 'ebike': 0}",1,14,0,1790580879.0
7728,4,"{'mechanical': 4, 'ebike': 0}",0,15,0,1790580912.0
7729,31,"{'mechanical': 7, 'ebike': 24}",14,0,0,1790580891.0
7730,35,"{'mechanical': 3, 'ebike': 32}",7,1,0,1790580844.0
7731,0,"{'mechanical': 0, 'ebike': 0}",1,14,0,1790580921.0
7732,5,"{'mechanical': 5, 'ebike': 0}",0,10,0,1790580963.0
7733,5,"{'mechanical': 5, 'ebike': 0}",0,10,0,1790580892.0
7734,1,"{'mechanical': 1, 'ebike': 0}",0,14,0,1790580944.0
7735,3,"{'mechanical': 2, 'ebike': 1}",0,12,0,1790580870.0
7736,2,"{'mechanical': 1, 'ebike': 1}",0,13,0,1790580913.0
7737,3,"{'mechanical': 3, 'ebike': 0}",0,12,0,1790580869.0
7738,0,"{'mechanical': 0, 'ebike': 0}",1,14,0,1790580925.0
7739,1,"{'mechanical': 1, 'ebike': 0}",1,13,0,1790580867.0
7740,4,"{'mechanical': 3, 'ebike': 1}",0,11,0,1790580848.0
7741,2,"{'mechanical': 0, 'ebike': 2}",1,12,0,1790580860.0
7742,5,"{'mechanical': 0, 'ebike': 5}",0,14,0,1790580846.0
7743,7,"{'mechanical': 2, 'ebike': 5}",3,9,0,1790580945.0
7744,2,"{'mechanical': 0, 'ebike': 2}",0,21,0,1790580942.0
7745,9,"{'mechanical': 9, 'ebike': 0}",0,6,0,1790580950.0
7746,4,"{'mechanical': 0, 'ebike': 4}",1,13,1,1790580892.0
7747,0,"{'mechanical': 0, 'ebike': 0}",1,14,0,1790580960.0
7748,7,"{'mechanical': 6, 'ebike': 1}",1,11,0,1790580860.0
7749,1,"{'mechanical': 1, 'ebike': 0}",0,14,0,1790580847.0
7750,0,"{'mechanical': 0, 'ebike': 0}",0,15,0,1790580872.0
7751,1,"{'mechanical': 0, 'ebike': 1}",1,13,0,1790580854.0
7752,18,"{'mechanical': 16, 'ebike': 2}",0,5,0,1790580905.0
7753,12,"{'mechanical': 11, 'ebike': 1}",3,0,0,1790580880.0
7754,0,"{'mechanical': 0, 'ebike': 0}",2,12,0,1790580908.0
7755,7,"{'mechanical': 7, 'ebike': 0}",0,8,0,1790580915.0
7756,5,"{'mechanical': 5, 'ebike': 0}",0,14,0,1790580846.0
7757,12,"{'mechanical': 12, 'ebike': 0}",2,4,0,1790580939.0
7758,6,"{'mechanical': 6, 'ebike': 0}",0,13,0,1790580857.0
7759,12,"{'mechanical': 12, 'ebike': 0}",0,3,0,1790580924.0
7760,13,"{'mechanical': 8, 'ebike': 5}",3,7,0,1790580963.0
7761,11,"{'mechanical': 8, 'ebike': 3}",1,3,0,1790580913.0
7762,0,"{'mechanical': 0, 'ebike': 0}",1,13,0,1790580941.0
7765,4,"{'mechanical': 3, 'ebike': 1}",1,10,0,1790580876.0
7766,0,"{'mechanical': 0, 'ebike': 0}",1,14,0,1790580945.0
7767,6,"{'mechanical': 6, 'ebike': 0}",0,5,0,1790580853.0
7768,13,"{'mechanical': 12, 'ebike': 1}",0,1,0,1790580885.0
7769,3,"{'mechanical': 2, 'ebike': 1}",1,11,0,1790580954.0
7770,17,"{'mechanical': 16, 'ebike': 1}",1,5,0,1790580876.0
7771,5,"{'mechanical': 4, 'ebike': 1}",3,3,0,1790580883.0
7772,2,"{'mechanical': 2, 'ebike': 0}",0,13,0,1790580938.0
7773,0,"{'mechanical': 0, 'ebike': 0}",0,13,1,1790580899.0
7774,0,"{'mechanical': 0, 'ebike': 0}",0,15,0,1790580868.0
7775,4,"{'mechanical': 3, 'ebike': 1}",0,7,0,1790580840.0
7776,0,"{'mechanical': 0, 'ebike': 0}",0,19,0,1790580874.0
7777,10,"{'mechanical': 8, 'ebike': 2}",0,5,0,1790580959.0
7778,3,"{'mechanical': 3, 'ebike': 0}",0,8,0,1790580917.0
7779,0,"{'mechanical': 0, 'ebike': 0}",1,14,0,1790580920.0
7780,5,"{'mechanical': 0, 'ebike': 5}",1,10,0,1790580953.0
7781,8,"{'mechanical': 0, 'ebike': 8}",3,4,0,1790580949.0
7782,2,"{'mechanical': 2, 'ebike': 0}",0,18,0,1790580854.0
7783,3,"{'mechanical': 3, 'ebike': 0}",0,17,0,1790580885.0
7784,8,"{'mechanical': 7, 'ebike': 1}",0,11,0,1790580941.0
7785,5,"{'mechanical': 5, 'ebike': 0}",1,10,0,1790580877.0
7787,27,"{'mechanical': 27, 'ebike': 0}",3,1,0,1790580899.0
7788,48,"{'mechanical': 48, 'ebike': 0}",0,1,0,1790580950.0
7789,2,"{'mechanical': 1, 'ebike': 1}",3,18,0,1790580907.0
7790,7,"{'mechanical': 7, 'ebike': 0}",2,8,0,1790580866.0
7791,6,"{'mechanical': 6, 'ebike': 0}",1,8,0,1790580865.0
7792,15,"{'mechanical': 14, 'ebike': 1}",0,0,0,1790580919.0
7796,11,"{'mechanical': 11, 'ebike': 0}",0,8,0,1790580932.0
7798,13,"{'mechanical': 10, 'ebike': 3}",0,2,0,1790580951.0
7799,0,"{'mechanical': 0, 'ebike': 0}",0,15,0,1790580908.0
7800,3,"{'mechanical': 2, 'ebike': 1}",0,16,0,1790580876.0
7801,3,"{'mechanical': 3, 'ebike': 0}",0,12,0,1790580873.0
7802,12,"{'mechanical': 10, 'ebike': 2}",0,0,0,1790580886.0
7803,3,"{'mechanical': 2, 'ebike': 1}",1,15,0,1790580966.0
7804,12,"{'mechanical': 8, 'ebike': 4}",1,0,0,1790580913.0
7805,5,"{'mechanical': 2, 'ebike': 3}",0,14,0,1790580851.0
7806,1,"{'mechanical': 0, 'ebike': 1}",1,13,0,1790580882.0
7807,0,"{'mechanical': 0, 'ebike': 0}",0,15,0,1790580840.0
7808,1,"{'mechanical': 1, 'ebike': 0}",0,14,0,1790580926.0
7809,2,"{'mechanical': 0, 'ebike': 2}",1,16,0,1790580879.0
7810,0,"{'mechanical': 0, 'ebike': 0}",1,14,0,1790580887.0
7811,14,"{'mechanical': 14, 'ebike': 0}",4,1,0,1790580883.0
7812,7,"{'mechanical': 7, 'ebike': 0}",0,12,0,1790580867.0
7813,3,"{'mechanical': 2, 'ebike': 1}",1,19,0,1790580846.0
7814,4,"{'mechanical': 4, 'ebike': 0}",0,11,0,1790580863.0
7815,1,"{'mechanical': 1, 'ebike': 0}",0,13,1,1790580884.0
7816,36,"{'mechanical': 36, 'ebike': 0}",1,17,1,1790580933.0
7817,14,"{'mechanical': 13, 'ebike': 1}",0,1,0,1790580905.0
7818,5,"{'mechanical': 1, 'ebike': 4}",2,12,0,1790580885.0
7819,3,"{'mechanical': 2, 'ebike': 1}",2,10,0,1790580921.0
7820,0,"{'mechanical': 0, 'ebike': 0}",0,15,0,1790580851.0
7821,6,"{'mechanical': 6, 'ebike': 0}",4,10,0,1790580892.0
7822,15,"{'mechanical': 15, 'ebike': 0}",0,4,0,1790580876.0
7823,5,"{'mechanical': 2, 'ebike': 3}",4,1,1,1790580839.0
7824,0,"{'mechanical': 0, 'ebike': 0}",0,19,0,1790580921.0
7825,2,"{'mechanical': 2, 'ebike': 0}",0,12,0,1790580885.0
7826,15,"{'mechanical': 11, 'ebike': 4}",0,0,0,1790580852.0
7827,3,"{'mechanical': 2, 'ebike': 1}",0,12,0,1790580924.0
7828,2,"{'mechanical': 2, 'ebike': 0}",0,9,0,1790580896.0
7830,1,"{'mechanical': 1, 'ebike': 0}",0,14,0,1790580959.0
7831,10,"{'mechanical': 10, 'ebike': 0}",0,9,0,1790580950.0
7832,12,"{'mechanical': 12, 'ebike': 0}",2,5,0,1790580917.0
7833,2,"{'mechanical': 2, 'ebike': 0}",0,13,0,1790580852.0
7834,1,"{'mechanical': 0, 'ebike': 1}",0,14,0,1790580844.0
7835,4,"{'mechanical': 1, 'ebike': 3}",0,15,0,1790580879.0
7836,4,"{'mechanical': 0, 'ebike': 4}",0,15,0,1790580861.0
7837,1,"{'mechanical': 1, 'ebike': 0}",0,18,0,1790580930.0
7838,17,"{'mechanical': 16, 'ebike': 1}",0,2,0,1790580956.0
7839,4,"{'mechanical': 3, 'ebike': 1}",2,5,0,1790580864.0
7840,3,"{'mechanical': 1, 'ebike': 2}",0,12,0,1790580929.0
7841,3,"{'mechanical': 2, 'ebike': 1}",2,10,0,1790580851.0
7842,9,"{'mechanical': 9, 'ebike': 0}",0,2,0,1790580920.0
7843,13,"{'mechanical': 12, 'ebike': 1}",2,0,0,1790580958.0
7844,10,"{'mechanical': 10, 'ebike': 0}",2,3,0,1790580840.0
7845,12,"{'mechanical': 12, 'ebike': 0}",0,3,0,1790580948.0
7846,2,"{'mechanical': 1, 'ebike': 1}",0,13,0,1790580941.0
7848,5,"{'mechanical': 5, 'ebike': 0}",1,17,0,1790580958.0
7849,0,"{'mechanical': 0, 'ebike': 0}",0,15,0,1790580960.0
7850,9,"{'mechanical': 9, 'ebike': 0}",1,5,1,1790580855.0
7851,0,"{'mechanical': 0, 'ebike': 0}",2,13,0,1790580922.0
7852,9,"{'mechanical': 8, 'ebike': 1}",0,14,0,1790580901.0
7853,13,"{'mechanical': 12, 'ebike': 1}",0,2,0,1790580946.0
7854,1,"{'mechanical': 1, 'ebike': 0}",0,18,0,1790580921.0
7855,3,"{'mechanical': 2, 'ebike': 1}",2,10,0,1790580956.0
7856,2,"{'mechanical': 2, 'ebike': 0}",0,13,0,1790580868.0
7857,7,"{'mechanical': 1, 'ebike': 6}",0,12,0,1790580877.0
7858,2,"{'mechanical': 2, 'ebike': 0}",1,20,0,1790580868.0
7859,4,"{'mechanical': 4, 'ebike': 0}",0,11,0,1790580936.0
7860,4,"{'mechanical': 4, 'ebike': 0}",1,10,0,1790580928.0
7861,2,"{'mechanical': 1, 'ebike': 1}",0,17,0,1790580856.0
7862,1,"{'mechanical': 1, 'ebike': 0}",0,14,0,1790580944.0
7863,0,"{'mechanical': 0, 'ebike': 0}",1,14,0,1790580857.0
7864,0,"{'mechanical': 0, 'ebike': 0}",2,13,0,1790580942.0
7865,0,"{'mechanical': 0, 'ebike': 0}",6,37,0,1790580920.0
7866,1,"{'mechanical': 1, 'ebike': 0}",2,20,0,1790580863.0
7867,7,"{'mechanical': 1, 'ebike': 6}",8,0,0,1790580964.0
7868,0,"{'mechanical': 0, 'ebike': 0}",0,18,1,1790580884.0
7869,6,"{'mechanical': 6, 'ebike': 0}",0,9,0,1790580955.0
7870,1,"{'mechanical': 0, 'ebike': 1}",0,14,0,1790580872.0
7871,2,"{'mechanical': 2, 'ebike': 0}",0,12,0,1790580923.0
7872,4,"{'mechanical': 4, 'ebike': 0}",0,11,0,1790580888.0
7874,2,"{'mechanical': 2, 'ebike': 0}",1,12,0,1790580941.0
7875,6,"{'mechanical': 6, 'ebike': 0}",0,9,0,1790580869.0
7877,7,"{'mechanical': 7, 'ebike': 0}",0,8,0,1790580874.0
7878,1,"{'mechanical': 1, 'ebike': 0}",0,14,0,1790580946.0
7880,8,"{'mechanical': 8, 'ebike': 0}",1,6,0,1790580914.0
7883,2,"{'mechanical': 2, 'ebike': 0}",0,9,0,1790580943.0
7884,6,"{'mechanical': 6, 'ebike': 0}",0,9,0,1790580856.0
7885,10,"{'mechanical': 9, 'ebike': 1}",1,0,0,1790580840.0
7887,24,"{'mechanical': 19, 'ebike': 5}",7,12,1,1790580852.0
7888,4,"{'mechanical': 2, 'ebike': 2}",0,11,0,1790580925.0
7889,11,"{'mechanical': 10, 'ebike': 1}",0,8,0,1790580905.0
7890,6,"{'mechanical': 0, 'ebike': 6}",2,15,0,1790580843.0
7891,0,"{'mechanical': 0, 'ebike': 0}",0,19,0,1790580901.0
7893,0,"{'mechanical': 0, 'ebike': 0}",0,19,0,1790580946.0
7894,0,"{'mechanical': 0, 'ebike': 0}",1,14,0,1790580927.0
7895,0,"{'mechanical': 0, 'ebike': 0}",0,15,0,1790580881.0
7896,2,"{'mechanical': 1, 'ebike': 1}",1,12,0,1790580883.0
7897,1,"{'mechanical': 0, 'ebike': 1}",0,14,0,1790580930.0
7899,0,"{'mechanical': 0, 'ebike': 0}",1,22,0,1790580956.0
7900,1,"{'mechanical': 1, 'ebike': 0}",1,9,0,1790580848.0
7901,4,"{'mechanical': 3, 'ebike': 1}",1,6,0,1790580892.0
7902,0,"{'mechanical': 0, 'ebike': 0}",0,15,0,1790580942.0
7903,0,"{'mechanical': 0, 'ebike': 0}",2,13,0,1790580881.0
7904,1,"{'mechanical': 1, 'ebike': 0}",0,10,0,1790580867.0
7906,14,"{'mechanical': 14, 'ebike': 0}",0,0,0,1790580923.0
7907,25,"{'mechanical': 0, 'ebike': 25}",16,0,0,1790580949.0
7909,2,"{'mechanical': 2, 'ebike': 0}",0,21,0,1790580933.0
7910,1,"{'mechanical': 1, 'ebike': 0}",1,13,0,1790580869.0
7911,0,"{'mechanical': 0, 'ebike': 0}",0,19,0,1790580886.0
7912,15,"{'mechanical': 13, 'ebike': 2}",0,4,0,1790580906.0
7913,0,"{'mechanical': 0, 'ebike': 0}",0,35,0,1790580882.0
7914,1,"{'mechanical': 1, 'ebike': 0}",1,25,0,1790580872.0
7915,6,"{'mechanical': 4, 'ebike': 2}",2,6,1,1790580870.0
7916,3,"{'mechanical': 3, 'ebike': 0}",1,15,0,1790580877.0
7917,11,"{'mechanical': 11, 'ebike': 0}",2,26,0,1790580959.0
7918,7,"{'mechanical': 7, 'ebike': 0}",1,7,0,1790580871.0
7919,7,"{'mechanical': 3, 'ebike': 4}",0,12,0,1790580909.0
7920,5,"{'mechanical': 5, 'ebike': 0}",0,10,0,1790580914.0
7922,7,"{'mechanical': 0, 'ebike': 7}",0,15,1,1790580903.0
7923,10,"{'mechanical': 10, 'ebike': 0}",0,9,0,1790580879.0
7924,7,"{'mechanical': 7, 'ebike': 0}",2,3,0,1790580909.0
7925,9,"{'mechanical': 9, 'ebike': 0}",0,15,0,1790580850.0
7926,0,"{'mechanical': 0, 'ebike': 0}",2,22,0,1790580950.0
7927,16,"{'mechanical': 14, 'ebike': 2}",0,8,0,1790580915.0
7928,0,"{'mechanical': 0, 'ebike': 0}",2,77,0,1790580909.0
7929,5,"{'mechanical': 5, 'ebike': 0}",2,5,0,1790580962.0
7930,3,"{'mechanical': 2, 'ebike': 1}",0,12,0,1790580844.0
7931,0,"{'mechanical': 0, 'ebike': 0}",0,16,0,1790580851.0
7932,12,"{'mechanical': 11, 'ebike': 1}",0,0,0,1790580941.0
7933,0,"{'mechanical': 0, 'ebike': 0}",4,18,1,1790580923.0
7934,4,"{'mechanical': 2, 'ebike': 2}",2,4,0,1790580873.0
7935,0,"{'mechanical': 0, 'ebike': 0}",2,13,0,1790580934.0
7936,10,"{'mechanical': 10, 'ebike': 0}",0,5,0,1790580908.0
7937,9,"{'mechanical': 9, 'ebike': 0}",4,6,0,1790580845.0
7938,13,"{'mechanical': 12, 'ebike': 1}",1,1,0,1790580899.0
7939,8,"{'mechanical': 7, 'ebike': 1}",2,7,0,1790580859.0
7940,3,"{'mechanical': 2, 'ebike': 1}",4,25,0,1790580924.0
7941,9,"{'mechanical': 9, 'ebike': 0}",2,4,0,1790580907.0
7942,3,"{'mechanical': 2, 'ebike': 1}",1,11,0,1790580965.0
7943,4,"{'mechanical': 4, 'ebike': 0}",4,15,0,1790580930.0
7944,1,"{'mechanical': 0, 'ebike': 1}",1,21,0,1790580964.0
7945,30,"{'mechanical': 30, 'ebike': 0}",1,0,0,1790580857.0
7946,3,"{'mechanical': 3, 'ebike': 0}",0,12,0,1790580850.0
7947,3,"{'mechanical': 3, 'ebike': 0}",3,5,0,1790580899.0
7948,21,"{'mechanical': 21, 'ebike': 0}",0,2,0,1790580923.0
7949,11,"{'mechanical': 10, 'ebike': 1}",0,4,0,1790580852.0
7950,15,"{'mechanical': 15, 'ebike': 0}",1,7,0,1790580934.0
7951,13,"{'mechanical': 13, 'ebike': 0}",2,4,0,1790580882.0
7952,0,"{'mechanical': 0, 'ebike': 0}",2,17,0,1790580899.0
7953,13,"{'mechanical': 13, 'ebike': 0}",1,0,0,1790580901.0
7954,20,"{'mechanical': 20, 'ebike': 0}",1,2,0,1790580910.0
7955,7,"{'mechanical': 7, 'ebike': 0}",0,16,0,1790580893.0
7956,2,"{'mechanical': 2, 'ebike': 0}",0,9,0,1790580926.0
7957,2,"{'mechanical': 2, 'ebike': 0}",1,16,0,1790580944.0
7958,6,"{'mechanical': 5, 'ebike': 1}",2,11,0,1790580872.0
7959,2,"{'mechanical': 2, 'ebike': 0}",0,13,0,1790580900.0
7960,5,"{'mechanical': 3, 'ebike': 2}",0,14,0,1790580846.0
7961,4,"{'mechanical': 0, 'ebike': 4}",0,11,0,1790580924.0
7962,5,"{'mechanical': 5, 'ebike': 0}",0,10,0,1790580920.0
7963,2,"{'mechanical': 2, 'ebike': 0}",1,8,0,1790580882.0
7964,1,"{'mechanical': 1, 'ebike': 0}",1,13,0,1790580960.0
7965,0,"{'mechanical': 0, 'ebike': 0}",1,18,0,1790580880.0
7966,2,"{'mechanical': 0, 'ebike': 2}",0,13,0,1790580861.0
7967,1,"{'mechanical': 0, 'ebike': 1}",1,13,0,1790580893.0
7968,5,"{'mechanical': 5, 'ebike': 0}",0,14,0,1790580841.0
7969,3,"{'mechanical': 3, 'ebike': 0}",0,16,0,1790580897.0
7970,7,"{'mechanical': 7, 'ebike': 0}",1,11,0,1790580903.0
7971,7,"{'mechanical': 6, 'ebike': 1}",3,4,0,1790580842.0
7972,1,"{'mechanical': 1, 'ebike': 0}",0,10,0,1790580935.0
7973,3,"{'mechanical': 3, 'ebike': 0}",3,13,0,1790580853.0
7974,3,"{'mechanical': 2, 'ebike': 1}",0,16,0,1790580846.0
7976,6,"{'mechanical': 6, 'ebike': 0}",1,11,1,1790580856.0
7977,3,"{'mechanical': 3, 'ebike': 0}",3,9,0,1790580880.0
7978,9,"{'mechanical': 9, 'ebike': 0}",1,13,0,1790580848.0
7979,0,"{'mechanical': 0, 'ebike': 0}",3,16,0,1790580851.0
7981,3,"{'mechanical': 3, 'ebike': 0}",2,10,0,1790580934.0
7982,3,"{'mechanical': 3, 'ebike': 0}",0,16,0,1790580882.0
7983,1,"{'mechanical': 1, 'ebike': 0}",6,7,0,1790580952.0
7984,21,"{'mechanical': 21, 'ebike': 0}",0,2,0,1790580899.0
7985,6,"{'mechanical': 5, 'ebike': 1}",2,7,0,1790580894.0
7986,3,"{'mechanical': 3, 'ebike': 0}",2,14,0,1790580844.0
7987,3,"{'mechanical': 3, 'ebike': 0}",0,12,0,1790580848.0
7988,4,"{'mechanical': 3, 'ebike': 1}",1,14,0,1790580870.0
7989,1,"{'mechanical': 1, 'ebike': 0}",0,14,0,1790580939.0
7990,5,"{'mechanical': 5, 'ebike': 0}",1,5,0,1790580845.0
7991,0,"{'mechanical': 0, 'ebike': 0}",2,13,0,1790580892.0
7992,1,"{'mechanical': 1, 'ebike': 0}",0,10,0,1790580915.0
7993,8,"{'mechanical': 7, 'ebike': 1}",3,3,0,1790580861.0
7994,1,"{'mechanical': 1, 'ebike': 0}",0,10,0,1790580875.0
7995,0,"{'mechanical': 0, 'ebike': 0}",1,14,0,1790580885.0
7996,8,"{'mechanical': 3, 'ebike': 5}",14,1,0,1790580934.0
7997,17,"{'mechanical': 2, 'ebike': 15}",3,20,0,1790580861.0
7998,0,"{'mechanical': 0, 'ebike': 0}",1,18,0,1790580936.0
7999,0,"{'mechanical': 0, 'ebike': 0}",0,15,0,1790580962.0
8000,0,"{'mechanical': 0, 'ebike': 0}",4,27,0,1790580878.0
8001,1,"{'mechanical': 1, 'ebike': 0}",0,23,0,1790580887.0
8002,2,"{'mechanical': 2, 'ebike': 0}",0,13,0,1790580841.0
8003,10,"{'mechanical': 9, 'ebike': 1}",1,0,0,1790580862.0
8004,0,"{'mechanical': 0, 'ebike': 0}",1,10,0,1790580940.0
8005,1,"{'mechanical': 0, 'ebike': 1}",2,8,0,1790580848.0
8006,1,"{'mechanical': 1, 'ebike': 0}",0,22,0,1790580917.0
8007,24,"{'mechanical': 4, 'ebike': 20}",3,4,0,1790580876.0
8008,0,"{'mechanical': 0, 'ebike': 0}",0,16,0,1790580907.0
8009,6,"{'mechanical': 0, 'ebike': 6}",8,25,0,1790580860.0
8010,2,"{'mechanical': 2, 'ebike': 0}",2,15,0,1790580909.0
8011,28,"{'mechanical': 1, 'ebike': 27}",2,1,0,1790580855.0
8012,8,"{'mechanical': 8, 'ebike': 0}",2,9,0,1790580857.0
8013,7,"{'mechanical': 7, 'ebike': 0}",0,5,0,1790580893.0
8014,22,"{'mechanical': 22, 'ebike': 0}",1,0,0,1790580932.0
8015,1,"{'mechanical': 1, 'ebike': 0}",0,11,0,1790580960.0
8016,19,"{'mechanical': 18, 'ebike': 1}",0,4,0,1790580870.0
8017,1,"{'mechanical': 1, 'ebike': 0}",5,9,0,1790580940.0
8018,15,"{'mechanical': 15, 'ebike': 0}",0,1,0,1790580897.0
8020,4,"{'mechanical': 4, 'ebike': 0}",3,2,0,1790580866.0
8021,5,"{'mechanical': 5, 'ebike': 0}",0,14,0,1790580953.0
8022,3,"{'mechanical': 3, 'ebike': 0}",0,8,0,1790580939.0
8023,0,"{'mechanical': 0, 'ebike': 0}",2,9,0,1790580879.0
8025,10,"{'mechanical': 10, 'ebike': 0}",1,0,0,1790580960.0
8026,2,"{'mechanical': 1, 'ebike': 1}",1,20,0,1790580949.0
8027,9,"{'mechanical': 9, 'ebike': 0}",0,30,0,1790580858.0
8028,14,"{'mechanical': 14, 'ebike': 0}",0,13,0,1790580964.0
8029,23,"{'mechanical': 23, 'ebike': 0}",0,24,0,1790580964.0
8030,34,"{'mechanical': 34, 'ebike': 0}",0,1,0,1790580889.0
8031,5,"{'mechanical': 5, 'ebike': 0}",0,10,0,1790580858.0
8032,5,"{'mechanical': 5, 'ebike': 0}",0,10,0,1790580857.0
8033,2,"{'mechanical': 2, 'ebike': 0}",0,17,0,1790580873.0
8034,6,"{'mechanical': 5, 'ebike': 1}",0,9,0,1790580899.0
8035,3,"{'mechanical': 3, 'ebike': 0}",0,16,0,1790580844.0
8036,3,"{'mechanical': 3, 'ebike': 0}",0,15,0,1790580873.0
8037,8,"{'mechanical': 6, 'ebike': 2}",2,5,0,1790580956.0
8038,4,"{'mechanical': 4, 'ebike': 0}",2,5,0,1790580943.0
8039,3,"{'mechanical': 3, 'ebike': 0}",3,13,0,1790580940.0
8040,3,"{'mechanical': 3, 'ebike': 0}",3,17,0,1790580942.0
8041,2,"{'mechanical': 2, 'ebike': 0}",2,7,0,1790580922.0
8042,1,"{'mechanical': 1, 'ebike': 0}",1,17,0,1790580934.0
8043,1,"{'mechanical': 1, 'ebike': 0}",1,13,0,1790580931.0
8044,2,"{'mechanical': 2, 'ebike': 0}",0,9,0,1790580933.0
8045,2,"{'mechanical': 0, 'ebike': 2}",0,13,0,1790580845.0
8046,0,"{'mechanical': 0, 'ebike': 0}",0,11,0,1790580964.0
8047,1,"{'mechanical': 1, 'ebike': 0}",0,10,0,1790580880.0
8048,5,"{'mechanical': 4, 'ebike': 1}",0,10,0,1790580906.0
8049,1,"{'mechanical': 1, 'ebike': 0}",0,18,0,1790580879.0
8050,1,"{'mechanical': 0, 'ebike': 1}",1,21,0,1790580913.0
8051,8,"{'mechanical': 5, 'ebike': 3}",1,3,0,1790580845.0
8052,1,"{'mechanical': 1, 'ebike': 0}",0,9,0,1790580935.0
8053,2,"{'mechanical': 2, 'ebike': 0}",0,15,0,1790580908.0
8054,2,"{'mechanical': 2, 'ebike': 0}",2,15,0,1790580949.0
8055,7,"{'mechanical': 7, 'ebike': 0}",1,3,0,1790580942.0
8056,0,"{'mechanical': 0, 'ebike': 0}",0,19,0,1790580877.0
8057,3,"{'mechanical': 3, 'ebike': 0}",0,16,0,1790580875.0
8058,2,"{'mechanical': 2, 'ebike': 0}",1,16,0,1790580869.0
8059,2,"{'mechanical': 2, 'ebike': 0}",0,9,0,1790580890.0
8060,0,"{'mechanical': 0, 'ebike': 0}",0,15,0,1790580855.0
8061,0,"{'mechanical': 0, 'ebike': 0}",3,8,0,1790580950.0
8062,6,"{'mechanical': 6, 'ebike': 0}",0,5,0,1790580927.0
8063,3,"{'mechanical': 3, 'ebike': 0}",0,8,0,1790580921.0
8064,1,"{'mechanical': 1, 'ebike': 0}",0,10,0,1790580921.0
8065,1,"{'mechanical': 1, 'ebike': 0}",2,8,0,1790580878.0
8066,0,"{'mechanical': 0, 'ebike': 0}",0,15,0,1790580848.0
8070,21,"{'mechanical': 21, 'ebike': 0}",1,9,0,1790580852.0
8073,2,"{'mechanical': 2, 'ebike': 0}",0,12,0,1790580886.0
8074,4,"{'mechanical': 4, 'ebike': 0}",0,7,0,1790580907.0
8075,16,"{'mechanical': 16, 'ebike': 0}",2,1,0,1790580940.0
8076,1,"{'mechanical': 1, 'ebike': 0}",0,10,0,1790580923.0
8077,1,"{'mechanical': 1, 'ebike': 0}",1,9,0,1790580958.0
8078,2,"{'mechanical': 2, 'ebike': 0}",2,11,0,1790580884.0
8079,4,"{'mechanical': 4, 'ebike': 0}",2,4,1,1790580902.0
8080,1,"{'mechanical': 1, 'ebike': 0}",2,12,0,1790580842.0
8081,0,"{'mechanical': 0, 'ebike': 0}",1,10,0,1790580877.0
8082,6,"{'mechanical': 6, 'ebike': 0}",0,9,0,1790580938.0
8083,0,"{'mechanical': 0, 'ebike': 0}",0,11,0,1790580897.0
8084,9,"{'mechanical': 9, 'ebike': 0}",2,4,0,1790580951.0
8085,2,"{'mechanical': 0, 'ebike': 2}",1,8,0,1790580894.0
8086,1,"{'mechanical': 1, 'ebike': 0}",2,12,0,1790580924.0
8087,12,"{'mechanical': 12, 'ebike': 0}",2,5,0,1790580873.0
8088,1,"{'mechanical': 1, 'ebike': 0}",0,10,0,1790580922.0
8089,1,"{'mechanical': 1, 'ebike': 0}",0,14,0,1790580963.0
8090,13,"{'mechanical': 11, 'ebike': 2}",0,2,0,1790580913.0
8091,7,"{'mechanical': 6, 'ebike': 1}",0,4,0,1790580933.0
8092,2,"{'mechanical': 2, 'ebike': 0}",0,12,1,1790580877.0
8093,5,"{'mechanical': 5, 'ebike': 0}",0,10,0,1790580914.0
8094,3,"{'mechanical': 2, 'ebike': 1}",0,16,0,1790580852.0
8095,3,"{'mechanical': 3, 'ebike': 0}",0,8,0,1790580854.0
8096,6,"{'mechanical': 5, 'ebike': 1}",0,14,0,1790580869.0
8099,4,"{'mechanical': 4, 'ebike': 0}",1,6,0,1790580920.0
8101,0,"{'mechanical': 0, 'ebike': 0}",1,14,0,1790580963.0
8102,4,"{'mechanical': 4, 'ebike': 0}",0,11,0,1790580936.0
8104,6,"{'mechanical': 6, 'ebike': 0}",0,9,0,1790580866.0
8105,0,"{'mechanical': 0, 'ebike': 0}",4,11,0,1790580963.0
8106,1,"{'mechanical': 0, 'ebike': 1}",0,10,0,1790580964.0
8107,2,"{'mechanical': 2, 'ebike': 0}",1,12,0,1790580959.0
8108,5,"{'mechanical': 5, 'ebike': 0}",0,10,0,1790580945.0
8109,0,"{'mechanical': 0, 'ebike': 0}",0,11,0,1790580920.0
8110,0,"{'mechanical': 0, 'ebike': 0}",2,13,0,1790580933.0
8111,0,"{'mechanical': 0, 'ebike': 0}",0,11,0,1790580936.0
8112,1,"{'mechanical': 1, 'ebike': 0}",0,10,0,1790580853.0
8113,17,"{'mechanical': 17, 'ebike': 0}",0,6,0,1790580916.0
8114,3,"{'mechanical': 2, 'ebike': 1}",4,4,0,1790580925.0
8115,6,"{'mechanical': 6, 'ebike': 0}",0,5,0,1790580883.0
8117,3,"{'mechanical': 2, 'ebike': 1}",0,12,0,1790580901.0
8119,3,"{'mechanical': 3, 'ebike': 0}",0,8,0,1790580914.0
8120,4,"{'mechanical': 4, 'ebike': 0}",0,7,0,1790580906.0
8122,5,"{'mechanical': 5, 'ebike': 0}",0,9,1,1790580910.0
8123,4,"{'mechanical': 4, 'ebike': 0}",0,7,0,1790580851.0
8125,4,"{'mechanical': 4, 'ebike': 0}",1,10,0,1790580902.0
8128,5,"{'mechanical': 5, 'ebike': 0}",1,5,0,1790580964.0
8129,0,"{'mechanical': 0, 'ebike': 0}",0,11,0,1790580947.0
8130,1,"{'mechanical': 0, 'ebike': 1}",0,10,0,1790580937.0
8131,1,"{'mechanical': 1, 'ebike': 0}",0,10,0,1790580898.0
8133,2,"{'mechanical': 2, 'ebike': 0}",0,13,0,1790580844.0
8134,1,"{'mechanical': 1, 'ebike': 0}",0,10,0,1790580953.0
8137,13,"{'mechanical': 13, 'ebike': 0}",3,14,0,1790580844.0
8138,3,"{'mechanical': 1, 'ebike': 2}",0,20,0,1790580840.0
8139,0,"{'mechanical': 0, 'ebike': 0}",0,11,0,1790580921.0
8141,1,"{'mechanical': 1, 'ebike': 0}",0,10,0,1790580884.0
8142,4,"{'mechanical': 4, 'ebike': 0}",0,7,0,1790580849.0
8144,1,"{'mechanical': 0, 'ebike': 1}",0,10,0,1790580881.0
8149,1,"{'mechanical': 1, 'ebike': 0}",0,10,0,1790580881.0
8150,0,"{'mechanical': 0, 'ebike': 0}",2,9,0,1790580881.0
8151,0,"{'mechanical': 0, 'ebike': 0}",0,11,0,1790580888.0
8152,0,"{'mechanical': 0, 'ebike': 0}",4,12,0,1790580961.0
8153,1,"{'mechanical': 1, 'ebike': 0}",1,17,0,1790580931.0
8154,2,"{'mechanical': 2, 'ebike': 0}",0,9,0,1790580961.0
8155,0,"{'mechanical': 0, 'ebike': 0}",1,14,0,1790580917.0
8156,0,"{'mechanical': 0, 'ebike': 0}",0,11,0,1790580883.0
8157,0,"{'mechanical': 0, 'ebike': 0}",0,15,0,1790580885.0
8158,1,"{'mechanical': 1, 'ebike': 0}",0,10,0,1790580905.0
8159,4,"{'mechanical': 4, 'ebike': 0}",0,10,1,1790580884.0
8160,2,"{'mechanical': 2, 'ebike': 0}",0,13,0,1790580852.0
8161,4,"{'mechanical': 4, 'ebike': 0}",1,10,0,1790580905.0
8162,15,"{'mechanical': 14, 'ebike': 1}",2,10,0,1790580956.0
8163,21,"{'mechanical': 19, 'ebike': 2}",1,1,0,1790580919.0
8164,3,"{'mechanical': 3, 'ebike': 0}",0,16,0,1790580926.0
8165,0,"{'mechanical': 0, 'ebike': 0}",2,9,0,1790580950.0
8166,1,"{'mechanical': 1, 'ebike': 0}",1,9,0,1790580893.0
8167,2,"{'mechanical': 1, 'ebike': 1}",1,12,0,1790580852.0
8168,10,"{'mechanical': 10, 'ebike': 0}",1,0,0,1790580862.0
8169,4,"{'mechanical': 4, 'ebike': 0}",0,11,0,1790580878.0
8170,10,"{'mechanical': 10, 'ebike': 0}",1,4,0,1790580849.0
8171,23,"{'mechanical': 23, 'ebike': 0}",0,0,0,1790580904.0
8172,2,"{'mechanical': 2, 'ebike': 0}",0,20,1,1790580879.0
8173,1,"{'mechanical': 0, 'ebike': 1}",1,9,0,1790580958.0
8174,17,"{'mechanical': 17, 'ebike': 0}",1,1,0,1790580919.0
8175,15,"{'mechanical': 15, 'ebike': 0}",3,5,0,1790580867.0
8176,19,"{'mechanical': 0, 'ebike': 19}",0,20,0,1790580964.0
8177,2,"{'mechanical': 0, 'ebike': 2}",0,9,0,1790580865.0
8178,4,"{'mechanical': 4, 'ebike': 0}",0,19,0,1790580851.0
8179,3,"{'mechanical': 1, 'ebike': 2}",0,8,0,1790580889.0
8180,9,"{'mechanical': 8, 'ebike': 1}",2,4,0,1790580913.0
8181,3,"{'mechanical': 3, 'ebike': 0}",2,26,0,1790580874.0
8182,16,"{'mechanical': 16, 'ebike': 0}",2,4,1,1790580919.0
8183,5,"{'mechanical': 3, 'ebike': 2}",1,17,0,1790580884.0
8184,2,"{'mechanical': 2, 'ebike': 0}",2,11,0,1790580884.0
8185,2,"{'mechanical': 1, 'ebike': 1}",0,9,0,1790580886.0
8186,1,"{'mechanical': 1, 'ebike': 0}",0,14,0,1790580964.0
8187,9,"{'mechanical': 0, 'ebike': 9}",2,4,0,1790580962.0
8188,5,"{'mechanical': 4, 'ebike': 1}",7,11,0,1790580951.0
8189,1,"{'mechanical': 1, 'ebike': 0}",2,12,0,1790580859.0
8190,7,"{'mechanical': 7, 'ebike': 0}",2,18,0,1790580898.0
8191,8,"{'mechanical': 8, 'ebike': 0}",2,13,0,1790580945.0
8193,11,"{'mechanical': 2, 'ebike': 9}",7,10,0,1790580891.0
8194,2,"{'mechanical': 0, 'ebike': 2}",5,16,0,1790580851.0
8196,3,"{'mechanical': 2, 'ebike': 1}",0,16,0,1790580957.0
8197,9,"{'mechanical': 9, 'ebike': 0}",13,8,1,1790580911.0
8198,32,"{'mechanical': 0, 'ebike': 32}",7,0,0,1790580908.0
8199,17,"{'mechanical': 2, 'ebike': 15}",4,2,0,1790580922.0
8200,20,"{'mechanical': 19, 'ebike': 1}",2,1,0,1790580848.0
8201,1,"{'mechanical': 1, 'ebike': 0}",2,8,0,1790580946.0
8202,18,"{'mechanical': 3, 'ebike': 15}",0,1,0,1790580879.0
8203,1,"{'mechanical': 1, 'ebike': 0}",0,10,0,1790580963.0
8204,0,"{'mechanical': 0, 'ebike': 0}",0,11,0,1790580897.0
8205,0,"{'mechanical': 0, 'ebike': 0}",1,14,0,1790580942.0
8206,3,"{'mechanical': 3, 'ebike': 0}",1,13,0,1790580930.0
8207,0,"{'mechanical': 0, 'ebike': 0}",0,8,0,1790580898.0
8208,4,"{'mechanical': 1, 'ebike': 3}",0,7,0,1790580906.0
8209,0,"{'mechanical': 0, 'ebike': 0}",2,12,0,1790580851.0
8210,4,"{'mechanical': 4, 'ebike': 0}",2,5,0,1790580958.0
8211,0,"{'mechanical': 0, 'ebike': 0}",0,11,0,1790580853.0
8212,2,"{'mechanical': 1, 'ebike': 1}",2,21,0,1790580884.0
8213,0,"{'mechanical': 0, 'ebike': 0}",2,15,0,1790580893.0
8214,9,"{'mechanical': 7, 'ebike': 2}",2,0,0,1790580910.0
8215,10,"{'mechanical': 10, 'ebike': 0}",4,3,0,1790580915.0
8216,6,"{'mechanical': 1, 'ebike': 5}",0,8,0,1790580853.0
8217,4,"{'mechanical': 1, 'ebike': 3}",2,8,0,1790580857.0
8218,3,"{'mechanical': 2, 'ebike': 1}",2,6,0,1790580946.0
8219,0,"{'mechanical': 0, 'ebike': 0}",0,19,0,1790580886.0
8220,3,"{'mechanical': 3, 'ebike': 0}",0,8,0,1790580839.0
8221,0,"{'mechanical': 0, 'ebike': 0}",0,11,0,1790580860.0
8224,14,"{'mechanical': 14, 'ebike': 0}",2,3,0,1790580881.0
8225,3,"{'mechanical': 3, 'ebike': 0}",0,8,0,1790580960.0
8226,3,"{'mechanical': 3, 'ebike': 0}",0,12,0,1790580888.0
8227,5,"{'mechanical': 5, 'ebike': 0}",0,6,0,1790580846.0
8228,27,"{'mechanical': 27, 'ebike': 0}",0,12,0,1790580936.0
8229,11,"{'mechanical': 11, 'ebike': 0}",0,24,0,1790580877.0
8230,35,"{'mechanical': 35, 'ebike': 0}",2,2,0,1790580847.0
8231,17,"{'mechanical': 17, 'ebike': 0}",1,1,0,1790580964.0
8232,16,"{'mechanical': 16, 'ebike': 0}",3,3,1,1790580877.0
8234,3,"{'mechanical': 3, 'ebike': 0}",1,15,0,1790580902.0
8235,6,"{'mechanical': 3, 'ebike': 3}",0,9,0,1790580901.0
8236,15,"{'mechanical': 15, 'ebike': 0}",0,0,0,1790580951.0
8237,14,"{'mechanical': 14, 'ebike': 0}",0,8,0,1790580845.0
8238,6,"{'mechanical': 2, 'ebike': 4}",0,9,0,1790580856.0
8239,0,"{'mechanical': 0, 'ebike': 0}",1,10,0,1790580941.0
8240,3,"{'mechanical': 0, 'ebike': 3}",1,11,0,1790580853.0
8241,2,"{'mechanical': 1, 'ebike': 1}",0,13,0,1790580913.0
8242,1,"{'mechanical': 1, 'ebike': 0}",0,18,0,1790580897.0
8243,0,"{'mechanical': 0, 'ebike': 0}",0,16,0,1790580854.0
8245,3,"{'mechanical': 2, 'ebike': 1}",6,9,1,1790580866.0
8246,2,"{'mechanical': 0, 'ebike': 2}",3,6,0,1790580957.0
8247,0,"{'mechanical': 0, 'ebike': 0}",1,14,0,1790580915.0
8248,2,"{'mechanical': 0, 'ebike': 2}",0,9,0,1790580874.0
8249,2,"{'mechanical': 2, 'ebike': 0}",1,12,0,1790580861.0
8250,0,"{'mechanical': 0, 'ebike': 0}",0,11,0,1790580945.0
8251,3,"{'mechanical': 3, 'ebike': 0}",1,13,0,1790580891.0
8252,0,"{'mechanical': 0, 'ebike': 0}",0,15,0,1790580950.0
8253,0,"{'mechanical': 0, 'ebike': 0}",1,18,0,1790580936.0
8254,0,"{'mechanical': 0, 'ebike': 0}",3,11,0,1790580931.0
8255,1,"{'mechanical': 1, 'ebike': 0}",0,14,0,1790580871.0
8256,0,"{'mechanical': 0, 'ebike': 0}",1,14,0,1790580949.0
8257,1,"{'mechanical': 0, 'ebike': 1}",0,16,0,1790580959.0
8258,2,"{'mechanical': 0, 'ebike': 2}",0,9,0,1790580924.0
8259,1,"{'mechanical': 0, 'ebike': 1}",0,6,0,1790580867.0
8260,28,"{'mechanical': 28, 'ebike': 0}",4,3,0,1790580872.0
8261,5,"{'mechanical': 4, 'ebike': 1}",1,9,0,1790580942.0
8262,39,"{'mechanical': 38, 'ebike': 1}",0,0,0,1790580933.0
8263,0,"{'mechanical': 0, 'ebike': 0}",0,23,0,1790580958.0
8264,6,"{'mechanical': 6, 'ebike': 0}",4,17,0,1790580954.0
8265,1,"{'mechanical': 1, 'ebike': 0}",1,17,0,1790580932.0
8266,3,"{'mechanical': 3, 'ebike': 0}",0,24,0,1790580942.0
8267,23,"{'mechanical': 23, 'ebike': 0}",0,0,0,1790580909.0
8268,4,"{'mechanical': 4, 'ebike': 0}",1,18,0,1790580891.0
8269,3,"{'mechanical': 1, 'ebike': 2}",1,7,0,1790580927.0
8271,13,"{'mechanical': 10, 'ebike': 3}",1,5,0,1790580948.0
7000,7,"{'mechanical': 0, 'ebike': 7}",2,38,0,1790610797.0
7001,2,"{'mechanical': 1, 'ebike': 1}",8,13,0,1790610753.0
7002,13,"{'mechanical': 5, 'ebike': 8}",4,2,0,1790610843.0
7003,0,"{'mechanical': 0, 'ebike': 0}",4,11,0,1790610787.0
7004,28,"{'mechanical': 24, 'ebike': 4}",6,1,0,1790610769.0
7005,22,"{'mechanical': 21, 'ebike': 1}",0,1,0,1790610844.0
7006,3,"{'mechanical': 1, 'ebike': 2}",0,28,0,1790610754.0
7007,15,"{'mechanical': 15, 'ebike': 0}",0,4,0,1790610831.0
7008,3,"{'mechanical': 1, 'ebike': 2}",7,9,0,1790610755.0
7010,18,"{'mechanical': 18, 'ebike': 0}",0,1,0,1790610853.0
7013,17,"{'mechanical': 16, 'ebike': 1}",0,2,0,1790610760.0
7014,1,"{'mechanical': 1, 'ebike': 0}",2,14,0,1790610827.0
7015,24,"{'mechanical': 13, 'ebike': 11}",1,14,0,1790610801.0
7016,35,"{'mechanical': 35, 'ebike': 0}",0,0,0,1790610848.0
7017,0,"{'mechanical': 0, 'ebike': 0}",0,11,0,1790610744.0
7018,48,"{'mechanical': 45, 'ebike': 3}",1,0,0,1790610775.0
7019,15,"{'mechanical': 8, 'ebike': 7}",0,40,0,1790610798.0
7020,32,"{'mechanical': 29, 'ebike': 3}",0,1,0,1790610791.0
7021,62,"{'mechanical': 50, 'ebike': 12}",1,0,0,1790610821.0
7023,0,"{'mechanical': 0, 'ebike': 0}",0,11,0,1790610835.0
7024,19,"{'mechanical': 19, 'ebike': 0}",3,16,0,1790610836.0
7025,0,"{'mechanical': 0, 'ebike': 0}",0,27,0,1790610771.0
7026,0,"{'mechanical': 0, 'ebike': 0}",3,12,0,1790610749.0
7027,17,"{'mechanical': 16, 'ebike': 1}",1,12,1,1790610760.0
7028,19,"{'mechanical': 19, 'ebike': 0}",0,12,0,1790610783.0
7029,1,"{'mechanical': 0, 'ebike': 1}",0,14,0,1790610795.0
7030,0,"{'mechanical': 0, 'ebike': 0}",3,32,0,1790610819.0
7031,0,"{'mechanical': 0, 'ebike': 0}",2,37,0,1790610787.0
7032,0,"{'mechanical': 0, 'ebike': 0}",4,11,0,1790610805.0
7033,41,"{'mechanical': 39, 'ebike': 2}",2,0,0,1790610835.0
7034,0,"{'mechanical': 0, 'ebike': 0}",4,10,0,1790610774.0
7035,5,"{'mechanical': 4, 'ebike': 1}",1,37,0,1790610777.0
7036,6,"{'mechanical': 6, 'ebike': 0}",1,12,0,1790610811.0
7037,0,"{'mechanical': 0, 'ebike': 0}",3,38,0,1790610862.0
7038,29,"{'mechanical': 26, 'ebike': 3}",1,1,0,1790610775.0
7039,3,"{'mechanical': 2, 'ebike': 1}",0,16,0,1790610785.0
7040,0,"{'mechanical': 0, 'ebike': 0}",2,17,0,1790610859.0
7041,6,"{'mechanical': 2, 'ebike': 4}",0,15,2,1790610831.0
7042,0,"{'mechanical': 0, 'ebike': 0}",1,30,0,1790610775.0
7043,17,"{'mechanical': 13, 'ebike': 4}",0,2,0,1790610797.0
7044,8,"{'mechanical': 0, 'ebike': 8}",1,26,0,1790610828.0
7045,6,"{'mechanical': 6, 'ebike': 0}",0,31,0,1790610764.0
7046,1,"{'mechanical': 1, 'ebike': 0}",2,39,0,1790610807.0
7048,44,"{'mechanical': 43, 'ebike': 1}",2,1,0,1790610431.0
7049,8,"{'mechanical': 8, 'ebike': 0}",3,4,0,1790610776.0
7050,13,"{'mechanical': 9, 'ebike': 4}",2,1,0,1790610833.0
7052,34,"{'mechanical': 21, 'ebike': 13}",0,21,0,1790610807.0
7053,26,"{'mechanical': 26, 'ebike': 0}",1,0,0,1790610831.0
7054,4,"{'mechanical': 3, 'ebike': 1}",1,6,0,1790610832.0
7055,1,"{'mechanical': 0, 'ebike': 1}",0,14,0,1790610815.0
7057,25,"{'mechanical': 24, 'ebike': 1}",1,0,1,1790610787.0
7058,24,"{'mechanical': 9, 'ebike': 15}",2,13,0,1790610840.0
7059,7,"{'mechanical': 5, 'ebike': 2}",0,8,0,1790610822.0
7061,1,"{'mechanical': 1, 'ebike': 0}",2,12,0,1790610846.0
7063,11,"{'mechanical': 3, 'ebike': 8}",2,10,0,1790610840.0
7064,17,"{'mechanical': 16, 'ebike': 1}",0,2,0,1790610765.0
7065,0,"{'mechanical': 0, 'ebike': 0}",1,14,0,1790610738.0
7066,15,"{'mechanical': 11, 'ebike': 4}",0,0,0,1790610812.0
7067,18,"{'mechanical': 16, 'ebike': 2}",2,7,0,1790610762.0
7069,4,"{'mechanical': 3, 'ebike': 1}",2,5,0,1790610853.0
7070,11,"{'mechanical': 8, 'ebike': 3}",0,0,0,1790610779.0
7071,0,"{'mechanical': 0, 'ebike': 0}",1,22,0,1790610823.0
7073,1,"{'mechanical': 0, 'ebike': 1}",1,21,0,1790610815.0
7074,54,"{'mechanical': 53, 'ebike': 1}",0,1,0,1790610771.0
7075,10,"{'mechanical': 10, 'ebike': 0}",6,11,0,1790610773.0
7076,53,"{'mechanical': 53, 'ebike': 0}",1,3,0,1790610862.0
7077,1,"{'mechanical': 1, 'ebike': 0}",1,17,0,1790610817.0
7078,1,"{'mechanical': 1, 'ebike': 0}",2,12,0,1790610821.0
7079,2,"{'mechanical': 2, 'ebike': 0}",4,13,0,1790610800.0
7084,0,"{'mechanical': 0, 'ebike': 0}",3,8,0,1790610753.0
7085,2,"{'mechanical': 0, 'ebike': 2}",1,12,0,1790610762.0
7086,0,"{'mechanical': 0, 'ebike': 0}",1,22,0,1790610845.0
7087,3,"{'mechanical': 2, 'ebike': 1}",0,8,0,1790610861.0
7088,0,"{'mechanical': 0, 'ebike': 0}",1,14,0,1790610778.0
7089,2,"{'mechanical': 2, 'ebike': 0}",4,21,0,1790610850.0
7090,0,"{'mechanical': 0, 'ebike': 0}",0,19,0,1790610823.0
7091,1,"{'mechanical': 0, 'ebike': 1}",1,13,0,1790610846.0
7093,2,"{'mechanical': 1, 'ebike': 1}",0,23,0,1790610762.0
7094,2,"{'mechanical': 0, 'ebike': 2}",0,23,0,1790610858.0
7095,0,"{'mechanical': 0, 'ebike': 0}",0,15,0,1790610753.0
7096,1,"{'mechanical': 1, 'ebike': 0}",1,17,0,1790610764.0
7097,0,"{'mechanical': 0, 'ebike': 0}",0,30,1,1790610784.0
7098,0,"{'mechanical': 0, 'ebike': 0}",0,15,0,1790610791.0
7099,7,"{'mechanical': 7, 'ebike': 0}",0,32,0,1790610786.0
7100,0,"{'mechanical': 0, 'ebike': 0}",0,27,0,1790610829.0
7101,19,"{'mechanical': 19, 'ebike': 0}",1,7,0,1790610747.0
7102,26,"{'mechanical': 25, 'ebike': 1}",1,4,0,1790610764.0
7103,19,"{'mechanical': 19, 'ebike': 0}",0,13,0,1790610843.0
7104,2,"{'mechanical': 2, 'ebike': 0}",0,12,1,1790610832.0
7105,1,"{'mechanical': 1, 'ebike': 0}",3,10,1,1790610772.0
7107,3,"{'mechanical': 3, 'ebike': 0}",1,11,0,1790610842.0
7109,1,"{'mechanical': 0, 'ebike': 1}",0,31,0,1790610852.0
7110,0,"{'mechanical': 0, 'ebike': 0}",2,13,0,1790610804.0
7111,3,"{'mechanical': 3, 'ebike': 0}",2,6,0,1790610851.0
7112,16,"{'mechanical': 16, 'ebike': 0}",2,1,0,1790610816.0
7113,1,"{'mechanical': 0, 'ebike': 1}",1,13,0,1790610860.0
7114,0,"{'mechanical': 0, 'ebike': 0}",0,27,0,1790610740.0
7115,1,"{'mechanical': 0, 'ebike': 1}",0,30,0,1790610855.0
7116,0,"{'mechanical': 0, 'ebike': 0}",1,18,0,1790610738.0
7117,1,"{'mechanical': 0, 'ebike': 1}",1,17,0,1790610824.0
7118,19,"{'mechanical': 19, 'ebike': 0}",0,0,0,1790610737.0
7119,0,"{'mechanical': 0, 'ebike': 0}",2,13,0,1790610751.0
7120,0,"{'mechanical': 0, 'ebike': 0}",2,9,0,1790610844.0
7121,0,"{'mechanical': 0, 'ebike': 0}",0,27,0,1790610799.0
7122,0,"{'mechanical': 0, 'ebike': 0}",0,15,0,1790610757.0
7123,7,"{'mechanical': 6, 'ebike': 1}",2,6,0,1790610807.0
7124,1,"{'mechanical': 1, 'ebike': 0}",0,18,0,1790610749.0
7126,0,"{'mechanical': 0, 'ebike': 0}",5,12,0,1790610846.0
7127,0,"{'mechanical': 0, 'ebike': 0}",3,12,0,1790610758.0
7128,0,"{'mechanical': 0, 'ebike': 0}",2,21,0,1790610784.0
7129,0,"{'mechanical': 0, 'ebike': 0}",2,9,0,1790610784.0
7130,0,"{'mechanical': 0, 'ebike': 0}",1,14,0,1790610761.0
7131,0,"{'mechanical': 0, 'ebike': 0}",1,14,0,1790610773.0
7132,1,"{'mechanical': 1, 'ebike': 0}",1,7,0,1790610852.0
7133,1,"{'mechanical': 1, 'ebike': 0}",3,7,0,1790610742.0
7135,5,"{'mechanical': 4, 'ebike': 1}",1,29,0,1790610786.0
7137,0,"{'mechanical': 0, 'ebike': 0}",3,12,0,1790610793.0
7138,0,"{'mechanical': 0, 'ebike': 0}",1,26,0,1790610812.0
7139,2,"{'mechanical': 1, 'ebike': 1}",0,13,0,1790610792.0
7140,4,"{'mechanical': 3, 'ebike': 1}",0,10,1,1790610795.0
7142,0,"{'mechanical': 0, 'ebike': 0}",0,15,0,1790610751.0
7143,1,"{'mechanical': 0, 'ebike': 1}",0,14,0,1790610794.0
7144,1,"{'mechanical': 1, 'ebike': 0}",3,10,1,1790610853.0
7146,0,"{'mechanical': 0, 'ebike': 0}",1,18,0,1790610770.0
7147,9,"{'mechanical': 9, 'ebike': 0}",0,6,0,1790610803.0
7148,11,"{'mechanical': 11, 'ebike': 0}",2,7,2,1790610764.0
7149,0,"{'mechanical': 0, 'ebike': 0}",1,10,0,1790610789.0
7150,0,"{'mechanical': 0, 'ebike': 0}",0,18,1,1790610835.0
7151,0,"{'mechanical': 0, 'ebike': 0}",1,18,0,1790610785.0
7152,0,"{'mechanical': 0, 'ebike': 0}",3,8,0,1790610849.0
7153,0,"{'mechanical': 0, 'ebike': 0}",0,19,0,1790610784.0
7154,0,"{'mechanical': 0, 'ebike': 0}",2,20,0,1790610847.0
7155,0,"{'mechanical': 0, 'ebike': 0}",2,16,1,1790610783.0
7156,0,"{'mechanical': 0, 'ebike': 0}",1,13,1,1790610785.0
7157,2,"{'mechanical': 1, 'ebike': 1}",0,21,0,1790610808.0
7158,0,"{'mechanical': 0, 'ebike': 0}",3,12,0,1790610805.0
7160,2,"{'mechanical': 2, 'ebike': 0}",2,15,0,1790610753.0
7161,19,"{'mechanical': 14, 'ebike': 5}",3,1,0,1790610860.0
7162,14,"{'mechanical': 14, 'ebike': 0}",2,6,1,1790610857.0
7164,20,"{'mechanical': 20, 'ebike': 0}",0,3,0,1790610859.0
7168,44,"{'mechanical': 43, 'ebike': 1}",3,0,0,1790610852.0
7169,8,"{'mechanical': 5, 'ebike': 3}",1,2,0,1790610822.0
7170,9,"{'mechanical': 4, 'ebike': 5}",1,2,2,1790610841.0
7172,11,"{'mechanical': 10, 'ebike': 1}",0,8,0,1790610791.0
7173,1,"{'mechanical': 1, 'ebike': 0}",0,18,0,1790610747.0
7174,6,"{'mechanical': 6, 'ebike': 0}",1,8,0,1790610784.0
7175,21,"{'mechanical': 20, 'ebike': 1}",2,4,0,1790610792.0
7176,1,"{'mechanical': 0, 'ebike': 1}",0,18,0,1790610792.0
7178,2,"{'mechanical': 2, 'ebike': 0}",3,10,0,1790610754.0
7180,0,"{'mechanical': 0, 'ebike': 0}",2,21,0,1790610742.0
7181,0,"{'mechanical': 0, 'ebike': 0}",1,14,0,1790610814.0
7182,1,"{'mechanical': 1, 'ebike': 0}",1,17,0,1790610820.0
7183,0,"{'mechanical': 0, 'ebike': 0}",1,14,0,1790610794.0
7184,1,"{'mechanical': 1, 'ebike': 0}",1,9,0,1790610772.0
7188,8,"{'mechanical': 5, 'ebike': 3}",1,25,1,1790610769.0
7189,0,"{'mechanical': 0, 'ebike': 0}",3,11,1,1790610828.0
7190,14,"{'mechanical': 8, 'ebike': 6}",1,0,0,1790610832.0
7191,0,"{'mechanical': 0, 'ebike': 0}",0,11,0,1790610851.0
7192,0,"{'mechanical': 0, 'ebike': 0}",1,14,0,1790610763.0
7193,0,"{'mechanical': 0, 'ebike': 0}",0,15,0,1790610861.0
7195,0,"{'mechanical': 0, 'ebike': 0}",3,8,0,1790610756.0
7196,1,"{'mechanical': 0, 'ebike': 1}",1,9,0,1790610827.0
7198,9,"{'mechanical': 8, 'ebike': 1}",0,10,0,1790610848.0
7199,2,"{'mechanical': 2, 'ebike': 0}",0,16,1,1790610788.0
7202,24,"{'mechanical': 20, 'ebike': 4}",1,1,1,1790610781.0
7203,14,"{'mechanical': 14, 'ebike': 0}",0,21,0,1790610757.0
7204,2,"{'mechanical': 2, 'ebike': 0}",0,17,0,1790610863.0
7205,1,"{'mechanical': 0, 'ebike': 1}",1,13,0,1790610739.0
7206,0,"{'mechanical': 0, 'ebike': 0}",2,11,0,1790610797.0
7207,0,"{'mechanical': 0, 'ebike': 0}",1,46,0,1790610846.0
7208,0,"{'mechanical': 0, 'ebike': 0}",0,15,0,1790610830.0
7209,0,"{'mechanical': 0, 'ebike': 0}",1,18,0,1790610769.0
7210,1,"{'mechanical': 1, 'ebike': 0}",0,14,0,1790610764.0
7211,14,"{'mechanical': 14, 'ebike': 0}",1,8,0,1790610846.0
7216,0,"{'mechanical': 0, 'ebike': 0}",3,20,0,1790610788.0
7217,8,"{'mechanical': 8, 'ebike': 0}",3,4,0,1790610828.0
7220,13,"{'mechanical': 13, 'ebike': 0}",2,4,0,1790610795.0
7221,0,"{'mechanical': 0, 'ebike': 0}",0,11,0,1790610819.0
7222,22,"{'mechanical': 22, 'ebike': 0}",1,4,0,1790610751.0
7223,7,"{'mechanical': 7, 'ebike': 0}",2,3,0,1790610826.0
7224,0,"{'mechanical': 0, 'ebike': 0}",2,21,0,1790610828.0
7225,18,"{'mechanical': 18, 'ebike': 0}",0,0,0,1790610859.0
7226,7,"{'mechanical': 7, 'ebike': 0}",1,11,0,1790610829.0
7227,8,"{'mechanical': 7, 'ebike': 1}",3,20,0,1790610836.0
7228,18,"{'mechanical': 18, 'ebike': 0}",1,0,0,1790610756.0
7229,0,"{'mechanical': 0, 'ebike': 0}",4,7,0,1790610816.0
7230,16,"{'mechanical': 16, 'ebike': 0}",1,2,0,1790610772.0
7231,0,"{'mechanical': 0, 'ebike': 0}",1,17,0,1790610840.0
7232,7,"{'mechanical': 7, 'ebike': 0}",1,8,0,1790610850.0
7233,2,"{'mechanical': 2, 'ebike': 0}",1,13,0,1790610806.0
7234,1,"{'mechanical': 0, 'ebike': 1}",1,17,0,1790610819.0
7235,3,"{'mechanical': 2, 'ebike': 1}",0,12,1,1790610766.0
7236,2,"{'mechanical': 2, 'ebike': 0}",0,22,0,1790610781.0
7237,1,"{'mechanical': 0, 'ebike': 1}",0,14,0,1790610793.0
7238,0,"{'mechanical': 0, 'ebike': 0}",1,15,0,1790610846.0
7239,0,"{'mechanical': 0, 'ebike': 0}",1,41,0,1790610798.0
7240,0,"{'mechanical': 0, 'ebike': 0}",1,32,1,1790610863.0
7241,1,"{'mechanical': 1, 'ebike': 0}",3,7,0,1790610799.0
7242,6,"{'mechanical': 4, 'ebike': 2}",3,26,0,1790610800.0
7243,4,"{'mechanical': 4, 'ebike': 0}",6,4,0,1790610772.0
7244,7,"{'mechanical': 7, 'ebike': 0}",3,6,0,1790610754.0
7246,2,"{'mechanical': 1, 'ebike': 1}",0,17,0,1790610842.0
7247,1,"{'mechanical': 1, 'ebike': 0}",1,10,0,1790610800.0
7248,0,"{'mechanical': 0, 'ebike': 0}",0,19,1,1790610848.0
7249,26,"{'mechanical': 2, 'ebike': 24}",24,2,0,1790610837.0
7250,15,"{'mechanical': 9, 'ebike': 6}",1,0,0,1790610852.0
7252,4,"{'mechanical': 3, 'ebike': 1}",2,12,0,1790610839.0
7253,8,"{'mechanical': 8, 'ebike': 0}",1,3,0,1790610801.0
7256,0,"{'mechanical': 0, 'ebike': 0}",1,11,0,1790610852.0
7257,15,"{'mechanical': 13, 'ebike': 2}",2,2,0,1790610768.0
7258,14,"{'mechanical': 14, 'ebike': 0}",0,0,1,1790610844.0
7259,3,"{'mechanical': 2, 'ebike': 1}",1,15,0,1790610820.0
7260,7,"{'mechanical': 5, 'ebike': 2}",3,5,0,1790610822.0
7261,24,"{'mechanical': 22, 'ebike': 2}",1,1,0,1790610783.0
7262,0,"{'mechanical': 0, 'ebike': 0}",3,13,0,1790610810.0
7264,0,"{'mechanical': 0, 'ebike': 0}",2,18,0,1790610750.0
7265,4,"{'mechanical': 3, 'ebike': 1}",0,7,1,1790610809.0
7266,3,"{'mechanical': 3, 'ebike': 0}",0,9,0,1790610806.0
7267,0,"{'mechanical': 0, 'ebike': 0}",1,14,0,1790610766.0
7268,0,"{'mechanical': 0, 'ebike': 0}",1,15,0,1790610777.0
7269,18,"{'mechanical': 18, 'ebike': 0}",0,2,0,1790610795.0
7270,1,"{'mechanical': 1, 'ebike': 0}",1,18,0,1790610850.0
7271,1,"{'mechanical': 1, 'ebike': 0}",1,15,1,1790610753.0
7272,13,"{'mechanical': 0, 'ebike': 13}",3,11,0,1790610824.0
7273,0,"{'mechanical': 0, 'ebike': 0}",2,18,0,1790610822.0
7276,0,"{'mechanical': 0, 'ebike': 0}",0,11,0,1790610758.0
7277,0,"{'mechanical': 0, 'ebike': 0}",2,18,0,1790610782.0
7278,6,"{'mechanical': 6, 'ebike': 0}",0,9,0,1790610855.0
7279,1,"{'mechanical': 0, 'ebike': 1}",3,12,0,1790610851.0
7281,2,"{'mechanical': 0, 'ebike': 2}",0,22,0,1790610781.0
7282,14,"{'mechanical': 11, 'ebike': 3}",0,9,0,1790610801.0
7283,14,"{'mechanical': 13, 'ebike': 1}",1,4,0,1790610756.0
7284,19,"{'mechanical': 19, 'ebike': 0}",2,3,0,1790610820.0
7285,2,"{'mechanical': 2, 'ebike': 0}",2,32,0,1790610790.0
7286,3,"{'mechanical': 3, 'ebike': 0}",0,15,0,1790610773.0
7287,10,"{'mechanical': 10, 'ebike': 0}",1,5,0,1790610788.0
7288,18,"{'mechanical': 18, 'ebike': 0}",1,10,2,1790610819.0
7289,5,"{'mechanical': 5, 'ebike': 0}",1,16,1,1790610746.0
7291,8,"{'mechanical': 7, 'ebike': 1}",0,5,2,1790610738.0
7292,0,"{'mechanical': 0, 'ebike': 0}",2,22,0,1790610798.0
7296,0,"{'mechanical': 0, 'ebike': 0}",3,16,0,1790610800.0
7297,0,"{'mechanical': 0, 'ebike': 0}",0,19,0,1790610784.0
7298,0,"{'mechanical': 0, 'ebike': 0}",1,24,0,1790610824.0
7299,2,"{'mechanical': 1, 'ebike': 1}",2,11,0,1790610854.0
7301,1,"{'mechanical': 1, 'ebike': 0}",1,13,0,1790610794.0
7302,0,"{'mechanical': 0, 'ebike': 0}",1,10,0,1790610745.0
7303,25,"{'mechanical': 25, 'ebike': 0}",0,18,0,1790610788.0
7309,14,"{'mechanical': 13, 'ebike': 1}",1,8,0,1790610851.0
7311,1,"{'mechanical': 0, 'ebike': 1}",0,18,0,1790610747.0
7312,0,"{'mechanical': 0, 'ebike': 0}",0,11,0,1790610800.0
7313,13,"{'mechanical': 13, 'ebike': 0}",0,16,0,1790610781.0
7314,4,"{'mechanical': 3, 'ebike': 1}",0,11,0,1790610853.0
7315,8,"{'mechanical': 8, 'ebike': 0}",1,2,0,1790610791.0
7316,11,"{'mechanical': 11, 'ebike': 0}",0,4,0,1790610807.0
7317,31,"{'mechanical': 31, 'ebike': 0}",0,8,0,1790610769.0
7318,21,"{'mechanical': 21, 'ebike': 0}",1,5,0,1790610762.0
7319,8,"{'mechanical': 8, 'ebike': 0}",0,3,0,1790610760.0
7320,19,"{'mechanical': 19, 'ebike': 0}",0,0,0,1790610821.0
7321,14,"{'mechanical': 14, 'ebike': 0}",1,4,0,1790610773.0
7322,0,"{'mechanical': 0, 'ebike': 0}",1,17,1,1790610791.0
7323,15,"{'mechanical': 15, 'ebike': 0}",2,1,1,1790610789.0
7324,18,"{'mechanical': 17, 'ebike': 1}",0,5,0,1790610787.0
7326,0,"{'mechanical': 0, 'ebike': 0}",0,19,0,1790610765.0
7329,1,"{'mechanical': 1, 'ebike': 0}",2,16,0,1790610794.0
7331,1,"{'mechanical': 1, 'ebike': 0}",0,18,0,1790610864.0
7332,0,"{'mechanical': 0, 'ebike': 0}",0,23,0,1790610748.0
7333,17,"{'mechanical': 17, 'ebike': 0}",0,1,1,1790610786.0
7334,14,"{'mechanical': 13, 'ebike': 1}",1,0,0,1790610740.0
7335,0,"{'mechanical': 0, 'ebike': 0}",4,15,0,1790610835.0
7336,15,"{'mechanical': 14, 'ebike': 1}",1,3,0,1790610776.0
7337,12,"{'mechanical': 12, 'ebike': 0}",0,11,0,1790610780.0
7338,0,"{'mechanical': 0, 'ebike': 0}",0,19,0,1790610839.0
7339,1,"{'mechanical': 0, 'ebike': 1}",1,13,0,1790610787.0
7340,0,"{'mechanical': 0, 'ebike': 0}",0,15,0,1790610769.0
7341,11,"{'mechanical': 11, 'ebike': 0}",0,3,0,1790610773.0
7342,6,"{'mechanical': 6, 'ebike': 0}",0,4,0,1790610803.0
7343,33,"{'mechanical': 33, 'ebike': 0}",1,6,1,1790610794.0
7344,27,"{'mechanical': 27, 'ebike': 0}",1,20,1,1790610823.0
7345,17,"{'mechanical': 17, 'ebike': 0}",0,14,0,1790610758.0
7346,2,"{'mechanical': 0, 'ebike': 2}",0,21,0,1790610780.0
7347,0,"{'mechanical': 0, 'ebike': 0}",0,15,0,1790610823.0
7348,2,"{'mechanical': 1, 'ebike': 1}",0,17,0,1790610748.0
7349,1,"{'mechanical': 1, 'ebike': 0}",0,21,1,1790610768.0
7350,12,"{'mechanical': 11, 'ebike': 1}",0,11,0,1790610818.0
7351,0,"{'mechanical': 0, 'ebike': 0}",0,19,0,1790610853.0
7352,1,"{'mechanical': 0, 'ebike': 1}",0,18,0,1790610752.0
7353,0,"{'mechanical': 0, 'ebike': 0}",0,19,0,1790610809.0
7354,24,"{'mechanical': 24, 'ebike': 0}",0,7,0,1790610832.0
7355,0,"{'mechanical': 0, 'ebike': 0}",1,10,0,1790610752.0
7356,24,"{'mechanical': 24, 'ebike': 0}",1,6,0,1790610782.0
7357,13,"{'mechanical': 12, 'ebike': 1}",1,5,0,1790610826.0
7358,13,"{'mechanical': 9, 'ebike': 4}",3,1,0,1790610807.0
7359,1,"{'mechanical': 0, 'ebike': 1}",2,20,0,1790610763.0
7360,0,"{'mechanical': 0, 'ebike': 0}",2,15,0,1790610803.0
7361,0,"{'mechanical': 0, 'ebike': 0}",3,16,0,1790610827.0
7362,0,"{'mechanical': 0, 'ebike': 0}",2,17,0,1790610841.0
7363,0,"{'mechanical': 0, 'ebike': 0}",3,12,0,1790610770.0
7364,34,"{'mechanical': 34, 'ebike': 0}",0,1,0,1790610829.0
7365,45,"{'mechanical': 45, 'ebike': 0}",1,15,0,1790610819.0
7366,0,"{'mechanical': 0, 'ebike': 0}",5,15,0,1790610804.0
7367,1,"{'mechanical': 1, 'ebike': 0}",2,13,0,1790610800.0
7368,0,"{'mechanical': 0, 'ebike': 0}",0,8,0,1790610778.0
7371,3,"{'mechanical': 1, 'ebike': 2}",0,17,0,1790610738.0
7373,3,"{'mechanical': 2, 'ebike': 1}",1,11,0,1790610770.0
7374,17,"{'mechanical': 17, 'ebike': 0}",1,1,0,1790610857.0
7375,10,"{'mechanical': 10, 'ebike': 0}",1,0,0,1790610845.0
7376,1,"{'mechanical': 0, 'ebike': 1}",4,14,0,1790610792.0
7377,2,"{'mechanical': 0, 'ebike': 2}",5,29,0,1790610827.0
7378,0,"{'mechanical': 0, 'ebike': 0}",0,15,0,1790610836.0
7379,3,"{'mechanical': 0, 'ebike': 3}",1,11,0,1790610778.0
7380,1,"{'mechanical': 0, 'ebike': 1}",3,12,0,1790610783.0
7381,6,"{'mechanical': 5, 'ebike': 1}",5,24,0,1790610778.0
7382,23,"{'mechanical': 21, 'ebike': 2}",2,2,0,1790610838.0
7383,15,"{'mechanical': 15, 'ebike': 0}",0,0,0,1790610846.0
7384,2,"{'mechanical': 1, 'ebike': 1}",1,6,0,1790610855.0
7385,0,"{'mechanical': 0, 'ebike': 0}",19,14,0,1790610787.0
7386,9,"{'mechanical': 9, 'ebike': 0}",2,5,0,1790610755.0
7387,2,"{'mechanical': 2, 'ebike': 0}",0,10,0,1790610760.0
7388,1,"{'mechanical': 1, 'ebike': 0}",0,14,0,1790610749.0
7389,2,"{'mechanical': 2, 'ebike': 0}",5,18,0,1790610779.0
7391,29,"{'mechanical': 26, 'ebike': 3}",2,0,0,1790610768.0
7395,1,"{'mechanical': 1, 'ebike': 0}",0,22,0,1790610827.0
7398,17,"{'mechanical': 17, 'ebike': 0}",1,1,0,1790610830.0
7399,15,"{'mechanical': 15, 'ebike': 0}",0,4,0,1790610766.0
7400,4,"{'mechanical': 3, 'ebike': 1}",0,19,0,1790610740.0
7403,4,"{'mechanical': 3, 'ebike': 1}",1,14,0,1790610862.0
7404,0,"{'mechanical': 0, 'ebike': 0}",3,15,1,1790610840.0
7407,19,"{'mechanical': 17, 'ebike': 2}",0,4,0,1790610846.0
7409,1,"{'mechanical': 1, 'ebike': 0}",0,26,0,1790610857.0
7410,0,"{'mechanical': 0, 'ebike': 0}",0,19,0,1790610828.0
7411,8,"{'mechanical': 8, 'ebike': 0}",0,15,0,1790610846.0
7412,0,"{'mechanical': 0, 'ebike': 0}",0,22,1,1790610827.0
7414,2,"{'mechanical': 1, 'ebike': 1}",0,13,0,1790610790.0
7415,4,"{'mechanical': 2, 'ebike': 2}",1,18,0,1790610769.0
7416,0,"{'mechanical': 0, 'ebike': 0}",0,31,0,1790610862.0
7417,9,"{'mechanical': 8, 'ebike': 1}",2,0,0,1790610817.0
7418,1,"{'mechanical': 1, 'ebike': 0}",1,23,0,1790610756.0
7419,3,"{'mechanical': 0, 'ebike': 3}",4,20,0,1790610821.0
7420,1,"{'mechanical': 1, 'ebike': 0}",3,24,0,1790610796.0
7422,4,"{'mechanical': 4, 'ebike': 0}",3,9,0,1790610787.0
7425,22,"{'mechanical': 22, 'ebike': 0}",0,1,0,1790610830.0
7427,40,"{'mechanical': 40, 'ebike': 0}",0,1,0,1790610800.0
7428,30,"{'mechanical': 30, 'ebike': 0}",1,12,0,1790610738.0
7429,0,"{'mechanical': 0, 'ebike': 0}",0,15,0,1790610832.0
7430,9,"{'mechanical': 9, 'ebike': 0}",1,17,0,1790610801.0
7431,17,"{'mechanical': 16, 'ebike': 1}",0,8,0,1790610739.0
7432,10,"{'mechanical': 10, 'ebike': 0}",1,36,0,1790610839.0
7433,4,"{'mechanical': 4, 'ebike': 0}",0,12,0,1790610783.0
7434,0,"{'mechanical': 0, 'ebike': 0}",2,37,0,1790610857.0
7435,1,"{'mechanical': 0, 'ebike': 1}",0,10,0,1790610762.0
7437,0,"{'mechanical': 0, 'ebike': 0}",1,14,0,1790610784.0
7438,0,"{'mechanical': 0, 'ebike': 0}",1,18,0,1790610842.0
7441,1,"{'mechanical': 1, 'ebike': 0}",2,20,0,1790610772.0
7442,1,"{'mechanical': 0, 'ebike': 1}",1,13,0,1790610859.0
7444,1,"{'mechanical': 1, 'ebike': 0}",0,19,0,1790610862.0
7445,12,"{'mechanical': 12, 'ebike': 0}",0,7,0,1790610739.0
7446,19,"{'mechanical': 19, 'ebike': 0}",1,5,0,1790610778.0
7447,0,"{'mechanical': 0, 'ebike': 0}",0,23,0,1790610844.0
7448,0,"{'mechanical': 0, 'ebike': 0}",0,18,1,1790610764.0
7449,3,"{'mechanical': 3, 'ebike': 0}",0,12,0,1790610752.0
7450,0,"{'mechanical': 0, 'ebike': 0}",0,14,1,1790610843.0
7451,1,"{'mechanical': 1, 'ebike': 0}",3,25,2,1790610775.0
7452,11,"{'mechanical': 1, 'ebike': 10}",3,8,1,1790610861.0
7453,0,"{'mechanical': 0, 'ebike': 0}",1,15,1,1790610750.0
7454,0,"{'mechanical': 0, 'ebike': 0}",5,10,0,1790610784.0
7455,2,"{'mechanical': 2, 'ebike': 0}",1,24,0,1790610778.0
7457,18,"{'mechanical': 13, 'ebike': 5}",3,2,0,1790610784.0
7458,12,"{'mechanical': 11, 'ebike': 1}",2,3,0,1790610791.0
7459,0,"{'mechanical': 0, 'ebike': 0}",0,11,0,1790610739.0
7460,0,"{'mechanical': 0, 'ebike': 0}",1,24,2,1790610741.0
7461,0,"{'mechanical': 0, 'ebike': 0}",2,21,0,1790610779.0
7462,14,"{'mechanical': 13, 'ebike': 1}",2,1,0,1790610761.0
7465,1,"{'mechanical': 0, 'ebike': 1}",3,15,0,1790610835.0
7466,1,"{'mechanical': 1, 'ebike': 0}",1,17,0,1790610756.0
7467,11,"{'mechanical': 10, 'ebike': 1}",1,3,0,1790610829.0
7468,22,"{'mechanical': 18, 'ebike': 4}",3,2,0,1790610758.0
7469,19,"{'mechanical': 17, 'ebike': 2}",1,3,0,1790610797.0
7471,7,"{'mechanical': 7, 'ebike': 0}",0,8,0,1790610776.0
7473,0,"{'mechanical': 0, 'ebike': 0}",1,14,0,1790610858.0
7474,9,"{'mechanical': 9, 'ebike': 0}",1,13,0,1790610778.0
7475,8,"{'mechanical': 7, 'ebike': 1}",4,7,0,1790610751.0
7476,1,"{'mechanical': 1, 'ebike': 0}",0,14,0,1790610762.0
7477,0,"{'mechanical': 0, 'ebike': 0}",1,19,0,1790610751.0
7478,17,"{'mechanical': 17, 'ebike': 0}",2,0,0,1790610756.0
7480,7,"{'mechanical': 6, 'ebike': 1}",1,7,0,1790610804.0
7483,2,"{'mechanical': 1, 'ebike': 1}",1,9,0,1790610856.0
7484,9,"{'mechanical': 2, 'ebike': 7}",3,4,0,1790610757.0
7485,0,"{'mechanical': 0, 'ebike': 0}",0,15,0,1790610821.0
7486,0,"{'mechanical': 0, 'ebike': 0}",0,22,0,1790610744.0
7487,6,"{'mechanical': 6, 'ebike': 0}",0,9,0,1790610824.0
7488,0,"{'mechanical': 0, 'ebike': 0}",2,9,0,1790610789.0
7489,0,"{'mechanical': 0, 'ebike': 0}",0,19,0,1790610832.0
7492,6,"{'mechanical': 6, 'ebike': 0}",2,7,0,1790610780.0
7493,3,"{'mechanical': 3, 'ebike': 0}",0,9,0,1790610763.0
7494,1,"{'mechanical': 1, 'ebike': 0}",4,7,0,1790610803.0
7496,16,"{'mechanical': 15, 'ebike': 1}",1,3,0,1790610741.0
7497,5,"{'mechanical': 3, 'ebike': 2}",0,15,0,1790610807.0
7501,1,"{'mechanical': 0, 'ebike': 1}",0,19,0,1790610789.0
7502,5,"{'mechanical': 4, 'ebike': 1}",1,14,0,1790610851.0
7503,0,"{'mechanical': 0, 'ebike': 0}",0,20,0,1790610834.0
7504,0,"{'mechanical': 0, 'ebike': 0}",0,16,0,1790610765.0
7505,1,"{'mechanical': 1, 'ebike': 0}",2,17,0,1790610745.0
7506,1,"{'mechanical': 1, 'ebike': 0}",0,11,0,1790610738.0
7508,0,"{'mechanical': 0, 'ebike': 0}",2,18,0,1790610851.0
7514,41,"{'mechanical': 41, 'ebike': 0}",3,19,0,1790610754.0
7515,22,"{'mechanical': 17, 'ebike': 5}",2,3,0,1790610829.0
7516,7,"{'mechanical': 7, 'ebike': 0}",2,8,0,1790610832.0
7517,23,"{'mechanical': 22, 'ebike': 1}",0,0,0,1790610778.0
7518,8,"{'mechanical': 8, 'ebike': 0}",0,19,0,1790610767.0
7520,0,"{'mechanical': 0, 'ebike': 0}",1,14,0,1790610847.0
7521,0,"{'mechanical': 0, 'ebike': 0}",0,23,0,1790610787.0
7522,1,"{'mechanical': 1, 'ebike': 0}",0,16,0,1790610776.0
7523,1,"{'mechanical': 1, 'ebike': 0}",0,14,0,1790610835.0
7524,0,"{'mechanical': 0, 'ebike': 0}",2,33,0,1790610776.0
7526,0,"{'mechanical': 0, 'ebike': 0}",2,21,0,1790610745.0
7527,6,"{'mechanical': 6, 'ebike': 0}",0,13,0,1790610850.0
7528,0,"{'mechanical': 0, 'ebike': 0}",3,14,0,1790610757.0
7529,3,"{'mechanical': 0, 'ebike': 3}",0,12,0,1790610772.0
7530,1,"{'mechanical': 1, 'ebike': 0}",2,19,0,1790610841.0
7531,0,"{'mechanical': 0, 'ebike': 0}",2,18,0,1790610760.0
7533,2,"{'mechanical': 1, 'ebike': 1}",0,25,0,1790610810.0
7534,1,"{'mechanical': 1, 'ebike': 0}",1,12,1,1790610792.0
7536,0,"{'mechanical': 0, 'ebike': 0}",2,21,0,1790610857.0
7537,0,"{'mechanical': 0, 'ebike': 0}",3,13,0,1790610761.0
7538,0,"{'mechanical': 0, 'ebike': 0}",1,18,0,1790610827.0
7539,0,"{'mechanical': 0, 'ebike': 0}",1,18,0,1790610848.0
7540,8,"{'mechanical': 1, 'ebike': 7}",0,10,1,1790610860.0
7541,0,"{'mechanical': 0, 'ebike': 0}",0,20,0,1790610811.0
7542,22,"{'mechanical': 20, 'ebike': 2}",0,1,0,1790610738.0
7543,2,"{'mechanical': 1, 'ebike': 1}",0,13,0,1790610796.0
7545,0,"{'mechanical': 0, 'ebike': 0}",0,15,0,1790610778.0
7546,5,"{'mechanical': 5, 'ebike': 0}",2,11,0,1790610788.0
7547,12,"{'mechanical': 11, 'ebike': 1}",2,1,0,1790610802.0
7548,0,"{'mechanical': 0, 'ebike': 0}",7,13,0,1790610807.0
7549,11,"{'mechanical': 1, 'ebike': 10}",2,34,0,1790610776.0
7551,7,"{'mechanical': 7, 'ebike': 0}",1,7,0,1790610804.0
7552,4,"{'mechanical': 4, 'ebike': 0}",0,13,2,1790610779.0
7553,1,"{'mechanical': 0, 'ebike': 1}",0,18,0,1790610808.0
7554,13,"{'mechanical': 13, 'ebike': 0}",0,14,0,1790610853.0
7555,4,"{'mechanical': 3, 'ebike': 1}",0,16,0,1790610847.0
7556,20,"{'mechanical': 17, 'ebike': 3}",4,7,0,1790610847.0
7557,21,"{'mechanical': 20, 'ebike': 1}",0,2,0,1790610753.0
7558,16,"{'mechanical': 16, 'ebike': 0}",2,1,0,1790610764.0
7559,9,"{'mechanical': 7, 'ebike': 2}",0,6,0,1790610757.0
7561,0,"{'mechanical': 0, 'ebike': 0}",1,14,0,1790610851.0
7562,0,"{'mechanical': 0, 'ebike': 0}",1,22,0,1790610749.0
7563,8,"{'mechanical': 8, 'ebike': 0}",0,11,0,1790610862.0
7564,1,"{'mechanical': 1, 'ebike': 0}",1,21,0,1790610838.0
7565,1,"{'mechanical': 1, 'ebike': 0}",1,21,0,1790610835.0
7566,0,"{'mechanical': 0, 'ebike': 0}",1,18,0,1790610834.0
7567,6,"{'mechanical': 6, 'ebike': 0}",0,21,0,1790610812.0
7568,2,"{'mechanical': 1, 'ebike': 1}",2,22,1,1790610844.0
7569,66,"{'mechanical': 64, 'ebike': 2}",2,18,1,1790610844.0
7570,9,"{'mechanical': 9, 'ebike': 0}",7,1,0,1790610739.0
7571,14,"{'mechanical': 14, 'ebike': 0}",0,5,0,1790610821.0
7572,0,"{'mechanical': 0, 'ebike': 0}",1,14,0,1790610826.0
7575,0,"{'mechanical': 0, 'ebike': 0}",0,15,0,1790610858.0
7576,5,"{'mechanical': 5, 'ebike': 0}",0,18,0,1790610748.0
7577,0,"{'mechanical': 0, 'ebike': 0}",1,26,0,1790610861.0
7578,1,"{'mechanical': 1, 'ebike': 0}",1,13,0,1790610833.0
7579,5,"{'mechanical': 2, 'ebike': 3}",2,12,0,1790610862.0
7580,1,"{'mechanical': 0, 'ebike': 1}",0,14,0,1790610786.0
7581,0,"{'mechanical': 0, 'ebike': 0}",0,15,0,1790610844.0
7582,0,"{'mechanical': 0, 'ebike': 0}",0,16,0,1790610862.0
7583,3,"{'mechanical': 0, 'ebike': 3}",1,19,0,1790610746.0
7584,2,"{'mechanical': 2, 'ebike': 0}",0,25,0,1790610813.0
7587,4,"{'mechanical': 4, 'ebike': 0}",0,14,1,1790610788.0
7588,3,"{'mechanical': 3, 'ebike': 0}",2,14,0,1790610788.0
7589,7,"{'mechanical': 5, 'ebike': 2}",3,5,0,1790610837.0
7590,2,"{'mechanical': 2, 'ebike': 0}",0,21,0,1790610830.0
7591,0,"{'mechanical': 0, 'ebike': 0}",4,19,0,1790610757.0
7593,3,"{'mechanical': 3, 'ebike': 0}",1,23,0,1790610815.0
7594,11,"{'mechanical': 3, 'ebike': 8}",4,0,0,1790610773.0
7595,5,"{'mechanical': 2, 'ebike': 3}",1,9,0,1790610829.0
7596,0,"{'mechanical': 0, 'ebike': 0}",0,32,0,1790610740.0
7597,0,"{'mechanical': 0, 'ebike': 0}",0,15,0,1790610771.0
7598,0,"{'mechanical': 0, 'ebike': 0}",0,14,1,1790610781.0
7599,13,"{'mechanical': 11, 'ebike': 2}",1,2,0,1790610778.0
7600,19,"{'mechanical': 9, 'ebike': 10}",1,0,0,1790610809.0
7601,1,"{'mechanical': 1, 'ebike': 0}",4,18,2,1790610763.0
7602,0,"{'mechanical': 0, 'ebike': 0}",1,18,0,1790610785.0
7603,7,"{'mechanical': 6, 'ebike': 1}",2,5,0,1790610751.0
7604,1,"{'mechanical': 1, 'ebike': 0}",0,18,0,1790610817.0
7605,2,"{'mechanical': 1, 'ebike': 1}",1,17,0,1790610789.0
7606,2,"{'mechanical': 2, 'ebike': 0}",2,15,0,1790610779.0
7607,10,"{'mechanical': 9, 'ebike': 1}",0,8,1,1790610766.0
7608,0,"{'mechanical': 0, 'ebike': 0}",0,27,0,1790610845.0
7609,0,"{'mechanical': 0, 'ebike': 0}",0,27,0,1790610794.0
7610,0,"{'mechanical': 0, 'ebike': 0}",1,14,0,1790610827.0
7611,1,"{'mechanical': 1, 'ebike': 0}",1,17,0,1790610778.0
7612,2,"{'mechanical': 1, 'ebike': 1}",0,17,0,1790610787.0
7613,0,"{'mechanical': 0, 'ebike': 0}",0,17,2,1790610797.0
7614,2,"{'mechanical': 2, 'ebike': 0}",1,20,0,1790610766.0
7615,10,"{'mechanical': 10, 'ebike': 0}",1,8,0,1790610770.0
7616,0,"{'mechanical': 0, 'ebike': 0}",1,18,0,1790610852.0
7617,1,"{'mechanical': 1, 'ebike': 0}",0,17,1,1790610738.0
7618,1,"{'mechanical': 0, 'ebike': 1}",0,10,0,1790610828.0
7619,1,"{'mechanical': 1, 'ebike': 0}",1,13,0,1790610845.0
7620,1,"{'mechanical': 1, 'ebike': 0}",1,29,0,1790610755.0
7622,18,"{'mechanical': 17, 'ebike': 1}",0,5,0,1790610759.0
7623,3,"{'mechanical': 3, 'ebike': 0}",1,15,0,1790610750.0
7624,1,"{'mechanical': 1, 'ebike': 0}",0,10,0,1790610815.0
7625,2,"{'mechanical': 2, 'ebike': 0}",1,20,0,1790610822.0
7626,1,"{'mechanical': 1, 'ebike': 0}",2,22,0,1790610849.0
7627,1,"{'mechanical': 0, 'ebike': 1}",0,14,0,1790610789.0
7629,4,"{'mechanical': 4, 'ebike': 0}",0,11,0,1790610789.0
7630,8,"{'mechanical': 6, 'ebike': 2}",1,14,0,1790610807.0
7631,14,"{'mechanical': 14, 'ebike': 0}",0,1,0,1790610765.0
7632,0,"{'mechanical': 0, 'ebike': 0}",3,14,0,1790610862.0
7633,6,"{'mechanical': 6, 'ebike': 0}",0,9,0,1790610740.0
7635,0,"{'mechanical': 0, 'ebike': 0}",3,12,0,1790610835.0
7636,9,"{'mechanical': 8, 'ebike': 1}",0,14,0,1790610794.0
7637,4,"{'mechanical': 4, 'ebike': 0}",2,13,0,1790610752.0
7639,1,"{'mechanical': 1, 'ebike': 0}",3,12,0,1790610752.0
7640,1,"{'mechanical': 1, 'ebike': 0}",2,10,2,1790610821.0
7641,0,"{'mechanical': 0, 'ebike': 0}",1,14,0,1790610800.0
7642,11,"{'mechanical': 0, 'ebike': 11}",4,4,0,1790610756.0
7643,1,"{'mechanical': 1, 'ebike': 0}",1,17,0,1790610862.0
7644,1,"{'mechanical': 0, 'ebike': 1}",0,14,0,1790610838.0
7645,2,"{'mechanical': 1, 'ebike': 1}",0,14,0,1790610804.0
7646,15,"{'mechanical': 14, 'ebike': 1}",0,0,0,1790610773.0
7650,0,"{'mechanical': 0, 'ebike': 0}",4,18,1,1790610788.0
7653,4,"{'mechanical': 4, 'ebike': 0}",3,8,0,1790610840.0
7654,0,"{'mechanical': 0, 'ebike': 0}",0,7,0,1790610797.0
7655,1,"{'mechanical': 1, 'ebike': 0}",0,14,0,1790610802.0
7656,0,"{'mechanical': 0, 'ebike': 0}",2,9,0,1790610792.0
7657,18,"{'mechanical': 18, 'ebike': 0}",1,1,0,1790610844.0
7658,23,"{'mechanical': 22, 'ebike': 1}",0,4,0,1790610815.0
7659,0,"{'mechanical': 0, 'ebike': 0}",0,19,0,1790610755.0
7660,5,"{'mechanical': 5, 'ebike': 0}",0,34,0,1790610814.0
7662,10,"{'mechanical': 10, 'ebike': 0}",1,8,0,1790610832.0
7663,1,"{'mechanical': 0, 'ebike': 1}",3,13,0,1790610750.0
7664,6,"{'mechanical': 3, 'ebike': 3}",2,7,0,1790610856.0
7665,11,"{'mechanical': 5, 'ebike': 6}",0,0,0,1790610746.0
7666,0,"{'mechanical': 0, 'ebike': 0}",1,23,2,1790610838.0
7667,0,"{'mechanical': 0, 'ebike': 0}",4,10,1,1790610836.0
7668,14,"{'mechanical': 10, 'ebike': 4}",4,2,0,1790610862.0
7671,1,"{'mechanical': 0, 'ebike': 1}",1,10,0,1790610837.0
7675,6,"{'mechanical': 4, 'ebike': 2}",1,7,1,1790610743.0
7676,4,"{'mechanical': 2, 'ebike': 2}",0,12,0,1790610835.0
7677,1,"{'mechanical': 0, 'ebike': 1}",1,13,0,1790610805.0
7678,5,"{'mechanical': 5, 'ebike': 0}",1,10,0,1790610856.0
7679,6,"{'mechanical': 6, 'ebike': 0}",0,9,0,1790610807.0
7681,13,"{'mechanical': 8, 'ebike': 5}",0,11,0,1790610837.0
7682,4,"{'mechanical': 4, 'ebike': 0}",0,31,0,1790610844.0
7684,22,"{'mechanical': 21, 'ebike': 1}",1,0,0,1790610793.0
7685,19,"{'mechanical': 19, 'ebike': 0}",2,2,0,1790610734.0
7686,14,"{'mechanical': 13, 'ebike': 1}",0,1,0,1790610771.0
7687,0,"{'mechanical': 0, 'ebike': 0}",0,12,0,1790610804.0
7688,0,"{'mechanical': 0, 'ebike': 0}",3,12,0,1790610861.0
7691,0,"{'mechanical': 0, 'ebike': 0}",2,15,2,1790610793.0
7692,18,"{'mechanical': 17, 'ebike': 1}",1,7,0,1790610768.0
7693,0,"{'mechanical': 0, 'ebike': 0}",0,23,0,1790610807.0
7694,0,"{'mechanical': 0, 'ebike': 0}",2,17,0,1790610836.0
7695,15,"{'mechanical': 14, 'ebike': 1}",0,4,0,1790610771.0
7696,11,"{'mechanical': 11, 'ebike': 0}",0,8,0,1790610845.0
7698,2,"{'mechanical': 2, 'ebike': 0}",1,11,0,1790610772.0
7699,0,"{'mechanical': 0, 'ebike': 0}",2,13,0,1790610760.0
7700,0,"{'mechanical': 0, 'ebike': 0}",2,13,0,1790610772.0
7701,7,"{'mechanical': 7, 'ebike': 0}",2,10,0,1790610853.0
7702,6,"{'mechanical': 6, 'ebike': 0}",1,11,0,1790610848.0
7704,1,"{'mechanical': 1, 'ebike': 0}",0,18,0,1790610773.0
7705,15,"{'mechanical': 15, 'ebike': 0}",1,3,0,1790610813.0
7706,0,"{'mechanical': 0, 'ebike': 0}",0,27,0,1790610797.0
7707,8,"{'mechanical': 8, 'ebike': 0}",1,10,0,1790610758.0
7708,0,"{'mechanical': 0, 'ebike': 0}",6,22,0,1790610844.0
7709,0,"{'mechanical': 0, 'ebike': 0}",1,22,0,1790610759.0
7710,0,"{'mechanical': 0, 'ebike': 0}",5,13,0,1790610768.0
7711,0,"{'mechanical': 0, 'ebike': 0}",0,15,0,1790610830.0
7712,15,"{'mechanical': 14, 'ebike': 1}",1,7,0,1790610231.0
7713,17,"{'mechanical': 17, 'ebike': 0}",2,0,0,1790610747.0
7715,0,"{'mechanical': 0, 'ebike': 0}",0,11,0,1790610750.0
7716,16,"{'mechanical': 15, 'ebike': 1}",0,3,0,1790610772.0
7717,1,"{'mechanical': 1, 'ebike': 0}",0,10,0,1790610851.0
7718,1,"{'mechanical': 1, 'ebike': 0}",1,8,1,1790610862.0
7720,6,"{'mechanical': 6, 'ebike': 0}",2,23,0,1790610790.0
7721,3,"{'mechanical': 2, 'ebike': 1}",0,8,0,1790610834.0
7725,1,"{'mechanical': 0, 'ebike': 1}",1,13,0,1790610798.0
7728,5,"{'mechanical': 5, 'ebike': 0}",0,14,0,1790610817.0
7729,36,"{'mechanical': 6, 'ebike': 30}",4,5,0,1790610838.0
7730,17,"{'mechanical': 0, 'ebike': 17}",7,19,0,1790610836.0
7731,0,"{'mechanical': 0, 'ebike': 0}",1,14,0,1790610804.0
7732,6,"{'mechanical': 5, 'ebike': 1}",0,9,0,1790610738.0
7733,5,"{'mechanical': 5, 'ebike': 0}",0,10,0,1790610797.0
7734,1,"{'mechanical': 1, 'ebike': 0}",0,14,0,1790610856.0
7735,2,"{'mechanical': 2, 'ebike': 0}",0,13,0,1790610771.0
7736,2,"{'mechanical': 1, 'ebike': 1}",0,13,0,1790610819.0
7737,3,"{'mechanical': 3, 'ebike': 0}",0,12,0,1790610833.0
7738,0,"{'mechanical': 0, 'ebike': 0}",1,14,0,1790610832.0
7739,1,"{'mechanical': 1, 'ebike': 0}",1,13,0,1790610780.0
7740,4,"{'mechanical': 3, 'ebike': 1}",0,11,0,1790610758.0
7741,0,"{'mechanical': 0, 'ebike': 0}",1,14,0,1790610759.0
7742,5,"{'mechanical': 0, 'ebike': 5}",0,14,0,1790610761.0
7743,8,"{'mechanical': 2, 'ebike': 6}",0,11,0,1790610826.0
7744,0,"{'mechanical': 0, 'ebike': 0}",0,23,0,1790610797.0
7745,9,"{'mechanical': 9, 'ebike': 0}",0,6,0,1790610859.0
7746,1,"{'mechanical': 0, 'ebike': 1}",1,16,1,1790610779.0
7747,1,"{'mechanical': 1, 'ebike': 0}",1,13,0,1790610836.0
7748,6,"{'mechanical': 5, 'ebike': 1}",1,12,0,1790610751.0
7749,1,"{'mechanical': 1, 'ebike': 0}",0,14,0,1790610750.0
7750,0,"{'mechanical': 0, 'ebike': 0}",0,15,0,1790610784.0
7751,1,"{'mechanical': 0, 'ebike': 1}",1,13,0,1790610782.0
7752,15,"{'mechanical': 15, 'ebike': 0}",0,8,0,1790610823.0
7753,9,"{'mechanical': 9, 'ebike': 0}",3,3,0,1790610790.0
7754,0,"{'mechanical': 0, 'ebike': 0}",2,12,0,1790610818.0
7755,5,"{'mechanical': 5, 'ebike': 0}",0,10,0,1790610819.0
7756,5,"{'mechanical': 5, 'ebike': 0}",0,14,0,1790610819.0
7757,8,"{'mechanical': 6, 'ebike': 2}",3,7,0,1790610799.0
7758,6,"{'mechanical': 6, 'ebike': 0}",0,13,0,1790610775.0
7759,13,"{'mechanical': 13, 'ebike': 0}",0,2,0,1790610742.0
7760,1,"{'mechanical': 0, 'ebike': 1}",4,18,0,1790610795.0
7761,1,"{'mechanical': 1, 'ebike': 0}",1,13,0,1790610839.0
7762,12,"{'mechanical': 10, 'ebike': 2}",2,0,0,1790610819.0
7765,5,"{'mechanical': 4, 'ebike': 1}",1,9,0,1790610757.0
7766,0,"{'mechanical': 0, 'ebike': 0}",1,14,0,1790610862.0
7767,6,"{'mechanical': 6, 'ebike': 0}",0,5,0,1790610770.0
7768,5,"{'mechanical': 3, 'ebike': 2}",1,8,0,1790610791.0
7769,3,"{'mechanical': 2, 'ebike': 1}",1,11,0,1790610862.0
7770,21,"{'mechanical': 18, 'ebike': 3}",1,1,0,1790610795.0
7771,0,"{'mechanical': 0, 'ebike': 0}",1,10,0,1790610825.0
7772,15,"{'mechanical': 14, 'ebike': 1}",0,0,0,1790610860.0
7773,0,"{'mechanical': 0, 'ebike': 0}",0,13,1,1790610768.0
7774,0,"{'mechanical': 0, 'ebike': 0}",0,15,0,1790610755.0
7775,3,"{'mechanical': 2, 'ebike': 1}",0,8,0,1790610860.0
7776,0,"{'mechanical': 0, 'ebike': 0}",0,19,0,1790610795.0
7777,5,"{'mechanical': 5, 'ebike': 0}",0,10,0,1790610771.0
7778,2,"{'mechanical': 2, 'ebike': 0}",0,9,0,1790610800.0
7779,0,"{'mechanical': 0, 'ebike': 0}",2,13,0,1790610825.0
7780,0,"{'mechanical': 0, 'ebike': 0}",1,15,0,1790610755.0
7781,2,"{'mechanical': 0, 'ebike': 2}",3,10,0,1790610827.0
7782,3,"{'mechanical': 3, 'ebike': 0}",0,17,0,1790610773.0
7783,0,"{'mechanical': 0, 'ebike': 0}",0,20,0,1790610810.0
7784,9,"{'mechanical': 8, 'ebike': 1}",0,10,0,1790610860.0
7785,5,"{'mechanical': 5, 'ebike': 0}",1,10,0,1790610794.0
7787,28,"{'mechanical': 27, 'ebike': 1}",3,0,0,1790610833.0
7788,46,"{'mechanical': 46, 'ebike': 0}",0,3,0,1790610747.0
7789,1,"{'mechanical': 0, 'ebike': 1}",3,19,0,1790610766.0
7790,1,"{'mechanical': 0, 'ebike': 1}",2,14,0,1790610777.0
7791,14,"{'mechanical': 13, 'ebike': 1}",1,0,0,1790610776.0
7792,0,"{'mechanical': 0, 'ebike': 0}",0,15,0,1790610836.0
7796,1,"{'mechanical': 1, 'ebike': 0}",0,18,0,1790610812.0
7798,0,"{'mechanical': 0, 'ebike': 0}",0,15,0,1790610836.0
7799,0,"{'mechanical': 0, 'ebike': 0}",0,15,0,1790610817.0
7800,2,"{'mechanical': 2, 'ebike': 0}",1,16,0,1790610795.0
7801,2,"{'mechanical': 2, 'ebike': 0}",0,13,0,1790610793.0
7802,11,"{'mechanical': 11, 'ebike': 0}",0,1,0,1790610796.0
7803,1,"{'mechanical': 0, 'ebike': 1}",1,17,0,1790610760.0
7804,3,"{'mechanical': 3, 'ebike': 0}",1,9,0,1790610832.0
7805,6,"{'mechanical': 2, 'ebike': 4}",0,13,0,1790610819.0
7806,1,"{'mechanical': 0, 'ebike': 1}",1,13,0,1790610799.0
7807,0,"{'mechanical': 0, 'ebike': 0}",0,15,0,1790610746.0
7808,1,"{'mechanical': 1, 'ebike': 0}",0,14,0,1790610852.0
7809,2,"{'mechanical': 0, 'ebike': 2}",1,16,0,1790610827.0
7810,2,"{'mechanical': 0, 'ebike': 2}",1,12,0,1790610795.0
7811,14,"{'mechanical': 14, 'ebike': 0}",4,1,0,1790610796.0
7812,7,"{'mechanical': 7, 'ebike': 0}",0,12,0,1790610798.0
7813,0,"{'mechanical': 0, 'ebike': 0}",1,22,0,1790610862.0
7814,4,"{'mechanical': 4, 'ebike': 0}",0,11,0,1790610773.0
7815,2,"{'mechanical': 0, 'ebike': 2}",0,12,1,1790610800.0
7816,54,"{'mechanical': 50, 'ebike': 4}",1,0,0,1790610839.0
7817,0,"{'mechanical': 0, 'ebike': 0}",1,14,0,1790610821.0
7818,1,"{'mechanical': 0, 'ebike': 1}",0,18,0,1790610805.0
7819,0,"{'mechanical': 0, 'ebike': 0}",2,13,0,1790610841.0
7820,0,"{'mechanical': 0, 'ebike': 0}",0,15,0,1790610794.0
7821,0,"{'mechanical': 0, 'ebike': 0}",4,16,0,1790610810.0
7822,17,"{'mechanical': 16, 'ebike': 1}",0,2,0,1790610793.0
7823,3,"{'mechanical': 1, 'ebike': 2}",4,3,1,1790610822.0
7824,0,"{'mechanical': 0, 'ebike': 0}",1,18,0,1790610840.0
7825,2,"{'mechanical': 2, 'ebike': 0}",0,12,0,1790610844.0
7826,2,"{'mechanical': 1, 'ebike': 1}",0,13,0,1790610861.0
7827,2,"{'mechanical': 1, 'ebike': 1}",0,13,0,1790610827.0
7828,2,"{'mechanical': 2, 'ebike': 0}",0,9,0,1790610803.0
7830,2,"{'mechanical': 2, 'ebike': 0}",0,13,0,1790610858.0
7831,10,"{'mechanical': 10, 'ebike': 0}",0,9,0,1790610832.0
7832,5,"{'mechanical': 5, 'ebike': 0}",3,11,0,1790610826.0
7833,0,"{'mechanical': 0, 'ebike': 0}",0,15,0,1790610771.0
7834,0,"{'mechanical': 0, 'ebike': 0}",0,15,0,1790610849.0
7835,4,"{'mechanical': 2, 'ebike': 2}",1,14,0,1790610765.0
7836,1,"{'mechanical': 0, 'ebike': 1}",0,18,0,1790610774.0
7837,1,"{'mechanical': 1, 'ebike': 0}",0,18,0,1790610857.0
7838,14,"{'mechanical': 14, 'ebike': 0}",0,5,0,1790610749.0
7839,5,"{'mechanical': 4, 'ebike': 1}",2,4,0,1790610759.0
7840,4,"{'mechanical': 1, 'ebike': 3}",0,11,0,1790610850.0
7841,5,"{'mechanical': 4, 'ebike': 1}",2,8,0,1790610760.0
7842,7,"{'mechanical': 7, 'ebike': 0}",0,4,0,1790610826.0
7843,10,"{'mechanical': 9, 'ebike': 1}",2,3,0,1790610842.0
7844,10,"{'mechanical': 10, 'ebike': 0}",2,3,0,1790610858.0
7845,11,"{'mechanical': 11, 'ebike': 0}",0,4,0,1790610845.0
7846,1,"{'mechanical': 1, 'ebike': 0}",0,14,0,1790610855.0
7848,0,"{'mechanical': 0, 'ebike': 0}",1,22,0,1790610846.0
7849,0,"{'mechanical': 0, 'ebike': 0}",0,15,0,1790610846.0
7850,3,"{'mechanical': 3, 'ebike': 0}",2,10,1,1790610768.0
7851,0,"{'mechanical': 0, 'ebike': 0}",2,13,0,1790610809.0
7852,8,"{'mechanical': 7, 'ebike': 1}",0,15,0,1790610822.0
7853,13,"{'mechanical': 12, 'ebike': 1}",0,2,0,1790610855.0
7854,1,"{'mechanical': 0, 'ebike': 1}",0,18,0,1790610804.0
7855,4,"{'mechanical': 2, 'ebike': 2}",2,9,0,1790610844.0
7856,2,"{'mechanical': 2, 'ebike': 0}",0,13,0,1790610778.0
7857,4,"{'mechanical': 0, 'ebike': 4}",0,15,0,1790610760.0
7858,2,"{'mechanical': 2, 'ebike': 0}",0,21,0,1790610819.0
7859,4,"{'mechanical': 4, 'ebike': 0}",0,11,0,1790610857.0
7860,4,"{'mechanical': 4, 'ebike': 0}",1,10,0,1790610839.0
7861,2,"{'mechanical': 1, 'ebike': 1}",0,17,0,1790610850.0
7862,1,"{'mechanical': 1, 'ebike': 0}",0,14,0,1790610770.0
7863,0,"{'mechanical': 0, 'ebike': 0}",1,14,0,1790610765.0
7864,13,"{'mechanical': 3, 'ebike': 10}",1,1,0,1790610860.0
7865,22,"{'mechanical': 0, 'ebike': 22}",6,15,0,1790610751.0
7866,0,"{'mechanical': 0, 'ebike': 0}",2,21,0,1790610810.0
7867,7,"{'mechanical': 0, 'ebike': 7}",4,4,0,1790610823.0
7868,5,"{'mechanical': 5, 'ebike': 0}",0,14,0,1790610817.0
7869,5,"{'mechanical': 5, 'ebike': 0}",0,10,0,1790610740.0
7870,2,"{'mechanical': 0, 'ebike': 2}",0,13,0,1790610796.0
7871,2,"{'mechanical': 2, 'ebike': 0}",0,12,0,1790610836.0
7872,5,"{'mechanical': 5, 'ebike': 0}",0,10,0,1790610798.0
7874,2,"{'mechanical': 2, 'ebike': 0}",1,12,0,1790610771.0
7875,6,"{'mechanical': 6, 'ebike': 0}",0,9,0,1790610792.0
7877,7,"{'mechanical': 7, 'ebike': 0}",0,8,0,1790610782.0
7878,1,"{'mechanical': 1, 'ebike': 0}",0,14,0,1790610785.0
7880,8,"{'mechanical': 8, 'ebike': 0}",1,6,0,1790610828.0
7883,2,"{'mechanical': 2, 'ebike': 0}",0,9,0,1790610807.0
7884,7,"{'mechanical': 6, 'ebike': 1}",0,8,0,1790610753.0
7885,10,"{'mechanical': 9, 'ebike': 1}",1,0,0,1790610753.0
7887,30,"{'mechanical': 0, 'ebike': 30}",9,2,2,1790610847.0
7888,4,"{'mechanical': 2, 'ebike': 2}",0,11,0,1790610836.0
7889,11,"{'mechanical': 10, 'ebike': 1}",0,8,0,1790610826.0
7890,0,"{'mechanical': 0, 'ebike': 0}",2,21,0,1790610747.0
7891,0,"{'mechanical': 0, 'ebike': 0}",0,19,0,1790610803.0
7893,0,"{'mechanical': 0, 'ebike': 0}",0,19,0,1790610827.0
7894,0,"{'mechanical': 0, 'ebike': 0}",1,14,0,1790610823.0
7895,1,"{'mechanical': 0, 'ebike': 1}",0,14,0,1790610792.0
7896,1,"{'mechanical': 0, 'ebike': 1}",1,13,0,1790610802.0
7897,2,"{'mechanical': 1, 'ebike': 1}",0,13,0,1790610860.0
7899,2,"{'mechanical': 0, 'ebike': 2}",0,21,0,1790610748.0
7900,10,"{'mechanical': 10, 'ebike': 0}",1,0,0,1790610792.0
7901,4,"{'mechanical': 3, 'ebike': 1}",1,6,0,1790610786.0
7902,0,"{'mechanical': 0, 'ebike': 0}",0,15,0,1790610833.0
7903,0,"{'mechanical': 0, 'ebike': 0}",2,13,0,1790610763.0
7904,0,"{'mechanical': 0, 'ebike': 0}",2,9,0,1790610743.0
7906,1,"{'mechanical': 0, 'ebike': 1}",0,13,0,1790610810.0
7907,10,"{'mechanical': 0, 'ebike': 10}",15,16,0,1790610838.0
7909,2,"{'mechanical': 2, 'ebike': 0}",0,21,0,1790610756.0
7910,0,"{'mechanical': 0, 'ebike': 0}",1,14,0,1790610784.0
7911,16,"{'mechanical': 12, 'ebike': 4}",2,1,0,1790610797.0
7912,0,"{'mechanical': 0, 'ebike': 0}",0,19,0,1790610792.0
7913,25,"{'mechanical': 13, 'ebike': 12}",0,10,0,1790610767.0
7914,26,"{'mechanical': 24, 'ebike': 2}",1,0,0,1790610849.0
7915,2,"{'mechanical': 2, 'ebike': 0}",1,11,1,1790610791.0
7916,17,"{'mechanical': 17, 'ebike': 0}",1,1,0,1790610798.0
7917,34,"{'mechanical': 34, 'ebike': 0}",0,5,0,1790610744.0
7918,7,"{'mechanical': 7, 'ebike': 0}",1,7,0,1790610781.0
7919,6,"{'mechanical': 3, 'ebike': 3}",1,12,0,1790610820.0
7920,5,"{'mechanical': 5, 'ebike': 0}",0,10,0,1790610822.0
7922,0,"{'mechanical': 0, 'ebike': 0}",0,22,1,1790610753.0
7923,10,"{'mechanical': 10, 'ebike': 0}",0,9,0,1790610819.0
7924,9,"{'mechanical': 6, 'ebike': 3}",3,0,0,1790610819.0
7925,0,"{'mechanical': 0, 'ebike': 0}",0,24,0,1790610773.0
7926,0,"{'mechanical': 0, 'ebike': 0}",2,22,0,1790610855.0
7927,1,"{'mechanical': 1, 'ebike': 0}",1,22,0,1790610798.0
7928,24,"{'mechanical': 19, 'ebike': 5}",0,55,0,1790610789.0
7929,8,"{'mechanical': 8, 'ebike': 0}",2,2,0,1790610757.0
7930,3,"{'mechanical': 3, 'ebike': 0}",0,12,0,1790610760.0
7931,0,"{'mechanical': 0, 'ebike': 0}",0,16,0,1790610753.0
7932,9,"{'mechanical': 9, 'ebike': 0}",0,3,0,1790610857.0
7933,21,"{'mechanical': 17, 'ebike': 4}",0,2,0,1790610854.0
7934,4,"{'mechanical': 3, 'ebike': 1}",2,4,0,1790610854.0
7935,0,"{'mechanical': 0, 'ebike': 0}",2,13,0,1790610836.0
7936,15,"{'mechanical': 13, 'ebike': 2}",0,0,0,1790610820.0
7937,19,"{'mechanical': 19, 'ebike': 0}",0,0,0,1790610771.0
7938,3,"{'mechanical': 3, 'ebike': 0}",2,10,0,1790610779.0
7939,12,"{'mechanical': 10, 'ebike': 2}",2,3,0,1790610770.0
7940,4,"{'mechanical': 4, 'ebike': 0}",4,24,0,1790610805.0
7941,13,"{'mechanical': 11, 'ebike': 2}",2,0,0,1790610826.0
7942,2,"{'mechanical': 1, 'ebike': 1}",1,12,0,1790610846.0
7943,8,"{'mechanical': 4, 'ebike': 4}",4,11,0,1790610851.0
7944,0,"{'mechanical': 0, 'ebike': 0}",1,22,0,1790610753.0
7945,17,"{'mechanical': 17, 'ebike': 0}",2,12,0,1790610824.0
7946,3,"{'mechanical': 3, 'ebike': 0}",1,11,0,1790610767.0
7947,0,"{'mechanical': 0, 'ebike': 0}",0,10,1,1790610793.0
7948,1,"{'mechanical': 1, 'ebike': 0}",0,22,0,1790610843.0
7949,4,"{'mechanical': 4, 'ebike': 0}",0,11,0,1790610775.0
7950,6,"{'mechanical': 6, 'ebike': 0}",1,16,0,1790610826.0
7951,1,"{'mechanical': 1, 'ebike': 0}",3,15,0,1790610797.0
7952,18,"{'mechanical': 17, 'ebike': 1}",0,1,0,1790610805.0
7953,4,"{'mechanical': 4, 'ebike': 0}",1,8,1,1790610780.0
7954,7,"{'mechanical': 7, 'ebike': 0}",1,15,0,1790610843.0
7955,2,"{'mechanical': 0, 'ebike': 2}",0,21,0,1790610781.0
7956,2,"{'mechanical': 2, 'ebike': 0}",0,9,0,1790610832.0
7957,2,"{'mechanical': 2, 'ebike': 0}",2,15,0,1790610790.0
7958,5,"{'mechanical': 5, 'ebike': 0}",2,12,0,1790610791.0
7959,2,"{'mechanical': 2, 'ebike': 0}",0,13,0,1790610824.0
7960,5,"{'mechanical': 3, 'ebike': 2}",0,14,0,1790610752.0
7961,4,"{'mechanical': 0, 'ebike': 4}",0,11,0,1790610852.0
7962,5,"{'mechanical': 5, 'ebike': 0}",0,10,0,1790610837.0
7963,2,"{'mechanical': 2, 'ebike': 0}",1,8,0,1790610851.0
7964,0,"{'mechanical': 0, 'ebike': 0}",1,14,0,1790610749.0
7965,0,"{'mechanical': 0, 'ebike': 0}",1,18,0,1790610791.0
7966,1,"{'mechanical': 0, 'ebike': 1}",0,14,0,1790610747.0
7967,1,"{'mechanical': 0, 'ebike': 1}",1,13,0,1790610811.0
7968,5,"{'mechanical': 5, 'ebike': 0}",0,14,0,1790610751.0
7969,3,"{'mechanical': 3, 'ebike': 0}",0,16,0,1790610825.0
7970,7,"{'mechanical': 7, 'ebike': 0}",1,11,0,1790610805.0
7971,5,"{'mechanical': 5, 'ebike': 0}",3,6,0,1790610738.0
7972,1,"{'mechanical': 1, 'ebike': 0}",0,10,0,1790610828.0
7973,4,"{'mechanical': 4, 'ebike': 0}",3,12,0,1790610802.0
7974,14,"{'mechanical': 10, 'ebike': 4}",0,5,0,1790610859.0
7976,12,"{'mechanical': 11, 'ebike': 1}",1,5,1,1790610754.0
7977,3,"{'mechanical': 3, 'ebike': 0}",3,9,0,1790610831.0
7978,16,"{'mechanical': 16, 'ebike': 0}",1,5,0,1790610786.0
7979,1,"{'mechanical': 0, 'ebike': 1}",3,15,0,1790610759.0
7981,3,"{'mechanical': 3, 'ebike': 0}",2,10,0,1790610855.0
7982,3,"{'mechanical': 3, 'ebike': 0}",0,16,0,1790610802.0
7983,2,"{'mechanical': 2, 'ebike': 0}",6,6,0,1790610742.0
7984,10,"{'mechanical': 10, 'ebike': 0}",0,13,0,1790610797.0
7985,6,"{'mechanical': 5, 'ebike': 1}",2,6,1,1790610825.0
7986,3,"{'mechanical': 3, 'ebike': 0}",2,14,0,1790610824.0
7987,3,"{'mechanical': 3, 'ebike': 0}",0,12,0,1790610758.0
7988,4,"{'mechanical': 3, 'ebike': 1}",1,14,0,1790610786.0
7989,1,"{'mechanical': 1, 'ebike': 0}",0,14,0,1790610779.0
7990,5,"{'mechanical': 5, 'ebike': 0}",1,5,0,1790610752.0
7991,0,"{'mechanical': 0, 'ebike': 0}",2,13,0,1790610805.0
7992,1,"{'mechanical': 1, 'ebike': 0}",0,10,0,1790610842.0
7993,0,"{'mechanical': 0, 'ebike': 0}",3,11,0,1790610774.0
7994,1,"{'mechanical': 1, 'ebike': 0}",0,10,0,1790610809.0
7995,0,"{'mechanical': 0, 'ebike': 0}",2,13,0,1790610799.0
7996,16,"{'mechanical': 2, 'ebike': 14}",4,3,0,1790610802.0
7997,17,"{'mechanical': 2, 'ebike': 15}",1,21,0,1790610848.0
7998,2,"{'mechanical': 2, 'ebike': 0}",1,16,0,1790610852.0
7999,0,"{'mechanical': 0, 'ebike': 0}",1,14,0,1790610741.0
8000,1,"{'mechanical': 0, 'ebike': 1}",4,26,0,1790610838.0
8001,24,"{'mechanical': 24, 'ebike': 0}",0,0,0,1790610814.0
8002,2,"{'mechanical': 2, 'ebike': 0}",0,13,0,1790610739.0
8003,0,"{'mechanical': 0, 'ebike': 0}",1,10,0,1790610755.0
8004,6,"{'mechanical': 0, 'ebike': 6}",2,3,0,1790610790.0
8005,3,"{'mechanical': 0, 'ebike': 3}",2,6,0,1790610819.0
8006,0,"{'mechanical': 0, 'ebike': 0}",2,21,0,1790610763.0
8007,12,"{'mechanical': 4, 'ebike': 8}",3,16,0,1790610850.0
8008,1,"{'mechanical': 1, 'ebike': 0}",0,15,0,1790610851.0
8009,5,"{'mechanical': 0, 'ebike': 5}",7,27,0,1790610804.0
8010,3,"{'mechanical': 2, 'ebike': 1}",2,14,0,1790610823.0
8011,19,"{'mechanical': 12, 'ebike': 7}",3,10,0,1790610836.0
8012,14,"{'mechanical': 12, 'ebike': 2}",1,4,0,1790610838.0
8013,8,"{'mechanical': 7, 'ebike': 1}",0,4,0,1790610854.0
8014,18,"{'mechanical': 18, 'ebike': 0}",1,4,0,1790610789.0
8015,5,"{'mechanical': 2, 'ebike': 3}",0,7,0,1790610863.0
8016,22,"{'mechanical': 21, 'ebike': 1}",0,1,0,1790610824.0
8017,1,"{'mechanical': 1, 'ebike': 0}",2,12,0,1790610844.0
8018,9,"{'mechanical': 9, 'ebike': 0}",1,6,0,1790610817.0
8020,0,"{'mechanical': 0, 'ebike': 0}",3,6,0,1790610787.0
8021,5,"{'mechanical': 5, 'ebike': 0}",0,14,0,1790610744.0
8022,3,"{'mechanical': 3, 'ebike': 0}",0,8,0,1790610820.0
8023,0,"{'mechanical': 0, 'ebike': 0}",2,9,0,1790610828.0
8025,10,"{'mechanical': 10, 'ebike': 0}",1,0,0,1790610746.0
8026,22,"{'mechanical': 20, 'ebike': 2}",1,0,0,1790610832.0
8027,17,"{'mechanical': 17, 'ebike': 0}",1,21,0,1790610746.0
8028,7,"{'mechanical': 7, 'ebike': 0}",0,20,0,1790610815.0
8029,11,"{'mechanical': 11, 'ebike': 0}",0,36,0,1790610852.0
8030,11,"{'mechanical': 11, 'ebike': 0}",0,24,0,1790610815.0
8031,5,"{'mechanical': 5, 'ebike': 0}",0,10,0,1790610775.0
8032,5,"{'mechanical': 5, 'ebike': 0}",0,10,0,1790610836.0
8033,2,"{'mechanical': 2, 'ebike': 0}",0,17,0,1790610791.0
8034,6,"{'mechanical': 5, 'ebike': 1}",0,9,0,1790610819.0
8035,3,"{'mechanical': 3, 'ebike': 0}",0,16,0,1790610852.0
8036,3,"{'mechanical': 3, 'ebike': 0}",0,15,0,1790610781.0
8037,6,"{'mechanical': 6, 'ebike': 0}",2,7,0,1790610758.0
8038,4,"{'mechanical': 4, 'ebike': 0}",2,5,0,1790610854.0
8039,3,"{'mechanical': 3, 'ebike': 0}",3,13,0,1790610848.0
8040,3,"{'mechanical': 3, 'ebike': 0}",3,17,0,1790610860.0
8041,2,"{'mechanical': 2, 'ebike': 0}",2,7,0,1790610845.0
8042,0,"{'mechanical': 0, 'ebike': 0}",1,18,0,1790610762.0
8043,0,"{'mechanical': 0, 'ebike': 0}",1,14,0,1790610851.0
8044,2,"{'mechanical': 2, 'ebike': 0}",0,9,0,1790610840.0
8045,2,"{'mechanical': 0, 'ebike': 2}",0,13,0,1790610758.0
8046,0,"{'mechanical': 0, 'ebike': 0}",0,11,0,1790610743.0
8047,0,"{'mechanical': 0, 'ebike': 0}",0,11,0,1790610808.0
8048,5,"{'mechanical': 4, 'ebike': 1}",0,10,0,1790610811.0
8049,1,"{'mechanical': 1, 'ebike': 0}",0,18,0,1790610799.0
8050,1,"{'mechanical': 0, 'ebike': 1}",1,21,0,1790610819.0
8051,1,"{'mechanical': 0, 'ebike': 1}",2,9,0,1790610756.0
8052,0,"{'mechanical': 0, 'ebike': 0}",0,10,0,1790610851.0
8053,1,"{'mechanical': 1, 'ebike': 0}",0,16,0,1790610818.0
8054,2,"{'mechanical': 2, 'ebike': 0}",2,15,0,1790610862.0
8055,7,"{'mechanical': 7, 'ebike': 0}",1,3,0,1790610835.0
8056,0,"{'mechanical': 0, 'ebike': 0}",0,19,0,1790610794.0
8057,3,"{'mechanical': 3, 'ebike': 0}",0,16,0,1790610785.0
8058,2,"{'mechanical': 2, 'ebike': 0}",1,16,0,1790610813.0
8059,2,"{'mechanical': 2, 'ebike': 0}",0,9,0,1790610810.0
8060,0,"{'mechanical': 0, 'ebike': 0}",0,15,0,1790610801.0
8061,0,"{'mechanical': 0, 'ebike': 0}",1,10,0,1790610787.0
8062,10,"{'mechanical': 10, 'ebike': 0}",1,0,0,1790610825.0
8063,2,"{'mechanical': 2, 'ebike': 0}",0,9,0,1790610832.0
8064,1,"{'mechanical': 1, 'ebike': 0}",0,10,0,1790610829.0
8065,1,"{'mechanical': 1, 'ebike': 0}",2,8,0,1790610771.0
8066,0,"{'mechanical': 0, 'ebike': 0}",0,15,0,1790610759.0
8070,19,"{'mechanical': 19, 'ebike': 0}",1,11,0,1790610740.0
8073,1,"{'mechanical': 1, 'ebike': 0}",0,13,0,1790610799.0
8074,4,"{'mechanical': 4, 'ebike': 0}",0,7,0,1790610825.0
8075,14,"{'mechanical': 14, 'ebike': 0}",2,3,0,1790610856.0
8076,1,"{'mechanical': 1, 'ebike': 0}",0,10,0,1790610838.0
8077,1,"{'mechanical': 1, 'ebike': 0}",1,9,0,1790610737.0
8078,2,"{'mechanical': 2, 'ebike': 0}",2,11,0,1790610788.0
8079,4,"{'mechanical': 4, 'ebike': 0}",2,4,1,1790610820.0
8080,1,"{'mechanical': 1, 'ebike': 0}",2,12,0,1790610748.0
8081,0,"{'mechanical': 0, 'ebike': 0}",1,10,0,1790610795.0
8082,6,"{'mechanical': 6, 'ebike': 0}",0,9,0,1790610847.0
8083,0,"{'mechanical': 0, 'ebike': 0}",0,11,0,1790610806.0
8084,0,"{'mechanical': 0, 'ebike': 0}",4,11,0,1790610738.0
8085,0,"{'mechanical': 0, 'ebike': 0}",1,10,0,1790610774.0
8086,1,"{'mechanical': 1, 'ebike': 0}",2,12,0,1790610814.0
8087,0,"{'mechanical': 0, 'ebike': 0}",3,16,0,1790610748.0
8088,1,"{'mechanical': 1, 'ebike': 0}",0,10,0,1790610773.0
8089,1,"{'mechanical': 1, 'ebike': 0}",0,14,0,1790610754.0
8090,13,"{'mechanical': 11, 'ebike': 2}",0,2,0,1790610806.0
8091,7,"{'mechanical': 6, 'ebike': 1}",0,4,0,1790610852.0
8092,2,"{'mechanical': 2, 'ebike': 0}",0,12,1,1790610803.0
8093,5,"{'mechanical': 5, 'ebike': 0}",0,10,0,1790610827.0
8094,3,"{'mechanical': 2, 'ebike': 1}",1,15,0,1790610766.0
8095,3,"{'mechanical': 3, 'ebike': 0}",0,8,0,1790610768.0
8096,12,"{'mechanical': 10, 'ebike': 2}",1,7,0,1790610809.0
8099,3,"{'mechanical': 3, 'ebike': 0}",1,7,0,1790610830.0
8101,0,"{'mechanical': 0, 'ebike': 0}",1,14,0,1790610744.0
8102,4,"{'mechanical': 4, 'ebike': 0}",0,11,0,1790610848.0
8104,6,"{'mechanical': 6, 'ebike': 0}",0,9,0,1790610775.0
8105,0,"{'mechanical': 0, 'ebike': 0}",4,11,0,1790610743.0
8106,0,"{'mechanical': 0, 'ebike': 0}",2,9,0,1790610749.0
8107,2,"{'mechanical': 2, 'ebike': 0}",1,12,0,1790610751.0
8108,5,"{'mechanical': 5, 'ebike': 0}",0,10,0,1790610851.0
8109,0,"{'mechanical': 0, 'ebike': 0}",0,11,0,1790610829.0
8110,0,"{'mechanical': 0, 'ebike': 0}",2,13,0,1790610842.0
8111,0,"{'mechanical': 0, 'ebike': 0}",0,11,0,1790610844.0
8112,1,"{'mechanical': 1, 'ebike': 0}",0,10,0,1790610772.0
8113,17,"{'mechanical': 17, 'ebike': 0}",0,6,0,1790610803.0
8114,3,"{'mechanical': 2, 'ebike': 1}",3,5,0,1790610841.0
8115,6,"{'mechanical': 6, 'ebike': 0}",0,5,0,1790610794.0
8117,3,"{'mechanical': 2, 'ebike': 1}",0,12,0,1790610822.0
8119,3,"{'mechanical': 3, 'ebike': 0}",0,8,0,1790610841.0
8120,4,"{'mechanical': 4, 'ebike': 0}",1,6,0,1790610829.0
8122,5,"{'mechanical': 5, 'ebike': 0}",0,9,1,1790610817.0
8123,3,"{'mechanical': 3, 'ebike': 0}",0,8,0,1790610761.0
8125,4,"{'mechanical': 4, 'ebike': 0}",1,10,0,1790610822.0
8128,5,"{'mechanical': 5, 'ebike': 0}",1,5,0,1790610756.0
8129,0,"{'mechanical': 0, 'ebike': 0}",0,11,0,1790610804.0
8130,0,"{'mechanical': 0, 'ebike': 0}",1,10,0,1790610820.0
8131,1,"{'mechanical': 1, 'ebike': 0}",0,10,0,1790610837.0
8133,2,"{'mechanical': 2, 'ebike': 0}",0,13,0,1790610783.0
8134,2,"{'mechanical': 2, 'ebike': 0}",0,9,0,1790610835.0
8137,13,"{'mechanical': 13, 'ebike': 0}",3,14,0,1790610789.0
8138,3,"{'mechanical': 1, 'ebike': 2}",0,20,0,1790610850.0
8139,0,"{'mechanical': 0, 'ebike': 0}",0,11,0,1790610837.0
8141,1,"{'mechanical': 1, 'ebike': 0}",0,10,0,1790610832.0
8142,4,"{'mechanical': 4, 'ebike': 0}",0,7,0,1790610772.0
8144,1,"{'mechanical': 0, 'ebike': 1}",0,10,0,1790610800.0
8149,1,"{'mechanical': 1, 'ebike': 0}",0,10,0,1790610789.0
8150,0,"{'mechanical': 0, 'ebike': 0}",2,9,0,1790610792.0
8151,0,"{'mechanical': 0, 'ebike': 0}",0,11,0,1790610808.0
8152,1,"{'mechanical': 0, 'ebike': 1}",8,7,0,1790610756.0
8153,1,"{'mechanical': 1, 'ebike': 0}",1,17,0,1790610849.0
8154,2,"{'mechanical': 2, 'ebike': 0}",0,9,0,1790610757.0
8155,1,"{'mechanical': 1, 'ebike': 0}",1,13,0,1790610848.0
8156,0,"{'mechanical': 0, 'ebike': 0}",0,11,0,1790610787.0
8157,0,"{'mechanical': 0, 'ebike': 0}",0,15,0,1790610826.0
8158,1,"{'mechanical': 1, 'ebike': 0}",0,10,0,1790610827.0
8159,3,"{'mechanical': 3, 'ebike': 0}",0,11,1,1790610808.0
8160,2,"{'mechanical': 2, 'ebike': 0}",0,13,0,1790610784.0
8161,4,"{'mechanical': 4, 'ebike': 0}",1,10,0,1790610828.0
8162,0,"{'mechanical': 0, 'ebike': 0}",2,25,0,1790610748.0
8163,3,"{'mechanical': 2, 'ebike': 1}",1,19,0,1790610807.0
8164,3,"{'mechanical': 3, 'ebike': 0}",0,16,0,1790610831.0
8165,1,"{'mechanical': 0, 'ebike': 1}",2,8,0,1790610832.0
8166,1,"{'mechanical': 1, 'ebike': 0}",0,10,0,1790610777.0
8167,1,"{'mechanical': 0, 'ebike': 1}",1,13,0,1790610858.0
8168,0,"{'mechanical': 0, 'ebike': 0}",1,10,0,1790610741.0
8169,4,"{'mechanical': 4, 'ebike': 0}",0,11,0,1790610788.0
8170,10,"{'mechanical': 9, 'ebike': 1}",1,4,0,1790610773.0
8171,20,"{'mechanical': 20, 'ebike': 0}",0,3,0,1790610829.0
8172,0,"{'mechanical': 0, 'ebike': 0}",0,22,1,1790610791.0
8173,0,"{'mechanical': 0, 'ebike': 0}",1,10,0,1790610842.0
8174,18,"{'mechanical': 17, 'ebike': 1}",1,0,0,1790610821.0
8175,20,"{'mechanical': 19, 'ebike': 1}",3,0,0,1790610792.0
8176,18,"{'mechanical': 0, 'ebike': 18}",0,21,0,1790610826.0
8177,1,"{'mechanical': 0, 'ebike': 1}",0,10,0,1790610800.0
8178,5,"{'mechanical': 5, 'ebike': 0}",0,18,0,1790610765.0
8179,3,"{'mechanical': 1, 'ebike': 2}",0,8,0,1790610773.0
8180,2,"{'mechanical': 2, 'ebike': 0}",2,11,0,1790610802.0
8181,1,"{'mechanical': 1, 'ebike': 0}",1,29,0,1790610756.0
8182,13,"{'mechanical': 13, 'ebike': 0}",2,7,1,1790610755.0
8183,0,"{'mechanical': 0, 'ebike': 0}",2,21,0,1790610833.0
8184,5,"{'mechanical': 5, 'ebike': 0}",2,8,0,1790610775.0
8185,0,"{'mechanical': 0, 'ebike': 0}",0,11,0,1790610836.0
8186,2,"{'mechanical': 1, 'ebike': 1}",0,13,0,1790610781.0
8187,0,"{'mechanical': 0, 'ebike': 0}",3,12,0,1790610780.0
8188,5,"{'mechanical': 4, 'ebike': 1}",7,11,0,1790610851.0
8189,0,"{'mechanical': 0, 'ebike': 0}",2,13,0,1790610741.0
8190,8,"{'mechanical': 8, 'ebike': 0}",2,17,0,1790610822.0
8191,20,"{'mechanical': 8, 'ebike': 12}",2,1,0,1790610821.0
8193,0,"{'mechanical': 0, 'ebike': 0}",5,22,0,1790610755.0
8194,4,"{'mechanical': 0, 'ebike': 4}",4,15,0,1790610827.0
8196,10,"{'mechanical': 0, 'ebike': 10}",0,9,0,1790610815.0
8197,4,"{'mechanical': 3, 'ebike': 1}",12,14,1,1790610773.0
8198,38,"{'mechanical': 0, 'ebike': 38}",1,0,0,1790610791.0
8199,2,"{'mechanical': 0, 'ebike': 2}",3,18,0,1790610762.0
8200,17,"{'mechanical': 17, 'ebike': 0}",2,4,0,1790610823.0
8201,1,"{'mechanical': 1, 'ebike': 0}",2,8,0,1790610749.0
8202,17,"{'mechanical': 3, 'ebike': 14}",0,2,0,1790610792.0
8203,1,"{'mechanical': 1, 'ebike': 0}",0,10,0,1790610757.0
8204,0,"{'mechanical': 0, 'ebike': 0}",0,11,0,1790610760.0
8205,0,"{'mechanical': 0, 'ebike': 0}",1,14,0,1790610854.0
8206,13,"{'mechanical': 13, 'ebike': 0}",1,3,0,1790610794.0
8207,0,"{'mechanical': 0, 'ebike': 0}",0,8,0,1790610817.0
8208,4,"{'mechanical': 1, 'ebike': 3}",0,7,0,1790610749.0
8209,0,"{'mechanical': 0, 'ebike': 0}",2,12,0,1790610785.0
8210,4,"{'mechanical': 4, 'ebike': 0}",2,5,0,1790610856.0
8211,0,"{'mechanical': 0, 'ebike': 0}",0,11,0,1790610745.0
8212,0,"{'mechanical': 0, 'ebike': 0}",2,23,0,1790610831.0
8213,1,"{'mechanical': 0, 'ebike': 1}",3,13,0,1790610753.0
8214,1,"{'mechanical': 1, 'ebike': 0}",2,8,0,1790610772.0
8215,10,"{'mechanical': 9, 'ebike': 1}",4,3,0,1790610812.0
8216,0,"{'mechanical': 0, 'ebike': 0}",0,14,0,1790610757.0
8217,3,"{'mechanical': 1, 'ebike': 2}",3,8,0,1790610775.0
8218,3,"{'mechanical': 2, 'ebike': 1}",2,6,0,1790610767.0
8219,0,"{'mechanical': 0, 'ebike': 0}",0,19,0,1790610795.0
8220,3,"{'mechanical': 3, 'ebike': 0}",0,8,0,1790610774.0
8221,0,"{'mechanical': 0, 'ebike': 0}",0,11,0,1790610771.0
8224,5,"{'mechanical': 5, 'ebike': 0}",1,13,0,1790610767.0
8225,3,"{'mechanical': 3, 'ebike': 0}",0,8,0,1790610757.0
8226,4,"{'mechanical': 3, 'ebike': 1}",0,11,0,1790610777.0
8227,6,"{'mechanical': 5, 'ebike': 1}",0,5,0,1790610761.0
8228,7,"{'mechanical': 7, 'ebike': 0}",0,32,0,1790610862.0
8229,6,"{'mechanical': 6, 'ebike': 0}",0,29,0,1790610794.0
8230,31,"{'mechanical': 31, 'ebike': 0}",3,5,0,1790610742.0
8231,1,"{'mechanical': 1, 'ebike': 0}",1,17,0,1790610837.0
8232,2,"{'mechanical': 2, 'ebike': 0}",3,17,1,1790610800.0
8234,3,"{'mechanical': 3, 'ebike': 0}",1,15,0,1790610828.0
8235,0,"{'mechanical': 0, 'ebike': 0}",0,15,0,1790610823.0
8236,3,"{'mechanical': 3, 'ebike': 0}",0,12,0,1790610856.0
8237,22,"{'mechanical': 20, 'ebike': 2}",0,0,0,1790610850.0
8238,4,"{'mechanical': 1, 'ebike': 3}",0,11,0,1790610783.0
8239,0,"{'mechanical': 0, 'ebike': 0}",1,10,0,1790610821.0
8240,3,"{'mechanical': 0, 'ebike': 3}",1,11,0,1790610740.0
8241,2,"{'mechanical': 1, 'ebike': 1}",0,13,0,1790610796.0
8242,1,"{'mechanical': 1, 'ebike': 0}",0,18,0,1790610796.0
8243,1,"{'mechanical': 1, 'ebike': 0}",0,15,0,1790610748.0
8245,1,"{'mechanical': 0, 'ebike': 1}",0,17,1,1790610795.0
8246,0,"{'mechanical': 0, 'ebike': 0}",3,8,0,1790610822.0
8247,0,"{'mechanical': 0, 'ebike': 0}",1,14,0,1790610839.0
8248,2,"{'mechanical': 0, 'ebike': 2}",0,9,0,1790610811.0
8249,1,"{'mechanical': 1, 'ebike': 0}",1,13,0,1790610763.0
8250,0,"{'mechanical': 0, 'ebike': 0}",0,11,0,1790610784.0
8251,13,"{'mechanical': 11, 'ebike': 2}",2,2,0,1790610811.0
8252,0,"{'mechanical': 0, 'ebike': 0}",0,15,0,1790610784.0
8253,1,"{'mechanical': 1, 'ebike': 0}",1,17,0,1790610815.0
8254,1,"{'mechanical': 1, 'ebike': 0}",3,10,0,1790610802.0
8255,1,"{'mechanical': 1, 'ebike': 0}",1,13,0,1790610755.0
8256,0,"{'mechanical': 0, 'ebike': 0}",1,14,0,1790610814.0
8257,1,"{'mechanical': 1, 'ebike': 0}",0,16,0,1790610836.0
8258,3,"{'mechanical': 1, 'ebike': 2}",0,8,0,1790610840.0
8259,0,"{'mechanical': 0, 'ebike': 0}",0,7,0,1790610741.0
8260,30,"{'mechanical': 30, 'ebike': 0}",4,1,0,1790610782.0
8261,4,"{'mechanical': 3, 'ebike': 1}",2,9,0,1790610752.0
8262,24,"{'mechanical': 24, 'ebike': 0}",1,14,0,1790610863.0
8263,0,"{'mechanical': 0, 'ebike': 0}",0,23,0,1790610857.0
8264,6,"{'mechanical': 6, 'ebike': 0}",4,17,0,1790610862.0
8265,3,"{'mechanical': 3, 'ebike': 0}",1,15,0,1790610850.0
8266,3,"{'mechanical': 3, 'ebike': 0}",0,24,0,1790610855.0
8267,4,"{'mechanical': 2, 'ebike': 2}",0,19,0,1790610842.0
8268,21,"{'mechanical': 21, 'ebike': 0}",1,1,0,1790610783.0
8269,2,"{'mechanical': 1, 'ebike': 1}",1,8,0,1790610858.0
8271,13,"{'mechanical': 10, 'ebike': 3}",1,5,0,1790610782.0
7000,8,"{'mechanical': 7, 'ebike': 1}",3,36,0,1790630871.0
7001,7,"{'mechanical': 5, 'ebike': 2}",8,8,0,1790630821.0
7002,1,"{'mechanical': 1, 'ebike': 0}",9,9,0,1790630795.0
7003,3,"{'mechanical': 3, 'ebike': 0}",4,8,0,1790630811.0
7004,0,"{'mechanical': 0, 'ebike': 0}",6,29,0,1790630852.0
7005,12,"{'mechanical': 12, 'ebike': 0}",0,11,0,1790630877.0
7006,5,"{'mechanical': 4, 'ebike': 1}",1,25,0,1790630791.0
7007,1,"{'mechanical': 0, 'ebike': 1}",3,15,0,1790630865.0
7008,0,"{'mechanical': 0, 'ebike': 0}",7,12,0,1790630774.0
7010,13,"{'mechanical': 13, 'ebike': 0}",0,6,0,1790630878.0
7013,15,"{'mechanical': 15, 'ebike': 0}",0,4,0,1790630794.0
7014,4,"{'mechanical': 4, 'ebike': 0}",2,11,0,1790630853.0
7015,8,"{'mechanical': 8, 'ebike': 0}",2,29,0,1790630857.0
7016,0,"{'mechanical': 0, 'ebike': 0}",2,33,0,1790630884.0
7017,2,"{'mechanical': 2, 'ebike': 0}",2,7,0,1790630792.0
7018,33,"{'mechanical': 33, 'ebike': 0}",1,15,0,1790630808.0
7019,34,"{'mechanical': 34, 'ebike': 0}",0,21,0,1790630835.0
7020,21,"{'mechanical': 21, 'ebike': 0}",0,12,0,1790630825.0
7021,25,"{'mechanical': 25, 'ebike': 0}",2,36,0,1790630849.0
7023,3,"{'mechanical': 1, 'ebike': 2}",0,8,0,1790630786.0
7024,7,"{'mechanical': 6, 'ebike': 1}",3,28,0,1790630885.0
7025,11,"{'mechanical': 9, 'ebike': 2}",0,16,0,1790630794.0
7026,0,"{'mechanical': 0, 'ebike': 0}",4,11,0,1790630881.0
7027,24,"{'mechanical': 23, 'ebike': 1}",1,5,1,1790630782.0
7028,2,"{'mechanical': 1, 'ebike': 1}",0,29,0,1790630861.0
7029,0,"{'mechanical': 0, 'ebike': 0}",1,14,0,1790630825.0
7030,0,"{'mechanical': 0, 'ebike': 0}",3,32,0,1790630854.0
7031,2,"{'mechanical': 2, 'ebike': 0}",2,35,0,1790630823.0
7032,1,"{'mechanical': 0, 'ebike': 1}",4,10,0,1790630815.0
7033,29,"{'mechanical': 29, 'ebike': 0}",1,13,0,1790630803.0
7034,4,"{'mechanical': 0, 'ebike': 4}",3,7,0,1790630780.0
7035,2,"{'mechanical': 2, 'ebike': 0}",0,41,0,1790630828.0
7036,8,"{'mechanical': 7, 'ebike': 1}",1,10,0,1790630840.0
7037,1,"{'mechanical': 1, 'ebike': 0}",3,37,0,1790630809.0
7038,8,"{'mechanical': 7, 'ebike': 1}",1,22,0,1790630807.0
7039,0,"{'mechanical': 0, 'ebike': 0}",1,18,0,1790630807.0
7040,3,"{'mechanical': 2, 'ebike': 1}",2,14,0,1790630893.0
7041,4,"{'mechanical': 4, 'ebike': 0}",3,14,2,1790630887.0
7042,5,"{'mechanical': 2, 'ebike': 3}",1,25,0,1790630801.0
7043,17,"{'mechanical': 17, 'ebike': 0}",0,2,0,1790630839.0
7044,13,"{'mechanical': 11, 'ebike': 2}",1,21,0,1790630860.0
7045,15,"{'mechanical': 15, 'ebike': 0}",0,22,0,1790630806.0
7046,15,"{'mechanical': 15, 'ebike': 0}",2,25,0,1790630848.0
7048,42,"{'mechanical': 41, 'ebike': 1}",2,3,0,1790630853.0
7049,10,"{'mechanical': 10, 'ebike': 0}",3,2,0,1790630801.0
7050,0,"{'mechanical': 0, 'ebike': 0}",2,14,0,1790630882.0
7052,31,"{'mechanical': 31, 'ebike': 0}",3,21,0,1790630843.0
7053,8,"{'mechanical': 8, 'ebike': 0}",1,18,0,1790630863.0
7054,9,"{'mechanical': 9, 'ebike': 0}",2,0,0,1790630873.0
7055,3,"{'mechanical': 3, 'ebike': 0}",0,12,0,1790630828.0
7057,8,"{'mechanical': 8, 'ebike': 0}",1,17,1,1790630819.0
7058,4,"{'mechanical': 3, 'ebike': 1}",3,32,0,1790630873.0
7059,1,"{'mechanical': 1, 'ebike': 0}",1,13,0,1790630830.0
7061,6,"{'mechanical': 2, 'ebike': 4}",2,7,0,1790630889.0
7063,0,"{'mechanical': 0, 'ebike': 0}",5,18,0,1790630848.0
7064,11,"{'mechanical': 10, 'ebike': 1}",0,8,0,1790630797.0
7065,5,"{'mechanical': 4, 'ebike': 1}",1,9,0,1790630813.0
7066,7,"{'mechanical': 5, 'ebike': 2}",0,8,0,1790630825.0
7067,23,"{'mechanical': 23, 'ebike': 0}",2,2,0,1790630805.0
7069,4,"{'mechanical': 4, 'ebike': 0}",2,5,0,1790630876.0
7070,0,"{'mechanical': 0, 'ebike': 0}",1,10,0,1790630814.0
7071,7,"{'mechanical': 5, 'ebike': 2}",1,15,0,1790630861.0
7073,14,"{'mechanical': 14, 'ebike': 0}",1,8,0,1790630825.0
7074,55,"{'mechanical': 54, 'ebike': 1}",0,0,0,1790630787.0
7075,3,"{'mechanical': 3, 'ebike': 0}",6,18,0,1790630850.0
7076,13,"{'mechanical': 13, 'ebike': 0}",2,42,0,1790630883.0
7077,0,"{'mechanical': 0, 'ebike': 0}",2,17,0,1790630877.0
7078,2,"{'mechanical': 1, 'ebike': 1}",3,10,0,1790630861.0
7079,1,"{'mechanical': 1, 'ebike': 0}",4,14,0,1790630848.0
7084,3,"{'mechanical': 3, 'ebike': 0}",3,5,0,1790630768.0
7085,2,"{'mechanical': 1, 'ebike': 1}",2,11,0,1790630773.0
7086,1,"{'mechanical': 0, 'ebike': 1}",1,21,0,1790630804.0
7087,2,"{'mechanical': 0, 'ebike': 2}",0,9,0,1790630770.0
7088,3,"{'mechanical': 2, 'ebike': 1}",1,11,0,1790630799.0
7089,2,"{'mechanical': 2, 'ebike': 0}",4,21,0,1790630790.0
7090,2,"{'mechanical': 2, 'ebike': 0}",2,15,0,1790630841.0
7091,0,"{'mechanical': 0, 'ebike': 0}",1,14,0,1790630854.0
7093,0,"{'mechanical': 0, 'ebike': 0}",0,25,0,1790630791.0
7094,1,"{'mechanical': 0, 'ebike': 1}",0,24,0,1790630806.0
7095,2,"{'mechanical': 0, 'ebike': 2}",1,12,0,1790630783.0
7096,1,"{'mechanical': 1, 'ebike': 0}",1,17,0,1790630798.0
7097,1,"{'mechanical': 0, 'ebike': 1}",0,29,1,1790630851.0
7098,1,"{'mechanical': 1, 'ebike': 0}",0,14,0,1790630814.0
7099,14,"{'mechanical': 14, 'ebike': 0}",1,24,0,1790630787.0
7100,8,"{'mechanical': 7, 'ebike': 1}",0,19,0,1790630839.0
7101,20,"{'mechanical': 20, 'ebike': 0}",3,4,0,1790630784.0
7102,28,"{'mechanical': 28, 'ebike': 0}",1,2,0,1790630806.0
7103,30,"{'mechanical': 29, 'ebike': 1}",0,2,0,1790630847.0
7104,11,"{'mechanical': 11, 'ebike': 0}",0,3,1,1790630888.0
7105,8,"{'mechanical': 8, 'ebike': 0}",3,3,1,1790630811.0
7107,7,"{'mechanical': 7, 'ebike': 0}",1,7,0,1790630875.0
7109,1,"{'mechanical': 1, 'ebike': 0}",0,31,0,1790630882.0
7110,3,"{'mechanical': 2, 'ebike': 1}",3,9,0,1790630823.0
7111,7,"{'mechanical': 6, 'ebike': 1}",3,1,0,1790630776.0
7112,12,"{'mechanical': 12, 'ebike': 0}",0,7,0,1790630849.0
7113,4,"{'mechanical': 4, 'ebike': 0}",2,9,0,1790630884.0
7114,3,"{'mechanical': 2, 'ebike': 1}",0,24,0,1790630778.0
7115,10,"{'mechanical': 9, 'ebike': 1}",1,20,0,1790630869.0
7116,0,"{'mechanical': 0, 'ebike': 0}",1,18,0,1790630890.0
7117,2,"{'mechanical': 2, 'ebike': 0}",1,16,0,1790630864.0
7118,0,"{'mechanical': 0, 'ebike': 0}",1,18,0,1790630779.0
7119,2,"{'mechanical': 2, 'ebike': 0}",2,11,0,1790630775.0
7120,2,"{'mechanical': 1, 'ebike': 1}",1,8,0,1790630869.0
7121,2,"{'mechanical': 2, 'ebike': 0}",0,25,0,1790630823.0
7122,7,"{'mechanical': 6, 'ebike': 1}",1,7,0,1790630833.0
7123,14,"{'mechanical': 14, 'ebike': 0}",0,1,0,1790630816.0
7124,7,"{'mechanical': 6, 'ebike': 1}",0,12,0,1790630771.0
7126,1,"{'mechanical': 1, 'ebike': 0}",3,13,0,1790630871.0
7127,0,"{'mechanical': 0, 'ebike': 0}",4,11,0,1790630783.0
7128,2,"{'mechanical': 1, 'ebike': 1}",3,18,0,1790630856.0
7129,4,"{'mechanical': 4, 'ebike': 0}",3,4,0,1790630792.0
7130,1,"{'mechanical': 1, 'ebike': 0}",2,12,0,1790630774.0
7131,2,"{'mechanical': 1, 'ebike': 1}",2,11,0,1790630795.0
7132,0,"{'mechanical': 0, 'ebike': 0}",2,7,0,1790630864.0
7133,3,"{'mechanical': 2, 'ebike': 1}",3,5,0,1790630781.0
7135,8,"{'mechanical': 8, 'ebike': 0}",2,25,0,1790630847.0
7137,0,"{'mechanical': 0, 'ebike': 0}",3,12,0,1790630825.0
7138,1,"{'mechanical': 0, 'ebike': 1}",2,24,0,1790630814.0
7139,1,"{'mechanical': 1, 'ebike': 0}",0,14,0,1790630826.0
7140,0,"{'mechanical': 0, 'ebike': 0}",0,14,1,1790630833.0
7142,0,"{'mechanical': 0, 'ebike': 0}",0,15,0,1790630789.0
7143,4,"{'mechanical': 4, 'ebike': 0}",0,10,1,1790630814.0
7144,8,"{'mechanical': 2, 'ebike': 6}",3,3,1,1790630890.0
7146,0,"{'mechanical': 0, 'ebike': 0}",0,19,0,1790630794.0
7147,6,"{'mechanical': 6, 'ebike': 0}",0,9,0,1790630838.0
7148,16,"{'mechanical': 16, 'ebike': 0}",2,3,1,1790630790.0
7149,2,"{'mechanical': 1, 'ebike': 1}",1,8,0,1790630797.0
7150,8,"{'mechanical': 5, 'ebike': 3}",0,11,0,1790630878.0
7151,3,"{'mechanical': 2, 'ebike': 1}",1,15,0,1790630799.0
7152,0,"{'mechanical': 0, 'ebike': 0}",4,7,0,1790630863.0
7153,0,"{'mechanical': 0, 'ebike': 0}",0,19,0,1790630785.0
7154,0,"{'mechanical': 0, 'ebike': 0}",2,20,0,1790630880.0
7155,2,"{'mechanical': 1, 'ebike': 1}",2,14,1,1790630812.0
7156,5,"{'mechanical': 5, 'ebike': 0}",2,7,1,1790630796.0
7157,1,"{'mechanical': 1, 'ebike': 0}",0,22,0,1790630833.0
7158,5,"{'mechanical': 5, 'ebike': 0}",3,7,0,1790630807.0
7160,12,"{'mechanical': 11, 'ebike': 1}",3,4,0,1790630885.0
7161,10,"{'mechanical': 10, 'ebike': 0}",0,13,0,1790630868.0
7162,1,"{'mechanical': 1, 'ebike': 0}",2,19,1,1790630868.0
7164,17,"{'mechanical': 17, 'ebike': 0}",1,5,0,1790630893.0
7168,42,"{'mechanical': 42, 'ebike': 0}",1,4,0,1790630867.0
7169,1,"{'mechanical': 1, 'ebike': 0}",2,8,0,1790630863.0
7170,3,"{'mechanical': 2, 'ebike': 1}",2,6,3,1790630844.0
7172,11,"{'mechanical': 11, 'ebike': 0}",0,8,0,1790630821.0
7173,2,"{'mechanical': 1, 'ebike': 1}",0,17,0,1790630784.0
7174,6,"{'mechanical': 6, 'ebike': 0}",1,8,0,1790630813.0
7175,10,"{'mechanical': 10, 'ebike': 0}",2,15,0,1790630855.0
7176,5,"{'mechanical': 5, 'ebike': 0}",0,14,0,1790630826.0
7178,3,"{'mechanical': 3, 'ebike': 0}",3,9,0,1790630783.0
7180,1,"{'mechanical': 0, 'ebike': 1}",2,20,0,1790630875.0
7181,4,"{'mechanical': 3, 'ebike': 1}",1,10,0,1790630831.0
7182,1,"{'mechanical': 0, 'ebike': 1}",1,17,0,1790630839.0
7183,3,"{'mechanical': 3, 'ebike': 0}",1,11,0,1790630804.0
7184,9,"{'mechanical': 4, 'ebike': 5}",1,1,0,1790630780.0
7188,6,"{'mechanical': 6, 'ebike': 0}",1,27,1,1790630798.0
7189,4,"{'mechanical': 4, 'ebike': 0}",3,7,1,1790630851.0
7190,4,"{'mechanical': 0, 'ebike': 4}",1,10,0,1790630858.0
7191,3,"{'mechanical': 2, 'ebike': 1}",0,8,0,1790630855.0
7192,1,"{'mechanical': 0, 'ebike': 1}",1,13,0,1790630830.0
7193,5,"{'mechanical': 5, 'ebike': 0}",1,9,0,1790630769.0
7195,6,"{'mechanical': 6, 'ebike': 0}",3,2,0,1790630795.0
7196,1,"{'mechanical': 1, 'ebike': 0}",1,9,0,1790630881.0
7198,9,"{'mechanical': 7, 'ebike': 2}",0,10,0,1790630891.0
7199,3,"{'mechanical': 2, 'ebike': 1}",1,14,1,1790630826.0
7202,2,"{'mechanical': 2, 'ebike': 0}",2,22,1,1790630818.0
7203,29,"{'mechanical': 29, 'ebike': 0}",1,5,0,1790630791.0
7204,9,"{'mechanical': 5, 'ebike': 4}",1,9,0,1790630875.0
7205,4,"{'mechanical': 2, 'ebike': 2}",1,10,0,1790630870.0
7206,4,"{'mechanical': 0, 'ebike': 4}",2,7,0,1790630875.0
7207,12,"{'mechanical': 12, 'ebike': 0}",2,33,0,1790630773.0
7208,1,"{'mechanical': 1, 'ebike': 0}",1,13,0,1790629824.0
7209,5,"{'mechanical': 5, 'ebike': 0}",1,13,0,1790630771.0
7210,1,"{'mechanical': 0, 'ebike': 1}",2,12,0,1790630801.0
7211,15,"{'mechanical': 13, 'ebike': 2}",1,7,0,1790630893.0
7216,13,"{'mechanical': 13, 'ebike': 0}",3,7,0,1790630814.0
7217,12,"{'mechanical': 12, 'ebike': 0}",3,0,0,1790630842.0
7220,10,"{'mechanical': 10, 'ebike': 0}",2,7,0,1790630819.0
7221,0,"{'mechanical': 0, 'ebike': 0}",0,11,0,1790630849.0
7222,23,"{'mechanical': 21, 'ebike': 2}",1,3,0,1790630799.0
7223,3,"{'mechanical': 2, 'ebike': 1}",3,6,0,1790630882.0
7224,0,"{'mechanical': 0, 'ebike': 0}",2,21,0,1790630864.0
7225,17,"{'mechanical': 16, 'ebike': 1}",0,1,0,1790630893.0
7226,5,"{'mechanical': 4, 'ebike': 1}",1,13,0,1790630861.0
7227,9,"{'mechanical': 9, 'ebike': 0}",3,19,0,1790630872.0
7228,14,"{'mechanical': 14, 'ebike': 0}",1,4,0,1790630792.0
7229,4,"{'mechanical': 3, 'ebike': 1}",4,3,0,1790630892.0
7230,16,"{'mechanical': 15, 'ebike': 1}",1,2,0,1790630822.0
7231,4,"{'mechanical': 0, 'ebike': 4}",2,12,0,1790630865.0
7232,7,"{'mechanical': 7, 'ebike': 0}",1,8,0,1790630769.0
7233,2,"{'mechanical': 2, 'ebike': 0}",1,13,0,1790630836.0
7234,2,"{'mechanical': 2, 'ebike': 0}",1,16,0,1790630843.0
7235,1,"{'mechanical': 1, 'ebike': 0}",0,15,0,1790630799.0
7236,3,"{'mechanical': 2, 'ebike': 1}",0,21,0,1790630816.0
7237,0,"{'mechanical': 0, 'ebike': 0}",0,15,0,1790630815.0
7238,4,"{'mechanical': 3, 'ebike': 1}",1,11,0,1790630878.0
7239,11,"{'mechanical': 6, 'ebike': 5}",2,29,0,1790630835.0
7240,1,"{'mechanical': 0, 'ebike': 1}",1,31,1,1790630785.0
7241,2,"{'mechanical': 1, 'ebike': 1}",3,6,0,1790630845.0
7242,10,"{'mechanical': 8, 'ebike': 2}",3,22,0,1790630834.0
7243,3,"{'mechanical': 3, 'ebike': 0}",6,5,0,1790630795.0
7244,5,"{'mechanical': 5, 'ebike': 0}",3,8,0,1790630779.0
7246,1,"{'mechanical': 0, 'ebike': 1}",0,18,0,1790630863.0
7247,4,"{'mechanical': 4, 'ebike': 0}",2,6,0,1790630834.0
7248,7,"{'mechanical': 6, 'ebike': 1}",1,11,1,1790630798.0
7249,26,"{'mechanical': 1, 'ebike': 25}",7,18,0,1790630887.0
7250,0,"{'mechanical': 0, 'ebike': 0}",2,14,0,1790630889.0
7252,2,"{'mechanical': 2, 'ebike': 0}",1,15,0,1790630857.0
7253,7,"{'mechanical': 7, 'ebike': 0}",0,5,0,1790630825.0
7256,10,"{'mechanical': 9, 'ebike': 1}",1,1,0,1790630887.0
7257,0,"{'mechanical': 0, 'ebike': 0}",3,16,0,1790630783.0
7258,14,"{'mechanical': 13, 'ebike': 1}",0,0,1,1790630845.0
7259,15,"{'mechanical': 15, 'ebike': 0}",2,2,0,1790630857.0
7260,0,"{'mechanical': 0, 'ebike': 0}",2,13,0,1790630798.0
7261,9,"{'mechanical': 9, 'ebike': 0}",3,14,0,1790630789.0
7262,0,"{'mechanical': 0, 'ebike': 0}",3,13,0,1790630822.0
7264,1,"{'mechanical': 0, 'ebike': 1}",4,15,0,1790630785.0
7265,0,"{'mechanical': 0, 'ebike': 0}",0,11,1,1790630833.0
7266,2,"{'mechanical': 2, 'ebike': 0}",0,10,0,1790630815.0
7267,0,"{'mechanical': 0, 'ebike': 0}",1,13,1,1790630777.0
7268,2,"{'mechanical': 2, 'ebike': 0}",1,13,0,1790630855.0
7269,2,"{'mechanical': 1, 'ebike': 1}",0,18,0,1790630804.0
7270,0,"{'mechanical': 0, 'ebike': 0}",2,18,0,1790630886.0
7271,2,"{'mechanical': 1, 'ebike': 1}",1,14,1,1790630776.0
7272,0,"{'mechanical': 0, 'ebike': 0}",3,24,0,1790630831.0
7273,0,"{'mechanical': 0, 'ebike': 0}",3,17,0,1790630849.0
7276,0,"{'mechanical': 0, 'ebike': 0}",2,9,0,1790630784.0
7277,0,"{'mechanical': 0, 'ebike': 0}",2,18,0,1790630812.0
7278,11,"{'mechanical': 10, 'ebike': 1}",0,4,0,1790630873.0
7279,0,"{'mechanical': 0, 'ebike': 0}",3,13,0,1790630883.0
7281,2,"{'mechanical': 1, 'ebike': 1}",0,22,0,1790630812.0
7282,2,"{'mechanical': 2, 'ebike': 0}",0,21,0,1790630837.0
7283,0,"{'mechanical': 0, 'ebike': 0}",2,17,0,1790630781.0
7284,2,"{'mechanical': 2, 'ebike': 0}",0,22,0,1790630857.0
7285,21,"{'mechanical': 14, 'ebike': 7}",3,12,0,1790630825.0
7286,6,"{'mechanical': 5, 'ebike': 1}",1,11,0,1790630795.0
7287,15,"{'mechanical': 13, 'ebike': 2}",1,0,0,1790630820.0
7288,26,"{'mechanical': 21, 'ebike': 5}",1,2,2,1790630845.0
7289,4,"{'mechanical': 4, 'ebike': 0}",2,16,1,1790630783.0
7291,7,"{'mechanical': 7, 'ebike': 0}",0,7,1,1790630891.0
7292,13,"{'mechanical': 12, 'ebike': 1}",3,8,0,1790630835.0
7296,4,"{'mechanical': 4, 'ebike': 0}",4,11,0,1790630815.0
7297,2,"{'mechanical': 0, 'ebike': 2}",0,17,0,1790630792.0
7298,8,"{'mechanical': 7, 'ebike': 1}",1,16,0,1790630849.0
7299,11,"{'mechanical': 11, 'ebike': 0}",1,3,0,1790630879.0
7301,0,"{'mechanical': 0, 'ebike': 0}",2,13,0,1790630831.0
7302,2,"{'mechanical': 2, 'ebike': 0}",1,8,0,1790630770.0
7303,22,"{'mechanical': 22, 'ebike': 0}",0,21,0,1790630815.0
7309,14,"{'mechanical': 12, 'ebike': 2}",1,8,0,1790630879.0
7311,6,"{'mechanical': 4, 'ebike': 2}",0,13,0,1790630773.0
7312,1,"{'mechanical': 0, 'ebike': 1}",0,10,0,1790630826.0
7313,17,"{'mechanical': 12, 'ebike': 5}",0,12,0,1790630833.0
7314,4,"{'mechanical': 3, 'ebike': 1}",0,11,0,1790630889.0
7315,7,"{'mechanical': 7, 'ebike': 0}",2,2,0,1790630828.0
7316,14,"{'mechanical': 14, 'ebike': 0}",0,1,0,1790630814.0
7317,36,"{'mechanical': 35, 'ebike': 1}",0,3,0,1790630780.0
7318,19,"{'mechanical': 19, 'ebike': 0}",1,7,0,1790630800.0
7319,10,"{'mechanical': 10, 'ebike': 0}",0,1,0,1790630795.0
7320,16,"{'mechanical': 16, 'ebike': 0}",0,3,0,1790630851.0
7321,17,"{'mechanical': 16, 'ebike': 1}",1,1,0,1790630812.0
7322,10,"{'mechanical': 8, 'ebike': 2}",2,6,1,1790630799.0
7323,9,"{'mechanical': 9, 'ebike': 0}",2,7,1,1790630807.0
7324,18,"{'mechanical': 18, 'ebike': 0}",1,4,0,1790630830.0
7326,1,"{'mechanical': 0, 'ebike': 1}",0,18,0,1790630788.0
7329,6,"{'mechanical': 5, 'ebike': 1}",2,11,0,1790630830.0
7331,0,"{'mechanical': 0, 'ebike': 0}",0,19,0,1790630800.0
7332,0,"{'mechanical': 0, 'ebike': 0}",0,23,0,1790630783.0
7333,13,"{'mechanical': 13, 'ebike': 0}",0,5,1,1790630819.0
7334,12,"{'mechanical': 12, 'ebike': 0}",1,2,0,1790630773.0
7335,0,"{'mechanical': 0, 'ebike': 0}",4,15,0,1790630861.0
7336,16,"{'mechanical': 15, 'ebike': 1}",1,2,0,1790630813.0
7337,23,"{'mechanical': 20, 'ebike': 3}",0,0,0,1790630793.0
7338,4,"{'mechanical': 2, 'ebike': 2}",0,15,0,1790630876.0
7339,1,"{'mechanical': 0, 'ebike': 1}",1,13,0,1790630823.0
7340,2,"{'mechanical': 2, 'ebike': 0}",0,13,0,1790630778.0
7341,12,"{'mechanical': 12, 'ebike': 0}",0,2,0,1790630812.0
7342,8,"{'mechanical': 7, 'ebike': 1}",0,2,0,1790630809.0
7343,37,"{'mechanical': 36, 'ebike': 1}",1,2,1,1790630802.0
7344,26,"{'mechanical': 26, 'ebike': 0}",1,21,1,1790630860.0
7345,21,"{'mechanical': 21, 'ebike': 0}",0,10,0,1790630891.0
7346,11,"{'mechanical': 9, 'ebike': 2}",1,11,0,1790630813.0
7347,2,"{'mechanical': 1, 'ebike': 1}",0,13,0,1790630878.0
7348,2,"{'mechanical': 1, 'ebike': 1}",0,17,0,1790630880.0
7349,4,"{'mechanical': 2, 'ebike': 2}",0,18,1,1790630773.0
7350,11,"{'mechanical': 10, 'ebike': 1}",0,12,0,1790630852.0
7351,1,"{'mechanical': 0, 'ebike': 1}",0,18,0,1790630890.0
7352,0,"{'mechanical': 0, 'ebike': 0}",0,19,0,1790630774.0
7353,0,"{'mechanical': 0, 'ebike': 0}",0,19,0,1790630842.0
7354,19,"{'mechanical': 19, 'ebike': 0}",0,12,0,1790630859.0
7355,1,"{'mechanical': 0, 'ebike': 1}",2,8,0,1790630843.0
7356,3,"{'mechanical': 3, 'ebike': 0}",1,27,0,1790630805.0
7357,18,"{'mechanical': 17, 'ebike': 1}",1,0,0,1790630867.0
7358,3,"{'mechanical': 2, 'ebike': 1}",3,11,0,1790630822.0
7359,0,"{'mechanical': 0, 'ebike': 0}",2,21,0,1790630797.0
7360,3,"{'mechanical': 2, 'ebike': 1}",2,12,0,1790630812.0
7361,0,"{'mechanical': 0, 'ebike': 0}",3,16,0,1790630858.0
7362,0,"{'mechanical': 0, 'ebike': 0}",2,17,0,1790630847.0
7363,0,"{'mechanical': 0, 'ebike': 0}",3,12,0,1790630777.0
7364,34,"{'mechanical': 34, 'ebike': 0}",0,1,0,1790630851.0
7365,48,"{'mechanical': 48, 'ebike': 0}",1,12,0,1790630829.0
7366,2,"{'mechanical': 1, 'ebike': 1}",6,12,0,1790630889.0
7367,4,"{'mechanical': 4, 'ebike': 0}",3,9,0,1790630835.0
7368,3,"{'mechanical': 2, 'ebike': 1}",1,4,0,1790630784.0
7371,0,"{'mechanical': 0, 'ebike': 0}",0,20,0,1790630893.0
7373,1,"{'mechanical': 1, 'ebike': 0}",1,13,0,1790630801.0
7374,13,"{'mechanical': 13, 'ebike': 0}",1,5,0,1790630864.0
7375,9,"{'mechanical': 9, 'ebike': 0}",1,1,0,1790630873.0
7376,0,"{'mechanical': 0, 'ebike': 0}",4,15,0,1790630805.0
7377,1,"{'mechanical': 0, 'ebike': 1}",5,29,1,1790630840.0
7378,0,"{'mechanical': 0, 'ebike': 0}",0,15,0,1790630850.0
7379,2,"{'mechanical': 1, 'ebike': 1}",2,11,0,1790630802.0
7380,1,"{'mechanical': 0, 'ebike': 1}",3,12,0,1790630816.0
7381,2,"{'mechanical': 0, 'ebike': 2}",5,28,0,1790630808.0
7382,21,"{'mechanical': 21, 'ebike': 0}",2,4,0,1790630872.0
7383,14,"{'mechanical': 14, 'ebike': 0}",0,1,0,1790630814.0
7384,1,"{'mechanical': 1, 'ebike': 0}",2,6,0,1790630877.0
7385,0,"{'mechanical': 0, 'ebike': 0}",19,14,0,1790630856.0
7386,6,"{'mechanical': 6, 'ebike': 0}",2,8,0,1790630830.0
7387,1,"{'mechanical': 1, 'ebike': 0}",0,11,0,1790630771.0
7388,3,"{'mechanical': 1, 'ebike': 2}",0,12,0,1790630784.0
7389,0,"{'mechanical': 0, 'ebike': 0}",6,19,0,1790630813.0
7391,19,"{'mechanical': 18, 'ebike': 1}",3,9,0,1790630851.0
7395,1,"{'mechanical': 1, 'ebike': 0}",0,22,0,1790630866.0
7398,11,"{'mechanical': 11, 'ebike': 0}",2,6,0,1790630870.0
7399,15,"{'mechanical': 15, 'ebike': 0}",0,4,0,1790630796.0
7400,2,"{'mechanical': 2, 'ebike': 0}",0,21,0,1790630777.0
7403,5,"{'mechanical': 3, 'ebike': 2}",1,13,0,1790630887.0
7404,3,"{'mechanical': 2, 'ebike': 1}",3,12,1,1790630845.0
7407,7,"{'mechanical': 7, 'ebike': 0}",2,14,0,1790630786.0
7409,0,"{'mechanical': 0, 'ebike': 0}",0,27,0,1790630886.0
7410,1,"{'mechanical': 1, 'ebike': 0}",0,18,0,1790630853.0
7411,10,"{'mechanical': 10, 'ebike': 0}",1,12,0,1790630774.0
7412,11,"{'mechanical': 11, 'ebike': 0}",0,11,1,1790630834.0
7414,1,"{'mechanical': 0, 'ebike': 1}",1,13,0,1790630806.0
7415,1,"{'mechanical': 1, 'ebike': 0}",1,21,0,1790630798.0
7416,21,"{'mechanical': 20, 'ebike': 1}",0,10,0,1790630874.0
7417,0,"{'mechanical': 0, 'ebike': 0}",2,9,0,1790630830.0
7418,0,"{'mechanical': 0, 'ebike': 0}",1,24,0,1790630833.0
7419,3,"{'mechanical': 3, 'ebike': 0}",0,24,0,1790630831.0
7420,3,"{'mechanical': 2, 'ebike': 1}",3,22,0,1790630824.0
7422,2,"{'mechanical': 2, 'ebike': 0}",3,11,0,1790630813.0
7425,21,"{'mechanical': 21, 'ebike': 0}",0,2,0,1790630867.0
7427,41,"{'mechanical': 41, 'ebike': 0}",0,0,0,1790630769.0
7428,34,"{'mechanical': 32, 'ebike': 2}",1,8,0,1790630776.0
7429,0,"{'mechanical': 0, 'ebike': 0}",0,15,0,1790630865.0
7430,9,"{'mechanical': 9, 'ebike': 0}",1,17,0,1790630825.0
7431,15,"{'mechanical': 15, 'ebike': 0}",0,10,0,1790630891.0
7432,10,"{'mechanical': 9, 'ebike': 1}",0,37,0,1790630854.0
7433,12,"{'mechanical': 9, 'ebike': 3}",0,4,0,1790630810.0
7434,3,"{'mechanical': 0, 'ebike': 3}",1,35,0,1790630809.0
7435,1,"{'mechanical': 0, 'ebike': 1}",1,9,0,1790630769.0
7437,0,"{'mechanical': 0, 'ebike': 0}",1,14,0,1790630809.0
7438,0,"{'mechanical': 0, 'ebike': 0}",2,17,0,1790630847.0
7441,1,"{'mechanical': 0, 'ebike': 1}",2,20,0,1790630846.0
7442,2,"{'mechanical': 1, 'ebike': 1}",1,12,0,1790630827.0
7444,0,"{'mechanical': 0, 'ebike': 0}",0,20,0,1790630871.0
7445,19,"{'mechanical': 17, 'ebike': 2}",0,0,0,1790630794.0
7446,23,"{'mechanical': 21, 'ebike': 2}",1,1,0,1790630802.0
7447,0,"{'mechanical': 0, 'ebike': 0}",0,23,0,1790630854.0
7448,2,"{'mechanical': 2, 'ebike': 0}",0,16,1,1790630788.0
7449,2,"{'mechanical': 2, 'ebike': 0}",0,13,0,1790630790.0
7450,2,"{'mechanical': 2, 'ebike': 0}",0,12,1,1790630881.0
7451,5,"{'mechanical': 5, 'ebike': 0}",3,21,2,1790630797.0
7452,7,"{'mechanical': 4, 'ebike': 3}",3,12,1,1790630885.0
7453,5,"{'mechanical': 2, 'ebike': 3}",1,10,1,1790630826.0
7454,5,"{'mechanical': 4, 'ebike': 1}",5,5,0,1790630811.0
7455,2,"{'mechanical': 2, 'ebike': 0}",1,24,0,1790630793.0
7457,1,"{'mechanical': 1, 'ebike': 0}",6,16,0,1790630820.0
7458,13,"{'mechanical': 13, 'ebike': 0}",2,2,0,1790630809.0
7459,0,"{'mechanical': 0, 'ebike': 0}",0,11,0,1790630778.0
7460,0,"{'mechanical': 0, 'ebike': 0}",1,24,2,1790630893.0
7461,0,"{'mechanical': 0, 'ebike': 0}",2,21,0,1790630824.0
7462,0,"{'mechanical': 0, 'ebike': 0}",2,15,0,1790630830.0
7465,0,"{'mechanical': 0, 'ebike': 0}",3,16,0,1790630844.0
7466,2,"{'mechanical': 1, 'ebike': 1}",2,15,0,1790630772.0
7467,1,"{'mechanical': 1, 'ebike': 0}",1,13,0,1790630858.0
7468,11,"{'mechanical': 11, 'ebike': 0}",4,12,0,1790630788.0
7469,4,"{'mechanical': 4, 'ebike': 0}",1,18,0,1790630769.0
7471,8,"{'mechanical': 7, 'ebike': 1}",1,7,0,1790630887.0
7473,9,"{'mechanical': 9, 'ebike': 0}",1,5,0,1790630882.0
7474,14,"{'mechanical': 14, 'ebike': 0}",1,8,0,1790630787.0
7475,0,"{'mechanical': 0, 'ebike': 0}",4,15,0,1790630886.0
7476,0,"{'mechanical': 0, 'ebike': 0}",0,15,0,1790630771.0
7477,0,"{'mechanical': 0, 'ebike': 0}",1,19,0,1790630780.0
7478,16,"{'mechanical': 16, 'ebike': 0}",2,1,0,1790630793.0
7480,1,"{'mechanical': 1, 'ebike': 0}",1,13,0,1790630813.0
7483,3,"{'mechanical': 1, 'ebike': 2}",1,8,0,1790630784.0
7484,4,"{'mechanical': 0, 'ebike': 4}",3,9,0,1790630788.0
7485,1,"{'mechanical': 0, 'ebike': 1}",1,13,0,1790630831.0
7486,0,"{'mechanical': 0, 'ebike': 0}",0,22,0,1790630770.0
7487,6,"{'mechanical': 6, 'ebike': 0}",0,9,0,1790630861.0
7488,1,"{'mechanical': 0, 'ebike': 1}",2,8,0,1790630825.0
7489,7,"{'mechanical': 7, 'ebike': 0}",0,12,0,1790630885.0
7492,5,"{'mechanical': 5, 'ebike': 0}",2,8,0,1790630814.0
7493,3,"{'mechanical': 3, 'ebike': 0}",0,9,0,1790630774.0
7494,0,"{'mechanical': 0, 'ebike': 0}",4,8,0,1790630852.0
7496,5,"{'mechanical': 4, 'ebike': 1}",1,14,0,1790630778.0
7497,0,"{'mechanical': 0, 'ebike': 0}",2,18,0,1790630838.0
7501,0,"{'mechanical': 0, 'ebike': 0}",0,20,0,1790630807.0
7502,1,"{'mechanical': 1, 'ebike': 0}",2,17,0,1790630891.0
7503,1,"{'mechanical': 0, 'ebike': 1}",0,19,0,1790630871.0
7504,1,"{'mechanical': 1, 'ebike': 0}",0,15,0,1790630846.0
7505,5,"{'mechanical': 4, 'ebike': 1}",2,13,0,1790630887.0
7506,7,"{'mechanical': 7, 'ebike': 0}",0,5,0,1790630876.0
7508,2,"{'mechanical': 2, 'ebike': 0}",2,16,0,1790630879.0
7514,41,"{'mechanical': 41, 'ebike': 0}",3,19,0,1790630793.0
7515,21,"{'mechanical': 16, 'ebike': 5}",2,4,0,1790630835.0
7516,7,"{'mechanical': 7, 'ebike': 0}",2,8,0,1790630861.0
7517,22,"{'mechanical': 22, 'ebike': 0}",0,1,0,1790630814.0
7518,9,"{'mechanical': 9, 'ebike': 0}",0,18,0,1790630839.0
7520,1,"{'mechanical': 0, 'ebike': 1}",1,13,0,1790630771.0
7521,20,"{'mechanical': 20, 'ebike': 0}",0,3,0,1790630796.0
7522,0,"{'mechanical': 0, 'ebike': 0}",0,17,0,1790630801.0
7523,9,"{'mechanical': 9, 'ebike': 0}",1,5,0,1790630861.0
7524,3,"{'mechanical': 3, 'ebike': 0}",4,28,0,1790630813.0
7526,1,"{'mechanical': 0, 'ebike': 1}",2,20,0,1790630781.0
7527,3,"{'mechanical': 3, 'ebike': 0}",0,16,0,1790630886.0
7528,1,"{'mechanical': 1, 'ebike': 0}",3,13,0,1790630893.0
7529,0,"{'mechanical': 0, 'ebike': 0}",0,15,0,1790630801.0
7530,5,"{'mechanical': 4, 'ebike': 1}",2,15,0,1790630864.0
7531,1,"{'mechanical': 0, 'ebike': 1}",3,16,0,1790630808.0
7533,9,"{'mechanical': 9, 'ebike': 0}",0,18,0,1790630866.0
7534,5,"{'mechanical': 5, 'ebike': 0}",1,9,0,1790630867.0
7536,0,"{'mechanical': 0, 'ebike': 0}",2,21,0,1790630864.0
7537,0,"{'mechanical': 0, 'ebike': 0}",3,13,0,1790630813.0
7538,0,"{'mechanical': 0, 'ebike': 0}",1,18,0,1790630831.0
7539,1,"{'mechanical': 1, 'ebike': 0}",1,17,0,1790630863.0
7540,0,"{'mechanical': 0, 'ebike': 0}",0,18,1,1790630786.0
7541,4,"{'mechanical': 3, 'ebike': 1}",0,16,0,1790630837.0
7542,15,"{'mechanical': 15, 'ebike': 0}",0,8,0,1790630774.0
7543,2,"{'mechanical': 2, 'ebike': 0}",0,13,0,1790630843.0
7545,2,"{'mechanical': 1, 'ebike': 1}",1,12,0,1790630789.0
7546,6,"{'mechanical': 6, 'ebike': 0}",2,10,0,1790630824.0
7547,3,"{'mechanical': 3, 'ebike': 0}",2,10,0,1790630834.0
7548,0,"{'mechanical': 0, 'ebike': 0}",7,13,0,1790630832.0
7549,5,"{'mechanical': 5, 'ebike': 0}",2,40,0,1790630782.0
7551,10,"{'mechanical': 10, 'ebike': 0}",1,4,0,1790630835.0
7552,4,"{'mechanical': 4, 'ebike': 0}",0,13,2,1790630783.0
7553,2,"{'mechanical': 2, 'ebike': 0}",1,16,0,1790630863.0
7554,11,"{'mechanical': 11, 'ebike': 0}",0,16,0,1790630787.0
7555,3,"{'mechanical': 2, 'ebike': 1}",0,17,0,1790630875.0
7556,9,"{'mechanical': 9, 'ebike': 0}",4,18,0,1790630863.0
7557,19,"{'mechanical': 18, 'ebike': 1}",0,4,0,1790630793.0
7558,16,"{'mechanical': 15, 'ebike': 1}",2,1,0,1790630785.0
7559,11,"{'mechanical': 11, 'ebike': 0}",0,4,0,1790630793.0
7561,5,"{'mechanical': 4, 'ebike': 1}",1,9,0,1790630877.0
7562,1,"{'mechanical': 0, 'ebike': 1}",2,20,0,1790630774.0
7563,4,"{'mechanical': 4, 'ebike': 0}",1,14,0,1790630889.0
7564,1,"{'mechanical': 1, 'ebike': 0}",1,21,0,1790630873.0
7565,0,"{'mechanical': 0, 'ebike': 0}",1,22,0,1790630863.0
7566,0,"{'mechanical': 0, 'ebike': 0}",1,18,0,1790630873.0
7567,6,"{'mechanical': 6, 'ebike': 0}",0,21,0,1790630838.0
7568,5,"{'mechanical': 4, 'ebike': 1}",2,19,1,1790630879.0
7569,65,"{'mechanical': 65, 'ebike': 0}",2,19,1,1790630879.0
7570,10,"{'mechanical': 10, 'ebike': 0}",7,0,0,1790630888.0
7571,17,"{'mechanical': 15, 'ebike': 2}",0,2,0,1790630833.0
7572,2,"{'mechanical': 1, 'ebike': 1}",1,12,0,1790630870.0
7575,14,"{'mechanical': 14, 'ebike': 0}",0,1,0,1790630868.0
7576,10,"{'mechanical': 10, 'ebike': 0}",0,13,0,1790630784.0
7577,3,"{'mechanical': 2, 'ebike': 1}",1,23,0,1790630806.0
7578,8,"{'mechanical': 7, 'ebike': 1}",1,6,0,1790630892.0
7579,1,"{'mechanical': 1, 'ebike': 0}",2,16,0,1790630890.0
7580,0,"{'mechanical': 0, 'ebike': 0}",1,14,0,1790630825.0
7581,3,"{'mechanical': 3, 'ebike': 0}",0,12,0,1790630851.0
7582,2,"{'mechanical': 2, 'ebike': 0}",0,14,0,1790630884.0
7583,4,"{'mechanical': 0, 'ebike': 4}",1,18,0,1790630887.0
7584,2,"{'mechanical': 2, 'ebike': 0}",0,25,0,1790630821.0
7587,4,"{'mechanical': 4, 'ebike': 0}",0,14,1,1790630825.0
7588,2,"{'mechanical': 2, 'ebike': 0}",2,15,0,1790630810.0
7589,5,"{'mechanical': 4, 'ebike': 1}",3,7,0,1790630852.0
7590,2,"{'mechanical': 2, 'ebike': 0}",0,21,0,1790630862.0
7591,0,"{'mechanical': 0, 'ebike': 0}",4,19,0,1790630783.0
7593,4,"{'mechanical': 4, 'ebike': 0}",1,22,0,1790630851.0
7594,8,"{'mechanical': 0, 'ebike': 8}",4,3,0,1790630780.0
7595,4,"{'mechanical': 0, 'ebike': 4}",1,10,0,1790630865.0
7596,4,"{'mechanical': 2, 'ebike': 2}",0,28,0,1790630777.0
7597,0,"{'mechanical': 0, 'ebike': 0}",0,15,0,1790630782.0
7598,0,"{'mechanical': 0, 'ebike': 0}",0,15,0,1790630785.0
7599,2,"{'mechanical': 2, 'ebike': 0}",2,12,0,1790630820.0
7600,0,"{'mechanical': 0, 'ebike': 0}",3,17,0,1790630816.0
7601,3,"{'mechanical': 3, 'ebike': 0}",4,16,2,1790630787.0
7602,1,"{'mechanical': 0, 'ebike': 1}",2,16,0,1790630808.0
7603,7,"{'mechanical': 7, 'ebike': 0}",2,5,0,1790630888.0
7604,2,"{'mechanical': 1, 'ebike': 1}",0,17,0,1790630821.0
7605,4,"{'mechanical': 2, 'ebike': 2}",1,15,0,1790630826.0
7606,2,"{'mechanical': 0, 'ebike': 2}",2,15,0,1790630790.0
7607,6,"{'mechanical': 6, 'ebike': 0}",0,12,1,1790630804.0
7608,1,"{'mechanical': 1, 'ebike': 0}",0,26,0,1790630879.0
7609,0,"{'mechanical': 0, 'ebike': 0}",0,27,0,1790630818.0
7610,3,"{'mechanical': 1, 'ebike': 2}",1,11,0,1790630853.0
7611,2,"{'mechanical': 2, 'ebike': 0}",0,17,0,1790630813.0
7612,2,"{'mechanical': 1, 'ebike': 1}",0,17,0,1790630815.0
7613,2,"{'mechanical': 2, 'ebike': 0}",0,15,2,1790630835.0
7614,1,"{'mechanical': 0, 'ebike': 1}",1,21,0,1790630808.0
7615,9,"{'mechanical': 9, 'ebike': 0}",1,9,0,1790630780.0
7616,3,"{'mechanical': 3, 'ebike': 0}",1,15,0,1790630888.0
7617,1,"{'mechanical': 1, 'ebike': 0}",0,17,1,1790630775.0
7618,1,"{'mechanical': 1, 'ebike': 0}",0,10,0,1790630822.0
7619,1,"{'mechanical': 0, 'ebike': 1}",1,13,0,1790630871.0
7620,9,"{'mechanical': 4, 'ebike': 5}",1,21,0,1790630815.0
7622,19,"{'mechanical': 18, 'ebike': 1}",0,4,0,1790630833.0
7623,3,"{'mechanical': 3, 'ebike': 0}",1,15,0,1790630882.0
7624,1,"{'mechanical': 1, 'ebike': 0}",0,10,0,1790630842.0
7625,0,"{'mechanical': 0, 'ebike': 0}",2,21,0,1790630832.0
7626,1,"{'mechanical': 1, 'ebike': 0}",2,22,0,1790630886.0
7627,2,"{'mechanical': 2, 'ebike': 0}",0,13,0,1790630844.0
7629,3,"{'mechanical': 3, 'ebike': 0}",0,12,0,1790630797.0
7630,8,"{'mechanical': 6, 'ebike': 2}",1,14,0,1790630814.0
7631,14,"{'mechanical': 13, 'ebike': 1}",0,1,0,1790630774.0
7632,1,"{'mechanical': 0, 'ebike': 1}",3,13,0,1790630892.0
7633,1,"{'mechanical': 1, 'ebike': 0}",1,13,0,1790630877.0
7635,2,"{'mechanical': 1, 'ebike': 1}",3,10,0,1790630846.0
7636,11,"{'mechanical': 8, 'ebike': 3}",1,11,0,1790630814.0
7637,3,"{'mechanical': 3, 'ebike': 0}",2,14,0,1790630890.0
7639,3,"{'mechanical': 3, 'ebike': 0}",3,10,0,1790630788.0
7640,0,"{'mechanical': 0, 'ebike': 0}",2,11,2,1790630821.0
7641,3,"{'mechanical': 1, 'ebike': 2}",1,11,0,1790630835.0
7642,0,"{'mechanical': 0, 'ebike': 0}",5,14,0,1790630787.0
7643,0,"{'mechanical': 0, 'ebike': 0}",1,18,0,1790630877.0
7644,2,"{'mechanical': 0, 'ebike': 2}",1,12,0,1790630848.0
7645,0,"{'mechanical': 0, 'ebike': 0}",0,16,0,1790630808.0
7646,7,"{'mechanical': 7, 'ebike': 0}",0,8,0,1790630803.0
7650,0,"{'mechanical': 0, 'ebike': 0}",6,16,1,1790630801.0
7653,8,"{'mechanical': 6, 'ebike': 2}",3,4,0,1790630820.0
7654,2,"{'mechanical': 0, 'ebike': 2}",0,5,0,1790630805.0
7655,0,"{'mechanical': 0, 'ebike': 0}",0,15,0,1790630812.0
7656,0,"{'mechanical': 0, 'ebike': 0}",3,8,0,1790630805.0
7657,16,"{'mechanical': 16, 'ebike': 0}",1,3,0,1790630818.0
7658,26,"{'mechanical': 22, 'ebike': 4}",0,1,0,1790630838.0
7659,0,"{'mechanical': 0, 'ebike': 0}",0,19,0,1790630793.0
7660,28,"{'mechanical': 28, 'ebike': 0}",1,10,0,1790630849.0
7662,9,"{'mechanical': 9, 'ebike': 0}",1,9,0,1790630856.0
7663,0,"{'mechanical': 0, 'ebike': 0}",3,14,0,1790630786.0
7664,3,"{'mechanical': 3, 'ebike': 0}",2,10,0,1790630878.0
7665,1,"{'mechanical': 1, 'ebike': 0}",0,10,0,1790630873.0
7666,3,"{'mechanical': 3, 'ebike': 0}",1,20,2,1790630852.0
7667,4,"{'mechanical': 1, 'ebike': 3}",5,6,0,1790630852.0
7668,0,"{'mechanical': 0, 'ebike': 0}",6,14,0,1790630798.0
7671,3,"{'mechanical': 1, 'ebike': 2}",1,8,0,1790630846.0
7675,6,"{'mechanical': 3, 'ebike': 3}",1,7,1,1790630769.0
7676,0,"{'mechanical': 0, 'ebike': 0}",0,16,0,1790630846.0
7677,1,"{'mechanical': 0, 'ebike': 1}",1,13,0,1790630832.0
7678,5,"{'mechanical': 5, 'ebike': 0}",1,10,0,1790630865.0
7679,5,"{'mechanical': 5, 'ebike': 0}",0,10,0,1790630855.0
7681,12,"{'mechanical': 12, 'ebike': 0}",0,12,0,1790630862.0
7682,11,"{'mechanical': 10, 'ebike': 1}",0,24,0,1790630883.0
7684,13,"{'mechanical': 13, 'ebike': 0}",2,8,0,1790630799.0
7685,18,"{'mechanical': 18, 'ebike': 0}",2,3,0,1790630828.0
7686,15,"{'mechanical': 15, 'ebike': 0}",0,0,0,1790630804.0
7687,0,"{'mechanical': 0, 'ebike': 0}",0,12,0,1790630811.0
7688,5,"{'mechanical': 5, 'ebike': 0}",3,7,0,1790630867.0
7691,1,"{'mechanical': 0, 'ebike': 1}",2,14,2,1790630800.0
7692,22,"{'mechanical': 20, 'ebike': 2}",1,3,0,1790630820.0
7693,6,"{'mechanical': 6, 'ebike': 0}",0,17,0,1790630840.0
7694,1,"{'mechanical': 0, 'ebike': 1}",2,16,0,1790630871.0
7695,18,"{'mechanical': 15, 'ebike': 3}",1,0,0,1790630836.0
7696,11,"{'mechanical': 11, 'ebike': 0}",0,8,0,1790630877.0
7698,2,"{'mechanical': 2, 'ebike': 0}",1,11,0,1790630808.0
7699,1,"{'mechanical': 0, 'ebike': 1}",2,12,0,1790630820.0
7700,0,"{'mechanical': 0, 'ebike': 0}",2,13,0,1790630806.0
7701,15,"{'mechanical': 13, 'ebike': 2}",2,2,0,1790630768.0
7702,14,"{'mechanical': 12, 'ebike': 2}",1,3,0,1790630794.0
7704,1,"{'mechanical': 1, 'ebike': 0}",0,18,0,1790630830.0
7705,18,"{'mechanical': 16, 'ebike': 2}",1,0,0,1790630862.0
7706,1,"{'mechanical': 1, 'ebike': 0}",0,26,0,1790630834.0
7707,9,"{'mechanical': 9, 'ebike': 0}",1,9,0,1790630791.0
7708,0,"{'mechanical': 0, 'ebike': 0}",5,23,0,1790630787.0
7709,1,"{'mechanical': 0, 'ebike': 1}",1,21,0,1790630774.0
7710,1,"{'mechanical': 1, 'ebike': 0}",5,12,0,1790630818.0
7711,0,"{'mechanical': 0, 'ebike': 0}",0,15,0,1790630859.0
7712,1,"{'mechanical': 1, 'ebike': 0}",2,20,0,1790630886.0
7713,0,"{'mechanical': 0, 'ebike': 0}",4,15,0,1790630834.0
7715,3,"{'mechanical': 2, 'ebike': 1}",0,8,0,1790630768.0
7716,16,"{'mechanical': 16, 'ebike': 0}",0,3,0,1790630885.0
7717,8,"{'mechanical': 7, 'ebike': 1}",0,3,0,1790630865.0
7718,7,"{'mechanical': 6, 'ebike': 1}",1,2,1,1790630890.0
7720,21,"{'mechanical': 19, 'ebike': 2}",3,7,0,1790630870.0
7721,6,"{'mechanical': 6, 'ebike': 0}",0,5,0,1790630863.0
7725,2,"{'mechanical': 1, 'ebike': 1}",1,12,0,1790630874.0
7728,3,"{'mechanical': 2, 'ebike': 1}",0,16,0,1790630847.0
7729,25,"{'mechanical': 4, 'ebike': 21}",5,15,0,1790630884.0
7730,32,"{'mechanical': 3, 'ebike': 29}",6,5,0,1790630794.0
7731,1,"{'mechanical': 0, 'ebike': 1}",1,13,0,1790630813.0
7732,5,"{'mechanical': 5, 'ebike': 0}",0,10,0,1790630893.0
7733,6,"{'mechanical': 5, 'ebike': 1}",0,9,0,1790630823.0
7734,1,"{'mechanical': 1, 'ebike': 0}",0,14,0,1790630878.0
7735,3,"{'mechanical': 3, 'ebike': 0}",0,12,0,1790630796.0
7736,3,"{'mechanical': 2, 'ebike': 1}",0,12,0,1790630842.0
7737,2,"{'mechanical': 2, 'ebike': 0}",0,13,0,1790630789.0
7738,0,"{'mechanical': 0, 'ebike': 0}",1,14,0,1790630856.0
7739,2,"{'mechanical': 1, 'ebike': 1}",1,12,0,1790630810.0
7740,4,"{'mechanical': 3, 'ebike': 1}",0,11,0,1790630786.0
7741,1,"{'mechanical': 1, 'ebike': 0}",1,13,0,1790630786.0
7742,5,"{'mechanical': 0, 'ebike': 5}",0,14,0,1790630797.0
7743,8,"{'mechanical': 1, 'ebike': 7}",0,11,0,1790630834.0
7744,0,"{'mechanical': 0, 'ebike': 0}",0,23,0,1790630827.0
7745,8,"{'mechanical': 8, 'ebike': 0}",0,7,0,1790630768.0
7746,1,"{'mechanical': 0, 'ebike': 1}",1,16,1,1790630800.0
7747,2,"{'mechanical': 2, 'ebike': 0}",2,11,0,1790630844.0
7748,8,"{'mechanical': 7, 'ebike': 1}",1,10,0,1790630884.0
7749,1,"{'mechanical': 1, 'ebike': 0}",0,14,0,1790630891.0
7750,0,"{'mechanical': 0, 'ebike': 0}",0,15,0,1790630810.0
7751,1,"{'mechanical': 0, 'ebike': 1}",1,13,0,1790630827.0
7752,17,"{'mechanical': 17, 'ebike': 0}",0,6,0,1790630850.0
7753,12,"{'mechanical': 10, 'ebike': 2}",3,0,0,1790630814.0
7754,0,"{'mechanical': 0, 'ebike': 0}",2,12,0,1790630856.0
7755,6,"{'mechanical': 6, 'ebike': 0}",0,9,0,1790630855.0
7756,5,"{'mechanical': 5, 'ebike': 0}",0,14,0,1790630884.0
7757,15,"{'mechanical': 15, 'ebike': 0}",3,1,0,1790630825.0
7758,6,"{'mechanical': 6, 'ebike': 0}",0,13,0,1790630810.0
7759,13,"{'mechanical': 13, 'ebike': 0}",0,2,0,1790630797.0
7760,2,"{'mechanical': 1, 'ebike': 1}",4,17,0,1790630831.0
7761,4,"{'mechanical': 2, 'ebike': 2}",1,10,0,1790630775.0
7762,0,"{'mechanical': 0, 'ebike': 0}",1,13,0,1790630830.0
7765,4,"{'mechanical': 2, 'ebike': 2}",1,10,0,1790630788.0
7766,1,"{'mechanical': 1, 'ebike': 0}",1,13,0,1790630771.0
7767,4,"{'mechanical': 4, 'ebike': 0}",0,7,0,1790630807.0
7768,1,"{'mechanical': 1, 'ebike': 0}",2,11,0,1790630813.0
7769,2,"{'mechanical': 1, 'ebike': 1}",1,12,0,1790630889.0
7770,10,"{'mechanical': 10, 'ebike': 0}",1,12,0,1790630828.0
7771,1,"{'mechanical': 1, 'ebike': 0}",1,9,0,1790630777.0
7772,6,"{'mechanical': 6, 'ebike': 0}",0,9,0,1790630769.0
7773,1,"{'mechanical': 1, 'ebike': 0}",0,12,1,1790630782.0
7774,0,"{'mechanical': 0, 'ebike': 0}",0,15,0,1790630801.0
7775,3,"{'mechanical': 3, 'ebike': 0}",0,8,0,1790630872.0
7776,0,"{'mechanical': 0, 'ebike': 0}",0,19,0,1790630835.0
7777,4,"{'mechanical': 3, 'ebike': 1}",1,10,0,1790630837.0
7778,2,"{'mechanical': 2, 'ebike': 0}",1,8,0,1790630806.0
7779,1,"{'mechanical': 1, 'ebike': 0}",2,12,0,1790630859.0
7780,4,"{'mechanical': 3, 'ebike': 1}",1,11,0,1790630890.0
7781,0,"{'mechanical': 0, 'ebike': 0}",3,12,0,1790630843.0
7782,1,"{'mechanical': 1, 'ebike': 0}",0,19,0,1790630808.0
7783,1,"{'mechanical': 1, 'ebike': 0}",0,19,0,1790630858.0
7784,11,"{'mechanical': 9, 'ebike': 2}",0,8,0,1790630772.0
7785,5,"{'mechanical': 5, 'ebike': 0}",1,10,0,1790630831.0
7787,16,"{'mechanical': 16, 'ebike': 0}",4,11,0,1790630782.0
7788,39,"{'mechanical': 39, 'ebike': 0}",1,9,0,1790630792.0
7789,1,"{'mechanical': 0, 'ebike': 1}",3,19,0,1790630838.0
7790,11,"{'mechanical': 10, 'ebike': 1}",2,4,0,1790630809.0
7791,7,"{'mechanical': 7, 'ebike': 0}",1,7,0,1790630803.0
7792,12,"{'mechanical': 10, 'ebike': 2}",1,2,0,1790630861.0
7796,3,"{'mechanical': 3, 'ebike': 0}",1,15,0,1790630833.0
7798,9,"{'mechanical': 9, 'ebike': 0}",0,6,0,1790630859.0
7799,0,"{'mechanical': 0, 'ebike': 0}",0,15,0,1790630844.0
7800,2,"{'mechanical': 2, 'ebike': 0}",1,16,0,1790630829.0
7801,2,"{'mechanical': 2, 'ebike': 0}",0,13,0,1790630825.0
7802,6,"{'mechanical': 6, 'ebike': 0}",2,4,0,1790630822.0
7803,1,"{'mechanical': 0, 'ebike': 1}",1,17,0,1790630814.0
7804,9,"{'mechanical': 8, 'ebike': 1}",1,3,0,1790630866.0
7805,5,"{'mechanical': 2, 'ebike': 3}",0,14,0,1790630866.0
7806,1,"{'mechanical': 0, 'ebike': 1}",1,13,0,1790630837.0
7807,0,"{'mechanical': 0, 'ebike': 0}",0,15,0,1790630770.0
7808,1,"{'mechanical': 1, 'ebike': 0}",0,14,0,1790630876.0
7809,1,"{'mechanical': 0, 'ebike': 1}",1,17,0,1790630862.0
7810,0,"{'mechanical': 0, 'ebike': 0}",1,14,0,1790630811.0
7811,14,"{'mechanical': 14, 'ebike': 0}",4,1,0,1790630831.0
7812,6,"{'mechanical': 6, 'ebike': 0}",0,13,0,1790630826.0
7813,0,"{'mechanical': 0, 'ebike': 0}",1,22,0,1790630874.0
7814,5,"{'mechanical': 5, 'ebike': 0}",0,10,0,1790630799.0
7815,1,"{'mechanical': 1, 'ebike': 0}",0,13,1,1790630841.0
7816,26,"{'mechanical': 26, 'ebike': 0}",2,27,0,1790630850.0
7817,14,"{'mechanical': 11, 'ebike': 3}",1,0,0,1790630859.0
7818,0,"{'mechanical': 0, 'ebike': 0}",0,19,0,1790630839.0
7819,0,"{'mechanical': 0, 'ebike': 0}",2,13,0,1790630869.0
7820,0,"{'mechanical': 0, 'ebike': 0}",0,15,0,1790630838.0
7821,14,"{'mechanical': 12, 'ebike': 2}",4,2,0,1790630848.0
7822,16,"{'mechanical': 16, 'ebike': 0}",0,3,0,1790630827.0
7823,3,"{'mechanical': 0, 'ebike': 3}",4,3,1,1790630857.0
7824,0,"{'mechanical': 0, 'ebike': 0}",1,18,0,1790630877.0
7825,2,"{'mechanical': 2, 'ebike': 0}",0,12,0,1790630878.0
7826,8,"{'mechanical': 6, 'ebike': 2}",0,7,0,1790630869.0
7827,0,"{'mechanical': 0, 'ebike': 0}",0,15,0,1790630854.0
7828,0,"{'mechanical': 0, 'ebike': 0}",0,11,0,1790630813.0
7830,2,"{'mechanical': 2, 'ebike': 0}",0,13,0,1790630891.0
7831,10,"{'mechanical': 10, 'ebike': 0}",0,9,0,1790630843.0
7832,4,"{'mechanical': 4, 'ebike': 0}",3,12,0,1790630855.0
7833,0,"{'mechanical': 0, 'ebike': 0}",0,15,0,1790630831.0
7834,0,"{'mechanical': 0, 'ebike': 0}",0,15,0,1790630776.0
7835,2,"{'mechanical': 1, 'ebike': 1}",1,16,0,1790630771.0
7836,0,"{'mechanical': 0, 'ebike': 0}",0,19,0,1790630811.0
7837,2,"{'mechanical': 2, 'ebike': 0}",0,17,0,1790630816.0
7838,17,"{'mechanical': 17, 'ebike': 0}",0,2,0,1790630782.0
7839,4,"{'mechanical': 3, 'ebike': 1}",2,5,0,1790630771.0
7840,4,"{'mechanical': 4, 'ebike': 0}",0,11,0,1790630888.0
7841,4,"{'mechanical': 3, 'ebike': 1}",2,9,0,1790630791.0
7842,8,"{'mechanical': 8, 'ebike': 0}",0,3,0,1790630854.0
7843,13,"{'mechanical': 12, 'ebike': 1}",2,0,0,1790630851.0
7844,9,"{'mechanical': 9, 'ebike': 0}",2,4,0,1790630883.0
7845,11,"{'mechanical': 11, 'ebike': 0}",0,4,0,1790630864.0
7846,0,"{'mechanical': 0, 'ebike': 0}",0,15,0,1790630880.0
7848,2,"{'mechanical': 2, 'ebike': 0}",1,20,0,1790630771.0
7849,0,"{'mechanical': 0, 'ebike': 0}",0,14,1,1790630776.0
7850,13,"{'mechanical': 13, 'ebike': 0}",1,1,1,1790630804.0
7851,0,"{'mechanical': 0, 'ebike': 0}",2,13,0,1790630813.0
7852,8,"{'mechanical': 8, 'ebike': 0}",0,15,0,1790630851.0
7853,13,"{'mechanical': 12, 'ebike': 1}",0,2,0,1790630872.0
7854,0,"{'mechanical': 0, 'ebike': 0}",0,19,0,1790630816.0
7855,1,"{'mechanical': 1, 'ebike': 0}",2,12,0,1790630852.0
7856,2,"{'mechanical': 2, 'ebike': 0}",0,13,0,1790630805.0
7857,5,"{'mechanical': 0, 'ebike': 5}",0,14,0,1790630769.0
7858,1,"{'mechanical': 1, 'ebike': 0}",0,22,0,1790630863.0
7859,4,"{'mechanical': 4, 'ebike': 0}",0,11,0,1790630890.0
7860,4,"{'mechanical': 4, 'ebike': 0}",1,10,0,1790630870.0
7861,2,"{'mechanical': 1, 'ebike': 1}",0,17,0,1790630816.0
7862,0,"{'mechanical': 0, 'ebike': 0}",0,15,0,1790630796.0
7863,0,"{'mechanical': 0, 'ebike': 0}",1,14,0,1790630794.0
7864,1,"{'mechanical': 0, 'ebike': 1}",1,13,0,1790630769.0
7865,21,"{'mechanical': 1, 'ebike': 20}",6,16,0,1790630799.0
7866,1,"{'mechanical': 1, 'ebike': 0}",3,19,0,1790630859.0
7867,1,"{'mechanical': 0, 'ebike': 1}",4,10,0,1790630772.0
7868,6,"{'mechanical': 6, 'ebike': 0}",0,13,0,1790630863.0
7869,5,"{'mechanical': 5, 'ebike': 0}",0,10,0,1790630775.0
7870,0,"{'mechanical': 0, 'ebike': 0}",0,15,0,1790630833.0
7871,2,"{'mechanical': 2, 'ebike': 0}",0,12,0,1790630863.0
7872,7,"{'mechanical': 7, 'ebike': 0}",0,8,0,1790630816.0
7874,3,"{'mechanical': 3, 'ebike': 0}",1,11,0,1790630840.0
7875,6,"{'mechanical': 6, 'ebike': 0}",0,9,0,1790630830.0
7877,7,"{'mechanical': 7, 'ebike': 0}",0,8,0,1790630810.0
7878,1,"{'mechanical': 1, 'ebike': 0}",0,14,0,1790630847.0
7880,9,"{'mechanical': 9, 'ebike': 0}",1,5,0,1790630853.0
7883,3,"{'mechanical': 2, 'ebike': 1}",0,8,0,1790630769.0
7884,6,"{'mechanical': 5, 'ebike': 1}",0,9,0,1790630779.0
7885,8,"{'mechanical': 7, 'ebike': 1}",1,2,0,1790630780.0
7887,27,"{'mechanical': 1, 'ebike': 26}",7,7,2,1790630795.0
7888,4,"{'mechanical': 2, 'ebike': 2}",0,11,0,1790630865.0
7889,11,"{'mechanical': 10, 'ebike': 1}",0,8,0,1790630862.0
7890,4,"{'mechanical': 1, 'ebike': 3}",2,17,0,1790630778.0
7891,2,"{'mechanical': 1, 'ebike': 1}",0,17,0,1790630829.0
7893,0,"{'mechanical': 0, 'ebike': 0}",0,19,0,1790630837.0
7894,1,"{'mechanical': 0, 'ebike': 1}",1,13,0,1790630848.0
7895,1,"{'mechanical': 1, 'ebike': 0}",0,14,0,1790630816.0
7896,0,"{'mechanical': 0, 'ebike': 0}",1,14,0,1790630829.0
7897,2,"{'mechanical': 1, 'ebike': 1}",0,13,0,1790630781.0
7899,0,"{'mechanical': 0, 'ebike': 0}",1,22,0,1790630782.0
7900,0,"{'mechanical': 0, 'ebike': 0}",1,10,0,1790630802.0
7901,4,"{'mechanical': 3, 'ebike': 1}",1,6,0,1790630787.0
7902,0,"{'mechanical': 0, 'ebike': 0}",0,15,0,1790630858.0
7903,0,"{'mechanical': 0, 'ebike': 0}",2,13,0,1790630780.0
7904,1,"{'mechanical': 1, 'ebike': 0}",2,8,0,1790630878.0
7906,3,"{'mechanical': 3, 'ebike': 0}",2,9,0,1790630821.0
7907,12,"{'mechanical': 1, 'ebike': 11}",17,12,0,1790630788.0
7909,3,"{'mechanical': 3, 'ebike': 0}",0,20,0,1790630818.0
7910,1,"{'mechanical': 0, 'ebike': 1}",1,13,0,1790630821.0
7911,1,"{'mechanical': 1, 'ebike': 0}",3,15,0,1790630830.0
7912,9,"{'mechanical': 9, 'ebike': 0}",0,10,0,1790630802.0
7913,29,"{'mechanical': 26, 'ebike': 3}",0,6,0,1790630789.0
7914,17,"{'mechanical': 17, 'ebike': 0}",1,9,0,1790630788.0
7915,3,"{'mechanical': 2, 'ebike': 1}",1,10,1,1790630831.0
7916,2,"{'mechanical': 2, 'ebike': 0}",1,16,0,1790630835.0
7917,31,"{'mechanical': 31, 'ebike': 0}",0,8,0,1790630772.0
7918,7,"{'mechanical': 7, 'ebike': 0}",1,7,0,1790630806.0
7919,5,"{'mechanical': 3, 'ebike': 2}",1,13,0,1790630852.0
7920,5,"{'mechanical': 5, 'ebike': 0}",0,10,0,1790630849.0
7922,0,"{'mechanical': 0, 'ebike': 0}",0,22,1,1790630824.0
7923,10,"{'mechanical': 10, 'ebike': 0}",0,9,0,1790630866.0
7924,6,"{'mechanical': 6, 'ebike': 0}",2,4,0,1790630792.0
7925,6,"{'mechanical': 6, 'ebike': 0}",0,18,0,1790630809.0
7926,1,"{'mechanical': 1, 'ebike': 0}",3,20,0,1790630881.0
7927,14,"{'mechanical': 13, 'ebike': 1}",1,9,0,1790630811.0
7928,10,"{'mechanical': 10, 'ebike': 0}",0,69,0,1790630803.0
7929,6,"{'mechanical': 6, 'ebike': 0}",2,4,0,1790630797.0
7930,3,"{'mechanical': 3, 'ebike': 0}",0,12,0,1790630787.0
7931,0,"{'mechanical': 0, 'ebike': 0}",0,16,0,1790630779.0
7932,11,"{'mechanical': 11, 'ebike': 0}",0,1,0,1790630847.0
7933,0,"{'mechanical': 0, 'ebike': 0}",1,22,0,1790630774.0
7934,3,"{'mechanical': 2, 'ebike': 1}",2,5,0,1790630799.0
7935,0,"{'mechanical': 0, 'ebike': 0}",3,12,0,1790630865.0
7936,6,"{'mechanical': 6, 'ebike': 0}",0,9,0,1790630851.0
7937,4,"{'mechanical': 4, 'ebike': 0}",1,14,0,1790630818.0
7938,3,"{'mechanical': 3, 'ebike': 0}",2,10,0,1790630783.0
7939,11,"{'mechanical': 11, 'ebike': 0}",2,4,0,1790630801.0
7940,3,"{'mechanical': 1, 'ebike': 2}",4,25,0,1790630811.0
7941,5,"{'mechanical': 5, 'ebike': 0}",0,10,0,1790630860.0
7942,3,"{'mechanical': 1, 'ebike': 2}",2,10,0,1790630864.0
7943,16,"{'mechanical': 16, 'ebike': 0}",4,3,0,1790630888.0
7944,0,"{'mechanical': 0, 'ebike': 0}",1,22,0,1790630777.0
7945,18,"{'mechanical': 18, 'ebike': 0}",3,10,0,1790630865.0
7946,11,"{'mechanical': 11, 'ebike': 0}",2,2,0,1790630789.0
7947,4,"{'mechanical': 4, 'ebike': 0}",0,6,1,1790630829.0
7948,11,"{'mechanical': 9, 'ebike': 2}",0,12,0,1790630880.0
7949,4,"{'mechanical': 3, 'ebike': 1}",1,10,0,1790630809.0
7950,2,"{'mechanical': 2, 'ebike': 0}",1,20,0,1790630843.0
7951,3,"{'mechanical': 3, 'ebike': 0}",4,12,0,1790630829.0
7952,1,"{'mechanical': 1, 'ebike': 0}",1,17,0,1790630842.0
7953,9,"{'mechanical': 9, 'ebike': 0}",1,4,0,1790630795.0
7954,4,"{'mechanical': 4, 'ebike': 0}",1,18,0,1790630856.0
7955,0,"{'mechanical': 0, 'ebike': 0}",2,21,0,1790630787.0
7956,2,"{'mechanical': 2, 'ebike': 0}",0,9,0,1790630857.0
7957,2,"{'mechanical': 2, 'ebike': 0}",2,15,0,1790630847.0
7958,5,"{'mechanical': 5, 'ebike': 0}",2,12,0,1790630825.0
7959,2,"{'mechanical': 2, 'ebike': 0}",0,13,0,1790630858.0
7960,5,"{'mechanical': 3, 'ebike': 2}",0,14,0,1790630781.0
7961,1,"{'mechanical': 0, 'ebike': 1}",0,14,0,1790630879.0
7962,6,"{'mechanical': 6, 'ebike': 0}",0,9,0,1790630878.0
7963,2,"{'mechanical': 2, 'ebike': 0}",1,8,0,1790630790.0
7964,0,"{'mechanical': 0, 'ebike': 0}",1,14,0,1790630787.0
7965,0,"{'mechanical': 0, 'ebike': 0}",1,18,0,1790630816.0
7966,1,"{'mechanical': 0, 'ebike': 1}",0,14,0,1790630882.0
7967,0,"{'mechanical': 0, 'ebike': 0}",1,14,0,1790630838.0
7968,5,"{'mechanical': 5, 'ebike': 0}",0,14,0,1790630780.0
7969,3,"{'mechanical': 3, 'ebike': 0}",0,16,0,1790630888.0
7970,6,"{'mechanical': 6, 'ebike': 0}",1,12,0,1790630829.0
7971,4,"{'mechanical': 4, 'ebike': 0}",3,7,0,1790630778.0
7972,1,"{'mechanical': 1, 'ebike': 0}",0,10,0,1790630858.0
7973,4,"{'mechanical': 4, 'ebike': 0}",3,12,0,1790630870.0
7974,11,"{'mechanical': 8, 'ebike': 3}",0,8,0,1790630885.0
7976,12,"{'mechanical': 12, 'ebike': 0}",1,5,1,1790630775.0
7977,3,"{'mechanical': 3, 'ebike': 0}",3,9,0,1790630857.0
7978,17,"{'mechanical': 17, 'ebike': 0}",1,4,0,1790630823.0
7979,1,"{'mechanical': 0, 'ebike': 1}",3,15,0,1790630790.0
7981,3,"{'mechanical': 3, 'ebike': 0}",2,10,0,1790630889.0
7982,4,"{'mechanical': 4, 'ebike': 0}",0,15,0,1790630836.0
7983,3,"{'mechanical': 3, 'ebike': 0}",6,5,0,1790630779.0
7984,7,"{'mechanical': 7, 'ebike': 0}",0,16,0,1790630821.0
7985,6,"{'mechanical': 5, 'ebike': 1}",0,8,1,1790630855.0
7986,2,"{'mechanical': 2, 'ebike': 0}",2,15,0,1790630792.0
7987,3,"{'mechanical': 3, 'ebike': 0}",0,12,0,1790630787.0
7988,4,"{'mechanical': 3, 'ebike': 1}",1,14,0,1790630823.0
7989,5,"{'mechanical': 5, 'ebike': 0}",0,10,0,1790630828.0
7990,3,"{'mechanical': 3, 'ebike': 0}",2,6,0,1790630776.0
7991,0,"{'mechanical': 0, 'ebike': 0}",2,13,0,1790630831.0
7992,1,"{'mechanical': 1, 'ebike': 0}",1,9,0,1790630880.0
7993,1,"{'mechanical': 0, 'ebike': 1}",3,10,0,1790630809.0
7994,1,"{'mechanical': 1, 'ebike': 0}",0,10,0,1790630876.0
7995,0,"{'mechanical': 0, 'ebike': 0}",2,13,0,1790630827.0
7996,17,"{'mechanical': 3, 'ebike': 14}",2,4,0,1790630871.0
7997,18,"{'mechanical': 3, 'ebike': 15}",2,19,0,1790630803.0
7998,2,"{'mechanical': 0, 'ebike': 2}",1,16,0,1790630888.0
7999,0,"{'mechanical': 0, 'ebike': 0}",1,14,0,1790630893.0
8000,0,"{'mechanical': 0, 'ebike': 0}",4,27,0,1790630780.0
8001,17,"{'mechanical': 17, 'ebike': 0}",0,7,0,1790630847.0
8002,2,"{'mechanical': 2, 'ebike': 0}",0,13,0,1790630886.0
8003,10,"{'mechanical': 5, 'ebike': 5}",1,0,0,1790630782.0
8004,0,"{'mechanical': 0, 'ebike': 0}",2,9,0,1790630857.0
8005,1,"{'mechanical': 0, 'ebike': 1}",2,8,0,1790630887.0
8006,5,"{'mechanical': 5, 'ebike': 0}",3,15,0,1790630837.0
8007,8,"{'mechanical': 6, 'ebike': 2}",2,21,0,1790630777.0
8008,0,"{'mechanical': 0, 'ebike': 0}",0,16,0,1790630859.0
8009,0,"{'mechanical': 0, 'ebike': 0}",9,30,0,1790630849.0
8010,0,"{'mechanical': 0, 'ebike': 0}",2,17,0,1790630862.0
8011,1,"{'mechanical': 1, 'ebike': 0}",2,28,0,1790630769.0
8012,10,"{'mechanical': 10, 'ebike': 0}",2,7,0,1790630884.0
8013,11,"{'mechanical': 11, 'ebike': 0}",0,1,0,1790630779.0
8014,21,"{'mechanical': 21, 'ebike': 0}",1,1,0,1790630798.0
8015,3,"{'mechanical': 3, 'ebike': 0}",0,9,0,1790630769.0
8016,21,"{'mechanical': 21, 'ebike': 0}",0,2,0,1790630892.0
8017,0,"{'mechanical': 0, 'ebike': 0}",2,13,0,1790630868.0
8018,15,"{'mechanical': 14, 'ebike': 1}",1,0,0,1790630851.0
8020,5,"{'mechanical': 5, 'ebike': 0}",3,1,0,1790630825.0
8021,5,"{'mechanical': 5, 'ebike': 0}",0,14,0,1790630772.0
8022,3,"{'mechanical': 3, 'ebike': 0}",0,8,0,1790630831.0
8023,5,"{'mechanical': 5, 'ebike': 0}",2,4,0,1790630869.0
8025,9,"{'mechanical': 9, 'ebike': 0}",1,1,0,1790630789.0
8026,14,"{'mechanical': 14, 'ebike': 0}",1,8,0,1790630852.0
8027,9,"{'mechanical': 9, 'ebike': 0}",1,29,0,1790630885.0
8028,14,"{'mechanical': 14, 'ebike': 0}",0,13,0,1790630877.0
8029,23,"{'mechanical': 23, 'ebike': 0}",0,24,0,1790630876.0
8030,25,"{'mechanical': 25, 'ebike': 0}",1,9,0,1790630855.0
8031,5,"{'mechanical': 5, 'ebike': 0}",0,10,0,1790630813.0
8032,5,"{'mechanical': 5, 'ebike': 0}",0,10,0,1790630863.0
8033,2,"{'mechanical': 2, 'ebike': 0}",0,17,0,1790630818.0
8034,6,"{'mechanical': 5, 'ebike': 1}",0,9,0,1790630880.0
8035,3,"{'mechanical': 3, 'ebike': 0}",0,16,0,1790630790.0
8036,3,"{'mechanical': 3, 'ebike': 0}",0,15,0,1790630806.0
8037,6,"{'mechanical': 6, 'ebike': 0}",2,7,0,1790630784.0
8038,3,"{'mechanical': 2, 'ebike': 1}",2,6,0,1790630790.0
8039,3,"{'mechanical': 3, 'ebike': 0}",3,13,0,1790630872.0
8040,3,"{'mechanical': 3, 'ebike': 0}",3,17,0,1790630886.0
8041,1,"{'mechanical': 1, 'ebike': 0}",2,8,0,1790630878.0
8042,4,"{'mechanical': 4, 'ebike': 0}",1,14,0,1790630795.0
8043,0,"{'mechanical': 0, 'ebike': 0}",1,14,0,1790630892.0
8044,2,"{'mechanical': 2, 'ebike': 0}",0,9,0,1790630867.0
8045,2,"{'mechanical': 0, 'ebike': 2}",0,13,0,1790630783.0
8046,0,"{'mechanical': 0, 'ebike': 0}",0,11,0,1790630770.0
8047,0,"{'mechanical': 0, 'ebike': 0}",0,11,0,1790630841.0
8048,4,"{'mechanical': 3, 'ebike': 1}",0,11,0,1790630839.0
8049,1,"{'mechanical': 1, 'ebike': 0}",0,18,0,1790630836.0
8050,0,"{'mechanical': 0, 'ebike': 0}",1,22,0,1790630847.0
8051,7,"{'mechanical': 3, 'ebike': 4}",2,3,0,1790630791.0
8052,0,"{'mechanical': 0, 'ebike': 0}",0,10,0,1790630887.0
8053,0,"{'mechanical': 0, 'ebike': 0}",0,17,0,1790630843.0
8054,2,"{'mechanical': 2, 'ebike': 0}",2,15,0,1790630773.0
8055,7,"{'mechanical': 7, 'ebike': 0}",1,3,0,1790630859.0
8056,6,"{'mechanical': 6, 'ebike': 0}",0,13,0,1790630830.0
8057,3,"{'mechanical': 3, 'ebike': 0}",0,16,0,1790630808.0
8058,2,"{'mechanical': 2, 'ebike': 0}",1,16,0,1790630801.0
8059,2,"{'mechanical': 2, 'ebike': 0}",0,9,0,1790630848.0
8060,0,"{'mechanical': 0, 'ebike': 0}",0,15,0,1790630828.0
8061,0,"{'mechanical': 0, 'ebike': 0}",1,10,0,1790630823.0
8062,0,"{'mechanical': 0, 'ebike': 0}",1,10,0,1790630884.0
8063,2,"{'mechanical': 2, 'ebike': 0}",0,9,0,1790630857.0
8064,0,"{'mechanical': 0, 'ebike': 0}",0,11,0,1790630855.0
8065,1,"{'mechanical': 1, 'ebike': 0}",2,8,0,1790630784.0
8066,0,"{'mechanical': 0, 'ebike': 0}",0,15,0,1790630791.0
8070,17,"{'mechanical': 17, 'ebike': 0}",1,13,0,1790630876.0
8073,2,"{'mechanical': 1, 'ebike': 1}",0,12,0,1790630824.0
8074,4,"{'mechanical': 4, 'ebike': 0}",0,7,0,1790630851.0
8075,17,"{'mechanical': 17, 'ebike': 0}",2,0,0,1790630887.0
8076,1,"{'mechanical': 1, 'ebike': 0}",0,10,0,1790630872.0
8077,1,"{'mechanical': 1, 'ebike': 0}",1,9,0,1790630891.0
8078,1,"{'mechanical': 1, 'ebike': 0}",2,12,0,1790630812.0
8079,4,"{'mechanical': 4, 'ebike': 0}",2,4,1,1790630857.0
8080,1,"{'mechanical': 1, 'ebike': 0}",2,12,0,1790630773.0
8081,0,"{'mechanical': 0, 'ebike': 0}",1,10,0,1790630833.0
8082,6,"{'mechanical': 6, 'ebike': 0}",0,9,0,1790630881.0
8083,0,"{'mechanical': 0, 'ebike': 0}",0,11,0,1790630827.0
8084,2,"{'mechanical': 2, 'ebike': 0}",4,9,0,1790630891.0
8085,2,"{'mechanical': 2, 'ebike': 0}",1,8,0,1790630781.0
8086,1,"{'mechanical': 0, 'ebike': 1}",3,11,0,1790630822.0
8087,12,"{'mechanical': 12, 'ebike': 0}",3,4,0,1790630768.0
8088,2,"{'mechanical': 1, 'ebike': 1}",0,9,0,1790630849.0
8089,1,"{'mechanical': 1, 'ebike': 0}",0,14,0,1790630788.0
8090,13,"{'mechanical': 11, 'ebike': 2}",0,2,0,1790630826.0
8091,7,"{'mechanical': 7, 'ebike': 0}",0,4,0,1790630887.0
8092,1,"{'mechanical': 1, 'ebike': 0}",0,13,1,1790630812.0
8093,4,"{'mechanical': 4, 'ebike': 0}",0,11,0,1790630853.0
8094,3,"{'mechanical': 3, 'ebike': 0}",1,15,0,1790630803.0
8095,3,"{'mechanical': 3, 'ebike': 0}",0,8,0,1790630800.0
8096,9,"{'mechanical': 9, 'ebike': 0}",1,10,0,1790630867.0
8099,3,"{'mechanical': 3, 'ebike': 0}",1,7,0,1790630854.0
8101,1,"{'mechanical': 1, 'ebike': 0}",1,13,0,1790630878.0
8102,4,"{'mechanical': 4, 'ebike': 0}",0,11,0,1790630873.0
8104,6,"{'mechanical': 6, 'ebike': 0}",0,9,0,1790630797.0
8105,0,"{'mechanical': 0, 'ebike': 0}",4,11,0,1790630769.0
8106,0,"{'mechanical': 0, 'ebike': 0}",2,9,0,1790630884.0
8107,2,"{'mechanical': 2, 'ebike': 0}",1,12,0,1790630774.0
8108,5,"{'mechanical': 5, 'ebike': 0}",0,10,0,1790630875.0
8109,0,"{'mechanical': 0, 'ebike': 0}",0,11,0,1790630855.0
8110,0,"{'mechanical': 0, 'ebike': 0}",2,13,0,1790630866.0
8111,0,"{'mechanical': 0, 'ebike': 0}",0,11,0,1790630867.0
8112,1,"{'mechanical': 1, 'ebike': 0}",0,10,0,1790630808.0
8113,21,"{'mechanical': 21, 'ebike': 0}",0,2,0,1790630829.0
8114,3,"{'mechanical': 2, 'ebike': 1}",3,5,0,1790630870.0
8115,6,"{'mechanical': 6, 'ebike': 0}",0,5,0,1790630821.0
8117,3,"{'mechanical': 2, 'ebike': 1}",0,12,0,1790630858.0
8119,3,"{'mechanical': 3, 'ebike': 0}",0,8,0,1790630879.0
8120,4,"{'mechanical': 4, 'ebike': 0}",1,6,0,1790630836.0
8122,5,"{'mechanical': 5, 'ebike': 0}",0,9,1,1790630846.0
8123,3,"{'mechanical': 3, 'ebike': 0}",0,8,0,1790630786.0
8125,4,"{'mechanical': 4, 'ebike': 0}",1,10,0,1790630860.0
8128,5,"{'mechanical': 5, 'ebike': 0}",1,5,0,1790630779.0
8129,0,"{'mechanical': 0, 'ebike': 0}",0,11,0,1790630861.0
8130,0,"{'mechanical': 0, 'ebike': 0}",1,10,0,1790630829.0
8131,2,"{'mechanical': 1, 'ebike': 1}",0,9,0,1790630865.0
8133,2,"{'mechanical': 2, 'ebike': 0}",0,13,0,1790630843.0
8134,3,"{'mechanical': 3, 'ebike': 0}",0,8,0,1790630865.0
8137,13,"{'mechanical': 13, 'ebike': 0}",3,14,0,1790630839.0
8138,4,"{'mechanical': 2, 'ebike': 2}",0,19,0,1790630863.0
8139,0,"{'mechanical': 0, 'ebike': 0}",0,11,0,1790630873.0
8141,1,"{'mechanical': 1, 'ebike': 0}",0,10,0,1790630870.0
8142,4,"{'mechanical': 4, 'ebike': 0}",0,7,0,1790630857.0
8144,1,"{'mechanical': 0, 'ebike': 1}",0,10,0,1790630834.0
8149,1,"{'mechanical': 1, 'ebike': 0}",0,10,0,1790630815.0
8150,0,"{'mechanical': 0, 'ebike': 0}",2,9,0,1790630817.0
8151,0,"{'mechanical': 0, 'ebike': 0}",0,11,0,1790630840.0
8152,0,"{'mechanical': 0, 'ebike': 0}",8,8,0,1790630792.0
8153,1,"{'mechanical': 1, 'ebike': 0}",1,17,0,1790630877.0
8154,3,"{'mechanical': 3, 'ebike': 0}",0,8,0,1790630793.0
8155,1,"{'mechanical': 1, 'ebike': 0}",1,13,0,1790630789.0
8156,0,"{'mechanical': 0, 'ebike': 0}",0,11,0,1790630814.0
8157,0,"{'mechanical': 0, 'ebike': 0}",0,15,0,1790630862.0
8158,1,"{'mechanical': 1, 'ebike': 0}",0,10,0,1790630866.0
8159,3,"{'mechanical': 3, 'ebike': 0}",0,11,1,1790630841.0
8160,1,"{'mechanical': 1, 'ebike': 0}",0,14,0,1790630875.0
8161,4,"{'mechanical': 4, 'ebike': 0}",1,10,0,1790630863.0
8162,7,"{'mechanical': 7, 'ebike': 0}",2,18,0,1790630783.0
8163,8,"{'mechanical': 7, 'ebike': 1}",2,13,0,1790630814.0
8164,3,"{'mechanical': 3, 'ebike': 0}",0,16,0,1790630866.0
8165,0,"{'mechanical': 0, 'ebike': 0}",2,9,0,1790630839.0
8166,1,"{'mechanical': 1, 'ebike': 0}",0,10,0,1790630813.0
8167,1,"{'mechanical': 0, 'ebike': 1}",1,13,0,1790630856.0
8168,1,"{'mechanical': 1, 'ebike': 0}",1,9,0,1790630892.0
8169,4,"{'mechanical': 4, 'ebike': 0}",0,11,0,1790630812.0
8170,12,"{'mechanical': 12, 'ebike': 0}",1,2,0,1790630811.0
8171,21,"{'mechanical': 21, 'ebike': 0}",0,2,0,1790630866.0
8172,4,"{'mechanical': 3, 'ebike': 1}",0,18,1,1790630815.0
8173,0,"{'mechanical': 0, 'ebike': 0}",1,10,0,1790630872.0
8174,15,"{'mechanical': 15, 'ebike': 0}",2,2,0,1790630838.0
8175,14,"{'mechanical': 14, 'ebike': 0}",1,8,0,1790630836.0
8176,17,"{'mechanical': 0, 'ebike': 17}",0,22,0,1790630770.0
8177,1,"{'mechanical': 0, 'ebike': 1}",0,10,0,1790630827.0
8178,5,"{'mechanical': 5, 'ebike': 0}",0,18,0,1790630796.0
8179,3,"{'mechanical': 1, 'ebike': 2}",0,8,0,1790630783.0
8180,10,"{'mechanical': 4, 'ebike': 6}",2,3,0,1790630829.0
8181,7,"{'mechanical': 7, 'ebike': 0}",1,23,0,1790630893.0
8182,11,"{'mechanical': 11, 'ebike': 0}",2,9,1,1790630790.0
8183,3,"{'mechanical': 2, 'ebike': 1}",2,18,0,1790630888.0
8184,5,"{'mechanical': 5, 'ebike': 0}",2,8,0,1790630784.0
8185,1,"{'mechanical': 0, 'ebike': 1}",1,9,0,1790630865.0
8186,2,"{'mechanical': 2, 'ebike': 0}",0,13,0,1790630828.0
8187,1,"{'mechanical': 1, 'ebike': 0}",3,11,0,1790630831.0
8188,5,"{'mechanical': 4, 'ebike': 1}",7,11,0,1790630853.0
8189,0,"{'mechanical': 0, 'ebike': 0}",2,13,0,1790630876.0
8190,9,"{'mechanical': 8, 'ebike': 1}",2,16,0,1790630852.0
8191,19,"{'mechanical': 8, 'ebike': 11}",2,2,0,1790630802.0
8193,3,"{'mechanical': 1, 'ebike': 2}",5,19,0,1790630830.0
8194,0,"{'mechanical': 0, 'ebike': 0}",5,18,0,1790630769.0
8196,0,"{'mechanical': 0, 'ebike': 0}",0,19,0,1790630891.0
8197,5,"{'mechanical': 4, 'ebike': 1}",12,13,1,1790630851.0
8198,38,"{'mechanical': 0, 'ebike': 38}",1,0,0,1790630814.0
8199,0,"{'mechanical': 0, 'ebike': 0}",3,20,0,1790630884.0
8200,16,"{'mechanical': 15, 'ebike': 1}",2,5,0,1790630893.0
8201,2,"{'mechanical': 1, 'ebike': 1}",2,7,0,1790630815.0
8202,17,"{'mechanical': 2, 'ebike': 15}",0,2,0,1790630829.0
8203,1,"{'mechanical': 1, 'ebike': 0}",0,10,0,1790630793.0
8204,0,"{'mechanical': 0, 'ebike': 0}",0,11,0,1790630787.0
8205,0,"{'mechanical': 0, 'ebike': 0}",1,14,0,1790630878.0
8206,5,"{'mechanical': 5, 'ebike': 0}",1,11,0,1790630832.0
8207,0,"{'mechanical': 0, 'ebike': 0}",0,8,0,1790630775.0
8208,4,"{'mechanical': 1, 'ebike': 3}",0,7,0,1790630778.0
8209,0,"{'mechanical': 0, 'ebike': 0}",2,12,0,1790630795.0
8210,3,"{'mechanical': 3, 'ebike': 0}",3,5,0,1790630788.0
8211,0,"{'mechanical': 0, 'ebike': 0}",0,11,0,1790630817.0
8212,0,"{'mechanical': 0, 'ebike': 0}",2,23,0,1790630877.0
8213,0,"{'mechanical': 0, 'ebike': 0}",3,14,0,1790630796.0
8214,2,"{'mechanical': 1, 'ebike': 1}",2,7,0,1790630807.0
8215,7,"{'mechanical': 6, 'ebike': 1}",3,7,0,1790630884.0
8216,3,"{'mechanical': 3, 'ebike': 0}",0,11,0,1790630838.0
8217,2,"{'mechanical': 1, 'ebike': 1}",3,9,0,1790630812.0
8218,3,"{'mechanical': 2, 'ebike': 1}",2,6,0,1790630843.0
8219,1,"{'mechanical': 1, 'ebike': 0}",0,18,0,1790630822.0
8220,3,"{'mechanical': 3, 'ebike': 0}",0,8,0,1790630812.0
8221,0,"{'mechanical': 0, 'ebike': 0}",0,11,0,1790630796.0
8224,1,"{'mechanical': 1, 'ebike': 0}",2,16,0,1790630790.0
8225,3,"{'mechanical': 3, 'ebike': 0}",0,8,0,1790630796.0
8226,4,"{'mechanical': 3, 'ebike': 1}",0,11,0,1790630798.0
8227,3,"{'mechanical': 3, 'ebike': 0}",0,8,0,1790630798.0
8228,20,"{'mechanical': 20, 'ebike': 0}",0,19,0,1790630775.0
8229,13,"{'mechanical': 13, 'ebike': 0}",0,22,0,1790630833.0
8230,28,"{'mechanical': 27, 'ebike': 1}",3,8,0,1790630771.0
8231,2,"{'mechanical': 2, 'ebike': 0}",3,14,0,1790630889.0
8232,8,"{'mechanical': 8, 'ebike': 0}",3,11,1,1790630836.0
8234,2,"{'mechanical': 2, 'ebike': 0}",1,16,0,1790630787.0
8235,1,"{'mechanical': 1, 'ebike': 0}",0,14,0,1790630858.0
8236,9,"{'mechanical': 9, 'ebike': 0}",0,6,0,1790630809.0
8237,11,"{'mechanical': 11, 'ebike': 0}",1,10,0,1790630858.0
8238,5,"{'mechanical': 2, 'ebike': 3}",0,10,0,1790630863.0
8239,0,"{'mechanical': 0, 'ebike': 0}",1,10,0,1790630835.0
8240,1,"{'mechanical': 0, 'ebike': 1}",2,12,0,1790630890.0
8241,0,"{'mechanical': 0, 'ebike': 0}",0,15,0,1790630885.0
8242,0,"{'mechanical': 0, 'ebike': 0}",0,19,0,1790630818.0
8243,1,"{'mechanical': 0, 'ebike': 1}",0,15,0,1790630802.0
8245,2,"{'mechanical': 0, 'ebike': 2}",0,16,1,1790630836.0
8246,0,"{'mechanical': 0, 'ebike': 0}",3,8,0,1790630863.0
8247,0,"{'mechanical': 0, 'ebike': 0}",1,14,0,1790630875.0
8248,0,"{'mechanical': 0, 'ebike': 0}",0,11,0,1790630771.0
8249,1,"{'mechanical': 1, 'ebike': 0}",1,13,0,1790630811.0
8250,0,"{'mechanical': 0, 'ebike': 0}",0,11,0,1790630810.0
8251,11,"{'mechanical': 11, 'ebike': 0}",2,4,0,1790630844.0
8252,0,"{'mechanical': 0, 'ebike': 0}",0,15,0,1790630805.0
8253,2,"{'mechanical': 1, 'ebike': 1}",1,16,0,1790630825.0
8254,5,"{'mechanical': 5, 'ebike': 0}",3,6,0,1790630856.0
8255,1,"{'mechanical': 0, 'ebike': 1}",1,13,0,1790630891.0
8256,0,"{'mechanical': 0, 'ebike': 0}",1,14,0,1790630848.0
8257,0,"{'mechanical': 0, 'ebike': 0}",0,17,0,1790630788.0
8258,0,"{'mechanical': 0, 'ebike': 0}",0,11,0,1790630800.0
8259,1,"{'mechanical': 0, 'ebike': 1}",0,6,0,1790630799.0
8260,26,"{'mechanical': 26, 'ebike': 0}",4,5,0,1790630851.0
8261,4,"{'mechanical': 2, 'ebike': 2}",2,9,0,1790630843.0
8262,21,"{'mechanical': 21, 'ebike': 0}",1,17,0,1790630825.0
8263,0,"{'mechanical': 0, 'ebike': 0}",0,23,0,1790630791.0
8264,0,"{'mechanical': 0, 'ebike': 0}",4,23,0,1790630878.0
8265,1,"{'mechanical': 1, 'ebike': 0}",1,17,0,1790630782.0
8266,3,"{'mechanical': 3, 'ebike': 0}",0,24,0,1790630813.0
8267,9,"{'mechanical': 9, 'ebike': 0}",0,14,0,1790630801.0
8268,14,"{'mechanical': 14, 'ebike': 0}",1,8,0,1790630842.0
8269,2,"{'mechanical': 1, 'ebike': 1}",1,8,0,1790630819.0
8271,11,"{'mechanical': 8, 'ebike': 3}",1,7,0,1790630807.0
8273,1,"{'mechanical': 1, 'ebike': 0}",0,28,2,1790630887.0
7000,40,"{'mechanical': 38, 'ebike': 2}",6,1,0,1790644102.0
7001,0,"{'mechanical': 0, 'ebike': 0}",8,15,0,1790644116.0
7002,1,"{'mechanical': 1, 'ebike': 0}",12,6,0,1790644048.0
7003,0,"{'mechanical': 0, 'ebike': 0}",4,11,0,1790644116.0
7004,0,"{'mechanical': 0, 'ebike': 0}",6,29,0,1790644118.0
7005,0,"{'mechanical': 0, 'ebike': 0}",0,23,0,1790644058.0
7006,0,"{'mechanical': 0, 'ebike': 0}",1,30,0,1790644097.0
7007,0,"{'mechanical': 0, 'ebike': 0}",2,17,0,1790644056.0
7008,0,"{'mechanical': 0, 'ebike': 0}",7,12,0,1790644074.0
7010,17,"{'mechanical': 17, 'ebike': 0}",0,2,0,1790644061.0
7013,5,"{'mechanical': 3, 'ebike': 2}",0,14,0,1790644108.0
7014,5,"{'mechanical': 4, 'ebike': 1}",4,8,0,1790644156.0
7015,0,"{'mechanical': 0, 'ebike': 0}",2,37,0,1790644099.0
7016,2,"{'mechanical': 1, 'ebike': 1}",3,30,0,1790644062.0
7017,7,"{'mechanical': 7, 'ebike': 0}",3,1,0,1790644048.0
7018,21,"{'mechanical': 21, 'ebike': 0}",1,27,0,1790644120.0
7019,7,"{'mechanical': 7, 'ebike': 0}",1,47,0,1790644147.0
7020,20,"{'mechanical': 20, 'ebike': 0}",1,12,0,1790644134.0
7021,0,"{'mechanical': 0, 'ebike': 0}",3,60,0,1790644074.0
7023,6,"{'mechanical': 3, 'ebike': 3}",0,5,0,1790644137.0
7024,2,"{'mechanical': 2, 'ebike': 0}",3,33,0,1790644065.0
7025,11,"{'mechanical': 11, 'ebike': 0}",1,15,0,1790644101.0
7026,0,"{'mechanical': 0, 'ebike': 0}",3,11,0,1790644109.0
7027,17,"{'mechanical': 16, 'ebike': 1}",1,13,0,1790644087.0
7028,4,"{'mechanical': 4, 'ebike': 0}",1,26,0,1790644048.0
7029,0,"{'mechanical': 0, 'ebike': 0}",0,15,0,1790644128.0
7030,0,"{'mechanical': 0, 'ebike': 0}",3,32,0,1790644159.0
7031,1,"{'mechanical': 1, 'ebike': 0}",3,35,0,1790644123.0
7032,11,"{'mechanical': 11, 'ebike': 0}",4,0,0,1790644109.0
7033,5,"{'mechanical': 4, 'ebike': 1}",1,37,0,1790644072.0
7034,0,"{'mechanical': 0, 'ebike': 0}",3,11,0,1790644068.0
7035,40,"{'mechanical': 38, 'ebike': 2}",0,3,0,1790644144.0
7036,18,"{'mechanical': 17, 'ebike': 1}",1,0,0,1790644148.0
7037,4,"{'mechanical': 4, 'ebike': 0}",3,34,0,1790644122.0
7038,1,"{'mechanical': 1, 'ebike': 0}",2,28,0,1790644108.0
7039,4,"{'mechanical': 4, 'ebike': 0}",1,14,0,1790644119.0
7040,7,"{'mechanical': 5, 'ebike': 2}",3,9,0,1790644076.0
7041,8,"{'mechanical': 8, 'ebike': 0}",3,10,2,1790644063.0
7042,3,"{'mechanical': 2, 'ebike': 1}",2,26,0,1790644107.0
7043,6,"{'mechanical': 6, 'ebike': 0}",0,13,0,1790644147.0
7044,19,"{'mechanical': 19, 'ebike': 0}",5,11,0,1790644041.0
7045,1,"{'mechanical': 1, 'ebike': 0}",0,36,0,1790644116.0
7046,38,"{'mechanical': 37, 'ebike': 1}",2,2,0,1790644152.0
7048,18,"{'mechanical': 18, 'ebike': 0}",2,27,0,1790644041.0
7049,10,"{'mechanical': 10, 'ebike': 0}",3,2,0,1790644109.0
7050,0,"{'mechanical': 0, 'ebike': 0}",2,14,0,1790644040.0
7052,0,"{'mechanical': 0, 'ebike': 0}",3,52,0,1790644153.0
7053,14,"{'mechanical': 14, 'ebike': 0}",1,12,0,1790644042.0
7054,7,"{'mechanical': 7, 'ebike': 0}",2,2,0,1790644060.0
7055,14,"{'mechanical': 14, 'ebike': 0}",0,1,0,1790644133.0
7057,3,"{'mechanical': 3, 'ebike': 0}",1,22,1,1790644129.0
7058,1,"{'mechanical': 1, 'ebike': 0}",3,35,0,1790644056.0
7059,12,"{'mechanical': 10, 'ebike': 2}",1,2,0,1790644128.0
7061,2,"{'mechanical': 2, 'ebike': 0}",2,11,0,1790644069.0
7063,0,"{'mechanical': 0, 'ebike': 0}",6,17,0,1790644142.0
7064,13,"{'mechanical': 13, 'ebike': 0}",0,6,0,1790644103.0
7065,12,"{'mechanical': 12, 'ebike': 0}",1,2,0,1790644120.0
7066,0,"{'mechanical': 0, 'ebike': 0}",0,15,0,1790644133.0
7067,24,"{'mechanical': 24, 'ebike': 0}",3,0,0,1790644093.0
7069,7,"{'mechanical': 7, 'ebike': 0}",2,2,0,1790644060.0
7070,1,"{'mechanical': 1, 'ebike': 0}",1,9,0,1790644126.0
7071,4,"{'mechanical': 3, 'ebike': 1}",1,18,0,1790644052.0
7073,21,"{'mechanical': 21, 'ebike': 0}",1,0,1,1790644042.0
7074,52,"{'mechanical': 52, 'ebike': 0}",0,3,0,1790644085.0
7075,17,"{'mechanical': 16, 'ebike': 1}",6,4,0,1790644149.0
7076,11,"{'mechanical': 11, 'ebike': 0}",1,45,0,1790644048.0
7077,0,"{'mechanical': 0, 'ebike': 0}",2,17,0,1790644125.0
7078,2,"{'mechanical': 2, 'ebike': 0}",4,9,0,1790644038.0
7079,6,"{'mechanical': 5, 'ebike': 1}",4,9,0,1790644039.0
7084,0,"{'mechanical': 0, 'ebike': 0}",3,8,0,1790644061.0
7085,0,"{'mechanical': 0, 'ebike': 0}",2,13,0,1790644071.0
7086,1,"{'mechanical': 1, 'ebike': 0}",1,21,0,1790644132.0
7087,1,"{'mechanical': 1, 'ebike': 0}",0,10,0,1790644084.0
7088,0,"{'mechanical': 0, 'ebike': 0}",1,14,0,1790644108.0
7089,7,"{'mechanical': 7, 'ebike': 0}",4,16,0,1790644107.0
7090,0,"{'mechanical': 0, 'ebike': 0}",2,17,0,1790644149.0
7091,1,"{'mechanical': 1, 'ebike': 0}",1,13,0,1790644152.0
7093,2,"{'mechanical': 0, 'ebike': 2}",1,22,0,1790644094.0
7094,0,"{'mechanical': 0, 'ebike': 0}",1,24,0,1790644102.0
7095,0,"{'mechanical': 0, 'ebike': 0}",2,13,0,1790644093.0
7096,2,"{'mechanical': 2, 'ebike': 0}",1,16,0,1790644108.0
7097,7,"{'mechanical': 4, 'ebike': 3}",1,22,1,1790644101.0
7098,6,"{'mechanical': 5, 'ebike': 1}",0,9,0,1790644115.0
7099,37,"{'mechanical': 37, 'ebike': 0}",1,1,0,1790644079.0
7100,26,"{'mechanical': 25, 'ebike': 1}",1,0,0,1790644130.0
7101,9,"{'mechanical': 8, 'ebike': 1}",4,14,0,1790644094.0
7102,15,"{'mechanical': 15, 'ebike': 0}",2,14,0,1790644120.0
7103,23,"{'mechanical': 22, 'ebike': 1}",0,9,0,1790644125.0
7104,14,"{'mechanical': 14, 'ebike': 0}",0,0,1,1790644073.0
7105,9,"{'mechanical': 9, 'ebike': 0}",3,2,1,1790644121.0
7107,14,"{'mechanical': 13, 'ebike': 1}",1,0,0,1790644052.0
7109,6,"{'mechanical': 4, 'ebike': 2}",0,26,0,1790644065.0
7110,7,"{'mechanical': 7, 'ebike': 0}",4,4,0,1790644126.0
7111,4,"{'mechanical': 3, 'ebike': 1}",3,4,0,1790644126.0
7112,18,"{'mechanical': 18, 'ebike': 0}",0,1,0,1790644158.0
7113,7,"{'mechanical': 7, 'ebike': 0}",2,6,0,1790644064.0
7114,12,"{'mechanical': 12, 'ebike': 0}",1,14,0,1790644085.0
7115,8,"{'mechanical': 6, 'ebike': 2}",2,21,0,1790644045.0
7116,7,"{'mechanical': 6, 'ebike': 1}",1,11,0,1790644067.0
7117,5,"{'mechanical': 2, 'ebike': 3}",1,13,0,1790644055.0
7118,0,"{'mechanical': 0, 'ebike': 0}",1,18,0,1790644130.0
7119,7,"{'mechanical': 6, 'ebike': 1}",2,6,0,1790644079.0
7120,6,"{'mechanical': 5, 'ebike': 1}",2,3,0,1790644045.0
7121,9,"{'mechanical': 7, 'ebike': 2}",0,18,0,1790644128.0
7122,8,"{'mechanical': 8, 'ebike': 0}",1,6,0,1790644049.0
7123,13,"{'mechanical': 13, 'ebike': 0}",1,1,0,1790644109.0
7124,16,"{'mechanical': 16, 'ebike': 0}",0,3,0,1790644070.0
7126,1,"{'mechanical': 0, 'ebike': 1}",5,11,0,1790644051.0
7127,0,"{'mechanical': 0, 'ebike': 0}",5,10,0,1790644089.0
7128,0,"{'mechanical': 0, 'ebike': 0}",3,20,0,1790644039.0
7129,4,"{'mechanical': 4, 'ebike': 0}",3,4,0,1790644086.0
7130,6,"{'mechanical': 5, 'ebike': 1}",2,7,0,1790644072.0
7131,0,"{'mechanical': 0, 'ebike': 0}",2,13,0,1790644102.0
7132,5,"{'mechanical': 3, 'ebike': 2}",2,2,0,1790644043.0
7133,0,"{'mechanical': 0, 'ebike': 0}",3,8,0,1790644090.0
7135,23,"{'mechanical': 22, 'ebike': 1}",2,10,0,1790644159.0
7137,0,"{'mechanical': 0, 'ebike': 0}",3,12,0,1790644137.0
7138,1,"{'mechanical': 1, 'ebike': 0}",2,24,0,1790644102.0
7139,1,"{'mechanical': 1, 'ebike': 0}",0,14,0,1790644135.0
7140,0,"{'mechanical': 0, 'ebike': 0}",1,13,1,1790644061.0
7142,1,"{'mechanical': 1, 'ebike': 0}",0,14,0,1790644094.0
7143,0,"{'mechanical': 0, 'ebike': 0}",0,14,1,1790644124.0
7144,12,"{'mechanical': 9, 'ebike': 3}",3,0,0,1790644074.0
7146,3,"{'mechanical': 0, 'ebike': 3}",1,15,0,1790644093.0
7147,12,"{'mechanical': 11, 'ebike': 1}",0,3,0,1790644140.0
7148,21,"{'mechanical': 21, 'ebike': 0}",1,0,0,1790644056.0
7149,9,"{'mechanical': 6, 'ebike': 3}",1,1,0,1790644091.0
7150,14,"{'mechanical': 9, 'ebike': 5}",0,4,1,1790644055.0
7151,4,"{'mechanical': 2, 'ebike': 2}",1,14,0,1790644090.0
7152,2,"{'mechanical': 2, 'ebike': 0}",4,5,0,1790644159.0
7153,0,"{'mechanical': 0, 'ebike': 0}",0,18,1,1790644079.0
7154,1,"{'mechanical': 1, 'ebike': 0}",3,18,0,1790644058.0
7155,11,"{'mechanical': 9, 'ebike': 2}",3,4,1,1790644122.0
7156,2,"{'mechanical': 2, 'ebike': 0}",3,9,1,1790644098.0
7157,1,"{'mechanical': 0, 'ebike': 1}",0,22,0,1790644144.0
7158,5,"{'mechanical': 5, 'ebike': 0}",4,6,0,1790644117.0
7160,15,"{'mechanical': 15, 'ebike': 0}",3,1,0,1790644052.0
7161,1,"{'mechanical': 1, 'ebike': 0}",1,21,0,1790644162.0
7162,0,"{'mechanical': 0, 'ebike': 0}",2,20,1,1790644161.0
7164,3,"{'mechanical': 3, 'ebike': 0}",1,19,0,1790644081.0
7168,28,"{'mechanical': 28, 'ebike': 0}",2,17,0,1790644036.0
7169,1,"{'mechanical': 1, 'ebike': 0}",2,8,0,1790644042.0
7170,0,"{'mechanical': 0, 'ebike': 0}",2,9,3,1790644135.0
7172,16,"{'mechanical': 14, 'ebike': 2}",0,3,0,1790644127.0
7173,0,"{'mechanical': 0, 'ebike': 0}",0,19,0,1790644096.0
7174,1,"{'mechanical': 1, 'ebike': 0}",1,13,0,1790644117.0
7175,9,"{'mechanical': 8, 'ebike': 1}",1,17,0,1790644044.0
7176,4,"{'mechanical': 4, 'ebike': 0}",1,14,0,1790644135.0
7178,2,"{'mechanical': 0, 'ebike': 2}",3,10,0,1790644090.0
7180,0,"{'mechanical': 0, 'ebike': 0}",2,21,0,1790644042.0
7181,1,"{'mechanical': 1, 'ebike': 0}",3,11,0,1790644140.0
7182,1,"{'mechanical': 1, 'ebike': 0}",1,17,0,1790644132.0
7183,6,"{'mechanical': 6, 'ebike': 0}",3,6,0,1790644099.0
7184,6,"{'mechanical': 6, 'ebike': 0}",1,4,0,1790644072.0
7188,7,"{'mechanical': 6, 'ebike': 1}",1,26,1,1790644125.0
7189,5,"{'mechanical': 5, 'ebike': 0}",3,6,1,1790644147.0
7190,0,"{'mechanical': 0, 'ebike': 0}",1,14,0,1790644053.0
7191,2,"{'mechanical': 1, 'ebike': 1}",1,8,0,1790644151.0
7192,9,"{'mechanical': 6, 'ebike': 3}",1,5,0,1790644140.0
7193,14,"{'mechanical': 14, 'ebike': 0}",1,0,0,1790644077.0
7195,7,"{'mechanical': 7, 'ebike': 0}",3,1,0,1790644111.0
7196,7,"{'mechanical': 7, 'ebike': 0}",1,3,0,1790644070.0
7198,14,"{'mechanical': 12, 'ebike': 2}",0,5,0,1790644069.0
7199,7,"{'mechanical': 7, 'ebike': 0}",2,10,0,1790644138.0
7202,0,"{'mechanical': 0, 'ebike': 0}",2,24,1,1790644129.0
7203,33,"{'mechanical': 33, 'ebike': 0}",2,0,0,1790644100.0
7204,16,"{'mechanical': 16, 'ebike': 0}",1,2,0,1790644046.0
7205,11,"{'mechanical': 10, 'ebike': 1}",3,1,0,1790644074.0
7206,1,"{'mechanical': 1, 'ebike': 0}",2,10,0,1790644073.0
7207,35,"{'mechanical': 32, 'ebike': 3}",5,7,0,1790644100.0
7208,13,"{'mechanical': 6, 'ebike': 7}",1,1,0,1790644038.0
7209,16,"{'mechanical': 15, 'ebike': 1}",2,1,0,1790644061.0
7210,5,"{'mechanical': 4, 'ebike': 1}",2,8,0,1790644110.0
7211,22,"{'mechanical': 22, 'ebike': 0}",1,0,0,1790644129.0
7216,18,"{'mechanical': 18, 'ebike': 0}",5,0,0,1790644120.0
7217,10,"{'mechanical': 9, 'ebike': 1}",3,2,0,1790644132.0
7220,17,"{'mechanical': 17, 'ebike': 0}",1,1,0,1790644118.0
7221,0,"{'mechanical': 0, 'ebike': 0}",0,11,0,1790644159.0
7222,23,"{'mechanical': 22, 'ebike': 1}",1,3,0,1790644131.0
7223,3,"{'mechanical': 1, 'ebike': 2}",3,6,0,1790644086.0
7224,0,"{'mechanical': 0, 'ebike': 0}",2,21,0,1790644050.0
7225,15,"{'mechanical': 13, 'ebike': 2}",2,1,0,1790644075.0
7226,10,"{'mechanical': 10, 'ebike': 0}",1,8,0,1790644039.0
7227,9,"{'mechanical': 9, 'ebike': 0}",3,19,0,1790644056.0
7228,15,"{'mechanical': 15, 'ebike': 0}",1,3,0,1790644103.0
7229,3,"{'mechanical': 3, 'ebike': 0}",4,4,0,1790644068.0
7230,16,"{'mechanical': 16, 'ebike': 0}",1,2,0,1790644117.0
7231,14,"{'mechanical': 11, 'ebike': 3}",3,1,0,1790644049.0
7232,10,"{'mechanical': 9, 'ebike': 1}",1,5,0,1790644081.0
7233,6,"{'mechanical': 5, 'ebike': 1}",1,9,0,1790644139.0
7234,8,"{'mechanical': 7, 'ebike': 1}",1,10,0,1790644149.0
7235,0,"{'mechanical': 0, 'ebike': 0}",0,16,0,1790644105.0
7236,13,"{'mechanical': 12, 'ebike': 1}",0,11,0,1790644144.0
7237,0,"{'mechanical': 0, 'ebike': 0}",0,15,0,1790644138.0
7238,11,"{'mechanical': 7, 'ebike': 4}",1,4,0,1790644059.0
7239,2,"{'mechanical': 2, 'ebike': 0}",2,38,0,1790644144.0
7240,1,"{'mechanical': 1, 'ebike': 0}",1,31,1,1790644103.0
7241,1,"{'mechanical': 1, 'ebike': 0}",3,7,0,1790644066.0
7242,14,"{'mechanical': 9, 'ebike': 5}",3,18,0,1790644140.0
7243,3,"{'mechanical': 0, 'ebike': 3}",6,5,0,1790644099.0
7244,4,"{'mechanical': 4, 'ebike': 0}",3,9,0,1790644084.0
7246,3,"{'mechanical': 2, 'ebike': 1}",0,16,0,1790644039.0
7247,7,"{'mechanical': 7, 'ebike': 0}",2,3,0,1790644145.0
7248,3,"{'mechanical': 3, 'ebike': 0}",2,14,1,1790644086.0
7249,24,"{'mechanical': 6, 'ebike': 18}",11,17,0,1790644065.0
7250,0,"{'mechanical': 0, 'ebike': 0}",2,14,0,1790644066.0
7252,1,"{'mechanical': 1, 'ebike': 0}",2,15,0,1790644051.0
7253,11,"{'mechanical': 11, 'ebike': 0}",0,1,0,1790644130.0
7256,9,"{'mechanical': 9, 'ebike': 0}",1,1,1,1790644066.0
7257,3,"{'mechanical': 3, 'ebike': 0}",3,13,0,1790644078.0
7258,14,"{'mechanical': 12, 'ebike': 2}",0,0,1,1790644133.0
7259,13,"{'mechanical': 12, 'ebike': 1}",2,4,0,1790644036.0
7260,12,"{'mechanical': 12, 'ebike': 0}",2,1,0,1790644104.0
7261,14,"{'mechanical': 14, 'ebike': 0}",5,7,0,1790644083.0
7262,1,"{'mechanical': 0, 'ebike': 1}",3,12,0,1790644111.0
7264,2,"{'mechanical': 2, 'ebike': 0}",5,13,0,1790644096.0
7265,1,"{'mechanical': 0, 'ebike': 1}",0,10,1,1790644139.0
7266,2,"{'mechanical': 2, 'ebike': 0}",0,10,0,1790644112.0
7267,4,"{'mechanical': 4, 'ebike': 0}",2,9,0,1790644075.0
7268,1,"{'mechanical': 0, 'ebike': 1}",1,14,0,1790644060.0
7269,0,"{'mechanical': 0, 'ebike': 0}",0,20,0,1790644104.0
7270,0,"{'mechanical': 0, 'ebike': 0}",2,18,0,1790644052.0
7271,5,"{'mechanical': 5, 'ebike': 0}",2,10,1,1790644098.0
7272,0,"{'mechanical': 0, 'ebike': 0}",3,24,0,1790644124.0
7273,0,"{'mechanical': 0, 'ebike': 0}",3,17,0,1790644055.0
7276,0,"{'mechanical': 0, 'ebike': 0}",2,9,0,1790644087.0
7277,2,"{'mechanical': 2, 'ebike': 0}",2,16,0,1790644124.0
7278,15,"{'mechanical': 15, 'ebike': 0}",0,0,0,1790644050.0
7279,1,"{'mechanical': 0, 'ebike': 1}",3,12,0,1790644063.0
7281,1,"{'mechanical': 1, 'ebike': 0}",0,23,0,1790644116.0
7282,10,"{'mechanical': 10, 'ebike': 0}",0,13,0,1790644147.0
7283,1,"{'mechanical': 1, 'ebike': 0}",3,15,0,1790644084.0
7284,0,"{'mechanical': 0, 'ebike': 0}",0,24,0,1790644043.0
7285,1,"{'mechanical': 1, 'ebike': 0}",4,31,0,1790644139.0
7286,8,"{'mechanical': 5, 'ebike': 3}",1,9,0,1790644095.0
7287,15,"{'mechanical': 15, 'ebike': 0}",1,0,0,1790644130.0
7288,29,"{'mechanical': 24, 'ebike': 5}",1,0,1,1790644111.0
7289,4,"{'mechanical': 4, 'ebike': 0}",2,17,0,1790644135.0
7291,6,"{'mechanical': 6, 'ebike': 0}",2,6,1,1790644089.0
7292,17,"{'mechanical': 17, 'ebike': 0}",3,4,0,1790644146.0
7296,7,"{'mechanical': 7, 'ebike': 0}",4,8,0,1790644112.0
7297,2,"{'mechanical': 2, 'ebike': 0}",0,17,0,1790644081.0
7298,21,"{'mechanical': 20, 'ebike': 1}",2,2,0,1790644157.0
7299,9,"{'mechanical': 9, 'ebike': 0}",1,5,0,1790644058.0
7301,2,"{'mechanical': 2, 'ebike': 0}",2,11,0,1790644145.0
7302,6,"{'mechanical': 4, 'ebike': 2}",1,4,0,1790644076.0
7303,30,"{'mechanical': 29, 'ebike': 1}",0,13,0,1790644117.0
7309,18,"{'mechanical': 17, 'ebike': 1}",2,3,0,1790644055.0
7311,10,"{'mechanical': 9, 'ebike': 1}",0,9,0,1790644076.0
7312,5,"{'mechanical': 3, 'ebike': 2}",0,6,0,1790644130.0
7313,17,"{'mechanical': 16, 'ebike': 1}",4,8,0,1790644081.0
7314,8,"{'mechanical': 7, 'ebike': 1}",0,7,0,1790644069.0
7315,9,"{'mechanical': 8, 'ebike': 1}",2,0,0,1790644139.0
7316,15,"{'mechanical': 14, 'ebike': 1}",0,0,0,1790644107.0
7317,38,"{'mechanical': 37, 'ebike': 1}",0,1,0,1790644073.0
7318,22,"{'mechanical': 21, 'ebike': 1}",1,4,0,1790644111.0
7319,10,"{'mechanical': 10, 'ebike': 0}",0,1,0,1790644109.0
7320,5,"{'mechanical': 5, 'ebike': 0}",0,14,0,1790644160.0
7321,6,"{'mechanical': 6, 'ebike': 0}",1,12,0,1790644133.0
7322,17,"{'mechanical': 16, 'ebike': 1}",2,0,0,1790644094.0
7323,15,"{'mechanical': 15, 'ebike': 0}",2,1,1,1790644102.0
7324,22,"{'mechanical': 21, 'ebike': 1}",1,0,0,1790644123.0
7326,1,"{'mechanical': 1, 'ebike': 0}",0,18,0,1790644094.0
7329,1,"{'mechanical': 0, 'ebike': 1}",2,15,1,1790644141.0
7331,3,"{'mechanical': 3, 'ebike': 0}",0,16,0,1790644102.0
7332,0,"{'mechanical': 0, 'ebike': 0}",0,23,0,1790644090.0
7333,0,"{'mechanical': 0, 'ebike': 0}",0,18,1,1790644129.0
7334,7,"{'mechanical': 7, 'ebike': 0}",1,7,0,1790644080.0
7335,0,"{'mechanical': 0, 'ebike': 0}",5,14,0,1790644042.0
7336,13,"{'mechanical': 11, 'ebike': 2}",1,5,0,1790644123.0
7337,23,"{'mechanical': 20, 'ebike': 3}",0,0,0,1790644099.0
7338,11,"{'mechanical': 10, 'ebike': 1}",0,8,0,1790644060.0
7339,7,"{'mechanical': 7, 'ebike': 0}",2,6,0,1790644134.0
7340,6,"{'mechanical': 5, 'ebike': 1}",0,9,0,1790644066.0
7341,14,"{'mechanical': 14, 'ebike': 0}",0,0,0,1790644119.0
7342,10,"{'mechanical': 9, 'ebike': 1}",0,0,0,1790644104.0
7343,39,"{'mechanical': 38, 'ebike': 1}",0,1,1,1790644091.0
7344,28,"{'mechanical': 28, 'ebike': 0}",1,19,1,1790644040.0
7345,22,"{'mechanical': 20, 'ebike': 2}",0,9,0,1790644057.0
7346,22,"{'mechanical': 22, 'ebike': 0}",1,0,0,1790644132.0
7347,1,"{'mechanical': 0, 'ebike': 1}",0,14,0,1790644048.0
7348,2,"{'mechanical': 1, 'ebike': 1}",1,16,0,1790644042.0
7349,3,"{'mechanical': 2, 'ebike': 1}",0,19,1,1790644065.0
7350,10,"{'mechanical': 8, 'ebike': 2}",1,12,0,1790644035.0
7351,1,"{'mechanical': 1, 'ebike': 0}",0,18,0,1790644074.0
7352,0,"{'mechanical': 0, 'ebike': 0}",0,19,0,1790644078.0
7353,0,"{'mechanical': 0, 'ebike': 0}",1,18,0,1790644152.0
7354,18,"{'mechanical': 17, 'ebike': 1}",0,13,0,1790644161.0
7355,0,"{'mechanical': 0, 'ebike': 0}",2,9,0,1790644149.0
7356,2,"{'mechanical': 2, 'ebike': 0}",1,28,0,1790644094.0
7357,17,"{'mechanical': 16, 'ebike': 1}",1,1,0,1790644043.0
7358,0,"{'mechanical': 0, 'ebike': 0}",3,14,0,1790644119.0
7359,3,"{'mechanical': 3, 'ebike': 0}",2,18,0,1790644105.0
7360,14,"{'mechanical': 14, 'ebike': 0}",3,0,0,1790644107.0
7361,0,"{'mechanical': 0, 'ebike': 0}",3,16,0,1790644042.0
7362,1,"{'mechanical': 0, 'ebike': 1}",2,16,0,1790644143.0
7363,2,"{'mechanical': 1, 'ebike': 1}",3,10,0,1790644065.0
7364,34,"{'mechanical': 34, 'ebike': 0}",0,1,0,1790644143.0
7365,51,"{'mechanical': 50, 'ebike': 1}",1,9,0,1790644130.0
7366,6,"{'mechanical': 6, 'ebike': 0}",6,8,0,1790644068.0
7367,13,"{'mechanical': 13, 'ebike': 0}",3,0,0,1790644147.0
7368,3,"{'mechanical': 2, 'ebike': 1}",2,3,0,1790644076.0
7371,0,"{'mechanical': 0, 'ebike': 0}",0,20,0,1790644073.0
7373,12,"{'mechanical': 12, 'ebike': 0}",1,2,0,1790644097.0
7374,9,"{'mechanical': 9, 'ebike': 0}",1,9,0,1790644039.0
7375,3,"{'mechanical': 3, 'ebike': 0}",1,7,0,1790644048.0
7376,2,"{'mechanical': 1, 'ebike': 1}",4,13,0,1790644094.0
7377,3,"{'mechanical': 2, 'ebike': 1}",5,27,1,1790644147.0
7378,0,"{'mechanical': 0, 'ebike': 0}",0,15,0,1790644140.0
7379,1,"{'mechanical': 0, 'ebike': 1}",2,12,0,1790644107.0
7380,4,"{'mechanical': 1, 'ebike': 3}",3,9,0,1790644127.0
7381,1,"{'mechanical': 1, 'ebike': 0}",5,29,0,1790644119.0
7382,8,"{'mechanical': 8, 'ebike': 0}",3,16,0,1790644059.0
7383,14,"{'mechanical': 14, 'ebike': 0}",0,1,0,1790644124.0
7384,0,"{'mechanical': 0, 'ebike': 0}",2,7,0,1790644067.0
7385,1,"{'mechanical': 0, 'ebike': 1}",18,14,0,1790644155.0
7386,1,"{'mechanical': 1, 'ebike': 0}",2,13,0,1790644135.0
7387,2,"{'mechanical': 0, 'ebike': 2}",1,9,0,1790644063.0
7388,4,"{'mechanical': 4, 'ebike': 0}",1,9,1,1790644091.0
7389,0,"{'mechanical': 0, 'ebike': 0}",6,19,0,1790644125.0
7391,4,"{'mechanical': 4, 'ebike': 0}",2,25,0,1790644116.0
7395,1,"{'mechanical': 1, 'ebike': 0}",0,22,0,1790644052.0
7398,7,"{'mechanical': 7, 'ebike': 0}",3,9,0,1790644059.0
7399,11,"{'mechanical': 11, 'ebike': 0}",0,8,0,1790644111.0
7400,14,"{'mechanical': 11, 'ebike': 3}",0,9,0,1790644099.0
7403,3,"{'mechanical': 2, 'ebike': 1}",1,15,0,1790644069.0
7404,6,"{'mechanical': 3, 'ebike': 3}",4,9,0,1790644054.0
7407,1,"{'mechanical': 1, 'ebike': 0}",3,19,0,1790644118.0
7409,6,"{'mechanical': 5, 'ebike': 1}",0,21,0,1790644105.0
7410,4,"{'mechanical': 1, 'ebike': 3}",0,15,0,1790644157.0
7411,17,"{'mechanical': 16, 'ebike': 1}",1,5,0,1790644087.0
7412,23,"{'mechanical': 23, 'ebike': 0}",0,0,0,1790644127.0
7414,2,"{'mechanical': 1, 'ebike': 1}",1,12,0,1790644109.0
7415,5,"{'mechanical': 3, 'ebike': 2}",1,17,0,1790644103.0
7416,31,"{'mechanical': 30, 'ebike': 1}",0,0,0,1790644045.0
7417,0,"{'mechanical': 0, 'ebike': 0}",2,9,0,1790644128.0
7418,0,"{'mechanical': 0, 'ebike': 0}",1,24,0,1790644091.0
7419,0,"{'mechanical': 0, 'ebike': 0}",1,26,0,1790644142.0
7420,3,"{'mechanical': 3, 'ebike': 0}",3,22,0,1790644143.0
7422,3,"{'mechanical': 2, 'ebike': 1}",3,10,0,1790644122.0
7425,22,"{'mechanical': 22, 'ebike': 0}",0,1,0,1790644048.0
7427,41,"{'mechanical': 41, 'ebike': 0}",0,0,0,1790644040.0
7428,34,"{'mechanical': 33, 'ebike': 1}",1,8,0,1790644088.0
7429,0,"{'mechanical': 0, 'ebike': 0}",0,15,0,1790644048.0
7430,7,"{'mechanical': 7, 'ebike': 0}",2,18,0,1790644130.0
7431,24,"{'mechanical': 23, 'ebike': 1}",1,0,0,1790644074.0
7432,17,"{'mechanical': 17, 'ebike': 0}",2,28,0,1790644152.0
7433,16,"{'mechanical': 12, 'ebike': 4}",0,0,0,1790644114.0
7434,3,"{'mechanical': 0, 'ebike': 3}",1,35,0,1790644107.0
7435,1,"{'mechanical': 0, 'ebike': 1}",2,8,0,1790644058.0
7437,2,"{'mechanical': 1, 'ebike': 1}",1,12,0,1790644113.0
7438,0,"{'mechanical': 0, 'ebike': 0}",2,17,0,1790644143.0
7441,6,"{'mechanical': 4, 'ebike': 2}",2,15,0,1790644052.0
7442,1,"{'mechanical': 0, 'ebike': 1}",1,13,0,1790644050.0
7444,1,"{'mechanical': 1, 'ebike': 0}",0,19,0,1790644040.0
7445,17,"{'mechanical': 17, 'ebike': 0}",0,2,0,1790644090.0
7446,23,"{'mechanical': 22, 'ebike': 1}",1,1,0,1790644107.0
7447,1,"{'mechanical': 1, 'ebike': 0}",0,22,0,1790644150.0
7448,3,"{'mechanical': 3, 'ebike': 0}",0,15,1,1790644097.0
7449,0,"{'mechanical': 0, 'ebike': 0}",0,15,0,1790644099.0
7450,1,"{'mechanical': 0, 'ebike': 1}",0,14,0,1790644060.0
7451,26,"{'mechanical': 26, 'ebike': 0}",5,0,0,1790644106.0
7452,2,"{'mechanical': 2, 'ebike': 0}",2,16,2,1790644045.0
7453,2,"{'mechanical': 2, 'ebike': 0}",1,13,1,1790644128.0
7454,2,"{'mechanical': 2, 'ebike': 0}",5,8,0,1790644116.0
7455,1,"{'mechanical': 1, 'ebike': 0}",1,25,0,1790644097.0
7457,0,"{'mechanical': 0, 'ebike': 0}",6,17,0,1790644128.0
7458,9,"{'mechanical': 9, 'ebike': 0}",2,6,0,1790644104.0
7459,0,"{'mechanical': 0, 'ebike': 0}",0,11,0,1790644088.0
7460,0,"{'mechanical': 0, 'ebike': 0}",1,24,2,1790644072.0
7461,0,"{'mechanical': 0, 'ebike': 0}",2,21,0,1790644131.0
7462,2,"{'mechanical': 2, 'ebike': 0}",2,13,0,1790644145.0
7465,0,"{'mechanical': 0, 'ebike': 0}",4,15,0,1790644139.0
7466,0,"{'mechanical': 0, 'ebike': 0}",2,17,0,1790644095.0
7467,4,"{'mechanical': 4, 'ebike': 0}",3,8,0,1790644046.0
7468,6,"{'mechanical': 6, 'ebike': 0}",4,17,0,1790644102.0
7469,0,"{'mechanical': 0, 'ebike': 0}",1,22,0,1790644157.0
7471,10,"{'mechanical': 10, 'ebike': 0}",1,5,0,1790644076.0
7473,6,"{'mechanical': 5, 'ebike': 1}",1,8,0,1790644046.0
7474,21,"{'mechanical': 21, 'ebike': 0}",1,1,0,1790644076.0
7475,0,"{'mechanical': 0, 'ebike': 0}",4,15,0,1790644051.0
7476,0,"{'mechanical': 0, 'ebike': 0}",1,14,0,1790644058.0
7477,0,"{'mechanical': 0, 'ebike': 0}",1,19,0,1790644080.0
7478,17,"{'mechanical': 17, 'ebike': 0}",2,0,0,1790644109.0
7480,2,"{'mechanical': 2, 'ebike': 0}",1,12,0,1790644105.0
7483,4,"{'mechanical': 1, 'ebike': 3}",1,7,0,1790644107.0
7484,2,"{'mechanical': 0, 'ebike': 2}",4,10,0,1790644096.0
7485,1,"{'mechanical': 1, 'ebike': 0}",3,11,0,1790644124.0
7486,1,"{'mechanical': 0, 'ebike': 1}",0,21,0,1790644076.0
7487,10,"{'mechanical': 9, 'ebike': 1}",0,5,0,1790644049.0
7488,1,"{'mechanical': 1, 'ebike': 0}",2,8,0,1790644135.0
7489,13,"{'mechanical': 12, 'ebike': 1}",0,6,0,1790644104.0
7492,9,"{'mechanical': 9, 'ebike': 0}",3,3,0,1790644112.0
7493,12,"{'mechanical': 12, 'ebike': 0}",0,0,0,1790644072.0
7494,1,"{'mechanical': 0, 'ebike': 1}",5,6,0,1790644052.0
7496,2,"{'mechanical': 1, 'ebike': 1}",3,15,0,1790644084.0
7497,1,"{'mechanical': 1, 'ebike': 0}",2,17,0,1790644142.0
7501,3,"{'mechanical': 1, 'ebike': 2}",0,17,0,1790644110.0
7502,0,"{'mechanical': 0, 'ebike': 0}",3,17,0,1790644079.0
7503,0,"{'mechanical': 0, 'ebike': 0}",0,20,0,1790644041.0
7504,2,"{'mechanical': 1, 'ebike': 1}",0,14,0,1790644068.0
7505,15,"{'mechanical': 15, 'ebike': 0}",3,2,0,1790644060.0
7506,4,"{'mechanical': 4, 'ebike': 0}",0,8,0,1790644042.0
7508,6,"{'mechanical': 6, 'ebike': 0}",2,12,0,1790644055.0
7514,56,"{'mechanical': 53, 'ebike': 3}",6,1,0,1790644101.0
7515,21,"{'mechanical': 17, 'ebike': 4}",2,4,0,1790644144.0
7516,7,"{'mechanical': 7, 'ebike': 0}",3,7,0,1790644040.0
7517,23,"{'mechanical': 23, 'ebike': 0}",0,0,0,1790644124.0
7518,9,"{'mechanical': 9, 'ebike': 0}",0,18,0,1790644042.0
7520,2,"{'mechanical': 2, 'ebike': 0}",1,12,0,1790644096.0
7521,0,"{'mechanical': 0, 'ebike': 0}",0,23,0,1790644094.0
7522,3,"{'mechanical': 2, 'ebike': 1}",0,14,0,1790644106.0
7523,13,"{'mechanical': 12, 'ebike': 1}",2,0,0,1790644041.0
7524,29,"{'mechanical': 29, 'ebike': 0}",6,0,0,1790644127.0
7526,0,"{'mechanical': 0, 'ebike': 0}",4,19,0,1790644092.0
7527,3,"{'mechanical': 1, 'ebike': 2}",0,16,0,1790644101.0
7528,2,"{'mechanical': 2, 'ebike': 0}",4,11,0,1790644067.0
7529,0,"{'mechanical': 0, 'ebike': 0}",1,14,0,1790644097.0
7530,8,"{'mechanical': 7, 'ebike': 1}",2,12,0,1790644041.0
7531,1,"{'mechanical': 1, 'ebike': 0}",3,16,0,1790644113.0
7533,25,"{'mechanical': 24, 'ebike': 1}",0,2,0,1790644048.0
7534,9,"{'mechanical': 7, 'ebike': 2}",1,5,0,1790644050.0
7536,8,"{'mechanical': 8, 'ebike': 0}",2,13,0,1790644158.0
7537,2,"{'mechanical': 2, 'ebike': 0}",3,11,0,1790644134.0
7538,2,"{'mechanical': 0, 'ebike': 2}",1,16,0,1790644121.0
7539,1,"{'mechanical': 1, 'ebike': 0}",1,17,0,1790644160.0
7540,0,"{'mechanical': 0, 'ebike': 0}",0,18,1,1790644129.0
7541,9,"{'mechanical': 7, 'ebike': 2}",0,11,0,1790644149.0
7542,10,"{'mechanical': 10, 'ebike': 0}",3,9,1,1790644090.0
7543,0,"{'mechanical': 0, 'ebike': 0}",1,14,0,1790644039.0
7545,1,"{'mechanical': 1, 'ebike': 0}",1,13,0,1790644081.0
7546,0,"{'mechanical': 0, 'ebike': 0}",2,16,0,1790644134.0
7547,0,"{'mechanical': 0, 'ebike': 0}",2,13,0,1790644144.0
7548,0,"{'mechanical': 0, 'ebike': 0}",7,13,0,1790644145.0
7549,9,"{'mechanical': 8, 'ebike': 1}",3,35,0,1790644086.0
7551,13,"{'mechanical': 13, 'ebike': 0}",1,1,0,1790644147.0
7552,3,"{'mechanical': 3, 'ebike': 0}",0,14,2,1790644076.0
7553,4,"{'mechanical': 3, 'ebike': 1}",1,14,0,1790644061.0
7554,11,"{'mechanical': 11, 'ebike': 0}",0,16,0,1790644099.0
7555,1,"{'mechanical': 1, 'ebike': 0}",1,18,0,1790644052.0
7556,3,"{'mechanical': 3, 'ebike': 0}",4,24,0,1790644158.0
7557,22,"{'mechanical': 21, 'ebike': 1}",0,1,0,1790644123.0
7558,17,"{'mechanical': 16, 'ebike': 1}",2,0,0,1790644083.0
7559,12,"{'mechanical': 12, 'ebike': 0}",0,3,0,1790644103.0
7561,6,"{'mechanical': 3, 'ebike': 3}",1,8,0,1790644072.0
7562,3,"{'mechanical': 0, 'ebike': 3}",2,18,0,1790644083.0
7563,7,"{'mechanical': 6, 'ebike': 1}",1,11,0,1790644066.0
7564,6,"{'mechanical': 3, 'ebike': 3}",1,16,0,1790644059.0
7565,0,"{'mechanical': 0, 'ebike': 0}",1,22,0,1790644041.0
7566,1,"{'mechanical': 1, 'ebike': 0}",1,17,0,1790644055.0
7567,6,"{'mechanical': 6, 'ebike': 0}",0,21,0,1790644142.0
7568,11,"{'mechanical': 9, 'ebike': 2}",2,13,1,1790644063.0
7569,40,"{'mechanical': 28, 'ebike': 12}",2,44,1,1790644065.0
7570,10,"{'mechanical': 10, 'ebike': 0}",7,0,0,1790644067.0
7571,16,"{'mechanical': 15, 'ebike': 1}",1,2,0,1790644127.0
7572,0,"{'mechanical': 0, 'ebike': 0}",1,14,0,1790644055.0
7575,14,"{'mechanical': 13, 'ebike': 1}",1,0,0,1790644038.0
7576,21,"{'mechanical': 21, 'ebike': 0}",0,2,0,1790644092.0
7577,13,"{'mechanical': 12, 'ebike': 1}",1,13,0,1790644158.0
7578,9,"{'mechanical': 9, 'ebike': 0}",1,5,0,1790644087.0
7579,1,"{'mechanical': 1, 'ebike': 0}",3,15,0,1790644061.0
7580,0,"{'mechanical': 0, 'ebike': 0}",1,14,0,1790644131.0
7581,6,"{'mechanical': 6, 'ebike': 0}",1,8,0,1790644138.0
7582,2,"{'mechanical': 2, 'ebike': 0}",0,14,0,1790644052.0
7583,4,"{'mechanical': 0, 'ebike': 4}",1,18,0,1790644059.0
7584,4,"{'mechanical': 4, 'ebike': 0}",0,23,0,1790644121.0
7587,4,"{'mechanical': 4, 'ebike': 0}",0,14,1,1790644045.0
7588,2,"{'mechanical': 2, 'ebike': 0}",2,15,0,1790644116.0
7589,5,"{'mechanical': 4, 'ebike': 1}",3,7,0,1790644153.0
7590,2,"{'mechanical': 2, 'ebike': 0}",0,21,0,1790644039.0
7591,1,"{'mechanical': 0, 'ebike': 1}",4,18,0,1790644089.0
7593,3,"{'mechanical': 3, 'ebike': 0}",1,23,0,1790644150.0
7594,7,"{'mechanical': 0, 'ebike': 7}",4,4,0,1790644072.0
7595,3,"{'mechanical': 0, 'ebike': 3}",1,11,0,1790644050.0
7596,7,"{'mechanical': 5, 'ebike': 2}",1,24,0,1790644087.0
7597,0,"{'mechanical': 0, 'ebike': 0}",0,15,0,1790644077.0
7598,1,"{'mechanical': 0, 'ebike': 1}",0,14,0,1790644077.0
7599,0,"{'mechanical': 0, 'ebike': 0}",2,14,0,1790644145.0
7600,0,"{'mechanical': 0, 'ebike': 0}",3,17,0,1790644121.0
7601,3,"{'mechanical': 3, 'ebike': 0}",4,16,2,1790644096.0
7602,2,"{'mechanical': 1, 'ebike': 1}",2,15,0,1790644110.0
7603,7,"{'mechanical': 7, 'ebike': 0}",2,5,0,1790644055.0
7604,1,"{'mechanical': 1, 'ebike': 0}",0,18,0,1790644110.0
7605,3,"{'mechanical': 2, 'ebike': 1}",1,16,0,1790644132.0
7606,3,"{'mechanical': 1, 'ebike': 2}",3,13,0,1790644087.0
7607,9,"{'mechanical': 9, 'ebike': 0}",1,8,1,1790644115.0
7608,1,"{'mechanical': 0, 'ebike': 1}",0,26,0,1790644063.0
7609,0,"{'mechanical': 0, 'ebike': 0}",0,27,0,1790644119.0
7610,1,"{'mechanical': 1, 'ebike': 0}",1,13,0,1790644151.0
7611,0,"{'mechanical': 0, 'ebike': 0}",0,19,0,1790644125.0
7612,2,"{'mechanical': 1, 'ebike': 1}",0,17,0,1790644117.0
7613,2,"{'mechanical': 2, 'ebike': 0}",0,15,2,1790644141.0
7614,1,"{'mechanical': 0, 'ebike': 1}",1,21,0,1790644098.0
7615,10,"{'mechanical': 10, 'ebike': 0}",1,8,0,1790644067.0
7616,3,"{'mechanical': 3, 'ebike': 0}",1,15,0,1790644072.0
7617,1,"{'mechanical': 1, 'ebike': 0}",0,17,1,1790644087.0
7618,2,"{'mechanical': 2, 'ebike': 0}",1,8,0,1790644034.0
7619,0,"{'mechanical': 0, 'ebike': 0}",2,13,0,1790644047.0
7620,4,"{'mechanical': 2, 'ebike': 2}",3,24,0,1790644123.0
7622,19,"{'mechanical': 18, 'ebike': 1}",0,4,0,1790644147.0
7623,4,"{'mechanical': 4, 'ebike': 0}",1,14,0,1790644046.0
7624,0,"{'mechanical': 0, 'ebike': 0}",0,11,0,1790644145.0
7625,1,"{'mechanical': 0, 'ebike': 1}",2,20,0,1790644120.0
7626,1,"{'mechanical': 1, 'ebike': 0}",2,22,0,1790644067.0
7627,4,"{'mechanical': 2, 'ebike': 2}",0,11,0,1790644147.0
7629,9,"{'mechanical': 7, 'ebike': 2}",0,6,0,1790644084.0
7630,9,"{'mechanical': 7, 'ebike': 2}",1,13,0,1790644109.0
7631,15,"{'mechanical': 13, 'ebike': 2}",0,0,0,1790644064.0
7632,0,"{'mechanical': 0, 'ebike': 0}",3,14,0,1790644062.0
7633,12,"{'mechanical': 10, 'ebike': 2}",3,0,0,1790644043.0
7635,7,"{'mechanical': 3, 'ebike': 4}",6,2,0,1790644138.0
7636,12,"{'mechanical': 9, 'ebike': 3}",1,10,0,1790644103.0
7637,0,"{'mechanical': 0, 'ebike': 0}",2,17,0,1790644060.0
7639,8,"{'mechanical': 8, 'ebike': 0}",3,5,0,1790644095.0
7640,0,"{'mechanical': 0, 'ebike': 0}",2,11,2,1790644108.0
7641,1,"{'mechanical': 0, 'ebike': 1}",1,13,0,1790644144.0
7642,1,"{'mechanical': 1, 'ebike': 0}",5,13,0,1790644092.0
7643,1,"{'mechanical': 1, 'ebike': 0}",1,17,0,1790644045.0
7644,4,"{'mechanical': 4, 'ebike': 0}",1,10,0,1790644139.0
7645,0,"{'mechanical': 0, 'ebike': 0}",0,16,0,1790644101.0
7646,0,"{'mechanical': 0, 'ebike': 0}",0,15,0,1790644106.0
7650,0,"{'mechanical': 0, 'ebike': 0}",7,15,1,1790644107.0
7653,4,"{'mechanical': 4, 'ebike': 0}",3,8,0,1790644126.0
7654,0,"{'mechanical': 0, 'ebike': 0}",1,6,0,1790644097.0
7655,1,"{'mechanical': 1, 'ebike': 0}",0,14,0,1790644125.0
7656,2,"{'mechanical': 1, 'ebike': 1}",3,6,0,1790644097.0
7657,15,"{'mechanical': 15, 'ebike': 0}",1,4,0,1790644122.0
7658,25,"{'mechanical': 22, 'ebike': 3}",0,2,0,1790644139.0
7659,1,"{'mechanical': 1, 'ebike': 0}",0,18,0,1790644106.0
7660,14,"{'mechanical': 14, 'ebike': 0}",1,24,0,1790644158.0
7662,14,"{'mechanical': 14, 'ebike': 0}",2,3,0,1790644156.0
7663,0,"{'mechanical': 0, 'ebike': 0}",3,14,0,1790644081.0
7664,0,"{'mechanical': 0, 'ebike': 0}",2,13,0,1790644049.0
7665,0,"{'mechanical': 0, 'ebike': 0}",0,11,0,1790644037.0
7666,6,"{'mechanical': 5, 'ebike': 1}",1,17,2,1790644149.0
7667,2,"{'mechanical': 1, 'ebike': 1}",5,8,0,1790644058.0
7668,8,"{'mechanical': 7, 'ebike': 1}",4,8,0,1790644093.0
7671,1,"{'mechanical': 0, 'ebike': 1}",1,10,0,1790644139.0
7675,9,"{'mechanical': 9, 'ebike': 0}",1,4,1,1790644077.0
7676,1,"{'mechanical': 0, 'ebike': 1}",0,15,0,1790644139.0
7677,4,"{'mechanical': 1, 'ebike': 3}",2,9,0,1790644143.0
7678,6,"{'mechanical': 5, 'ebike': 1}",1,9,0,1790644159.0
7679,5,"{'mechanical': 5, 'ebike': 0}",0,10,0,1790644064.0
7681,15,"{'mechanical': 14, 'ebike': 1}",1,8,0,1790644064.0
7682,35,"{'mechanical': 35, 'ebike': 0}",0,0,0,1790644065.0
7684,19,"{'mechanical': 18, 'ebike': 1}",2,2,0,1790644109.0
7685,20,"{'mechanical': 20, 'ebike': 0}",2,1,0,1790644131.0
7686,14,"{'mechanical': 13, 'ebike': 1}",0,1,0,1790644118.0
7687,3,"{'mechanical': 3, 'ebike': 0}",0,9,0,1790644104.0
7688,8,"{'mechanical': 7, 'ebike': 1}",4,3,0,1790644036.0
7691,4,"{'mechanical': 4, 'ebike': 0}",3,10,2,1790644094.0
7692,24,"{'mechanical': 24, 'ebike': 0}",3,0,0,1790644104.0
7693,1,"{'mechanical': 1, 'ebike': 0}",0,22,0,1790644156.0
7694,2,"{'mechanical': 2, 'ebike': 0}",2,15,0,1790644055.0
7695,17,"{'mechanical': 14, 'ebike': 3}",2,0,0,1790644144.0
7696,14,"{'mechanical': 14, 'ebike': 0}",0,5,0,1790644059.0
7698,0,"{'mechanical': 0, 'ebike': 0}",1,13,0,1790644116.0
7699,4,"{'mechanical': 0, 'ebike': 4}",2,9,0,1790644126.0
7700,0,"{'mechanical': 0, 'ebike': 0}",2,13,0,1790644113.0
7701,15,"{'mechanical': 15, 'ebike': 0}",2,2,0,1790644080.0
7702,15,"{'mechanical': 15, 'ebike': 0}",1,2,0,1790644092.0
7704,0,"{'mechanical': 0, 'ebike': 0}",0,19,0,1790644159.0
7705,16,"{'mechanical': 15, 'ebike': 1}",2,1,0,1790644068.0
7706,15,"{'mechanical': 10, 'ebike': 5}",0,12,0,1790644149.0
7707,11,"{'mechanical': 11, 'ebike': 0}",1,7,0,1790644094.0
7708,1,"{'mechanical': 1, 'ebike': 0}",5,22,0,1790644065.0
7709,4,"{'mechanical': 1, 'ebike': 3}",1,18,0,1790644081.0
7710,0,"{'mechanical': 0, 'ebike': 0}",5,13,0,1790644096.0
7711,10,"{'mechanical': 5, 'ebike': 5}",0,5,0,1790644154.0
7712,4,"{'mechanical': 4, 'ebike': 0}",2,17,0,1790644050.0
7713,3,"{'mechanical': 3, 'ebike': 0}",4,12,0,1790644096.0
7715,1,"{'mechanical': 0, 'ebike': 1}",0,10,0,1790644066.0
7716,18,"{'mechanical': 18, 'ebike': 0}",0,1,0,1790644098.0
7717,9,"{'mechanical': 9, 'ebike': 0}",1,1,0,1790644036.0
7718,8,"{'mechanical': 8, 'ebike': 0}",1,1,1,1790644061.0
7720,26,"{'mechanical': 26, 'ebike': 0}",3,2,0,1790644130.0
7721,11,"{'mechanical': 11, 'ebike': 0}",0,0,0,1790644046.0
7725,2,"{'mechanical': 1, 'ebike': 1}",1,12,0,1790644131.0
7728,3,"{'mechanical': 3, 'ebike': 0}",1,15,0,1790644153.0
7729,8,"{'mechanical': 3, 'ebike': 5}",6,31,0,1790644042.0
7730,22,"{'mechanical': 2, 'ebike': 20}",6,15,0,1790644098.0
7731,2,"{'mechanical': 1, 'ebike': 1}",1,12,0,1790644110.0
7732,6,"{'mechanical': 6, 'ebike': 0}",0,9,0,1790644070.0
7733,5,"{'mechanical': 5, 'ebike': 0}",0,10,0,1790644128.0
7734,1,"{'mechanical': 1, 'ebike': 0}",0,14,0,1790644058.0
7735,2,"{'mechanical': 1, 'ebike': 1}",0,13,0,1790644098.0
7736,2,"{'mechanical': 2, 'ebike': 0}",0,13,0,1790644145.0
7737,2,"{'mechanical': 2, 'ebike': 0}",0,13,0,1790644146.0
7738,1,"{'mechanical': 0, 'ebike': 1}",1,13,0,1790644157.0
7739,1,"{'mechanical': 1, 'ebike': 0}",1,13,0,1790644116.0
7740,4,"{'mechanical': 3, 'ebike': 1}",0,11,0,1790644094.0
7741,0,"{'mechanical': 0, 'ebike': 0}",1,14,0,1790644092.0
7742,5,"{'mechanical': 1, 'ebike': 4}",0,14,0,1790644105.0
7743,7,"{'mechanical': 1, 'ebike': 6}",0,12,0,1790644123.0
7744,1,"{'mechanical': 0, 'ebike': 1}",0,22,0,1790644139.0
7745,8,"{'mechanical': 8, 'ebike': 0}",0,7,0,1790644076.0
7746,2,"{'mechanical': 0, 'ebike': 2}",1,15,1,1790644093.0
7747,0,"{'mechanical': 0, 'ebike': 0}",2,13,0,1790644138.0
7748,8,"{'mechanical': 8, 'ebike': 0}",1,10,0,1790644051.0
7749,2,"{'mechanical': 1, 'ebike': 1}",0,13,0,1790644069.0
7750,0,"{'mechanical': 0, 'ebike': 0}",0,15,0,1790644113.0
7751,0,"{'mechanical': 0, 'ebike': 0}",1,14,0,1790644149.0
7752,21,"{'mechanical': 21, 'ebike': 0}",1,1,0,1790644153.0
7753,12,"{'mechanical': 10, 'ebike': 2}",3,0,0,1790644116.0
7754,0,"{'mechanical': 0, 'ebike': 0}",3,11,0,1790644036.0
7755,7,"{'mechanical': 6, 'ebike': 1}",0,8,0,1790644037.0
7756,5,"{'mechanical': 5, 'ebike': 0}",0,14,0,1790644086.0
7757,16,"{'mechanical': 16, 'ebike': 0}",3,0,0,1790644112.0
7758,7,"{'mechanical': 7, 'ebike': 0}",0,12,0,1790644122.0
7759,13,"{'mechanical': 13, 'ebike': 0}",0,2,0,1790644138.0
7760,11,"{'mechanical': 8, 'ebike': 3}",5,7,0,1790644052.0
7761,6,"{'mechanical': 6, 'ebike': 0}",1,8,0,1790644086.0
7762,0,"{'mechanical': 0, 'ebike': 0}",1,13,0,1790644123.0
7765,3,"{'mechanical': 2, 'ebike': 1}",1,11,0,1790644092.0
7766,2,"{'mechanical': 1, 'ebike': 1}",1,12,0,1790644081.0
7767,4,"{'mechanical': 4, 'ebike': 0}",0,7,0,1790644119.0
7768,7,"{'mechanical': 7, 'ebike': 0}",2,5,0,1790644120.0
7769,2,"{'mechanical': 2, 'ebike': 0}",1,12,0,1790644068.0
7770,2,"{'mechanical': 2, 'ebike': 0}",1,20,0,1790644137.0
7771,7,"{'mechanical': 3, 'ebike': 4}",1,3,0,1790644116.0
7772,1,"{'mechanical': 1, 'ebike': 0}",1,13,0,1790644077.0
7773,1,"{'mechanical': 1, 'ebike': 0}",0,12,1,1790644088.0
7774,0,"{'mechanical': 0, 'ebike': 0}",0,15,0,1790644037.0
7775,1,"{'mechanical': 1, 'ebike': 0}",0,10,0,1790644036.0
7776,0,"{'mechanical': 0, 'ebike': 0}",0,19,0,1790644143.0
7777,3,"{'mechanical': 3, 'ebike': 0}",1,10,1,1790644143.0
7778,3,"{'mechanical': 2, 'ebike': 1}",1,7,0,1790644100.0
7779,2,"{'mechanical': 1, 'ebike': 1}",2,11,0,1790644156.0
7780,5,"{'mechanical': 4, 'ebike': 1}",1,10,0,1790644060.0
7781,0,"{'mechanical': 0, 'ebike': 0}",3,12,0,1790644142.0
7782,1,"{'mechanical': 0, 'ebike': 1}",0,19,0,1790644116.0
7783,2,"{'mechanical': 2, 'ebike': 0}",0,18,0,1790644041.0
7784,5,"{'mechanical': 4, 'ebike': 1}",1,13,0,1790644083.0
7785,6,"{'mechanical': 6, 'ebike': 0}",1,9,0,1790644142.0
7787,22,"{'mechanical': 21, 'ebike': 1}",4,5,0,1790644101.0
7788,36,"{'mechanical': 36, 'ebike': 0}",3,10,0,1790644104.0
7789,5,"{'mechanical': 0, 'ebike': 5}",3,15,0,1790644123.0
7790,13,"{'mechanical': 11, 'ebike': 2}",3,0,1,1790644119.0
7791,14,"{'mechanical': 13, 'ebike': 1}",1,0,0,1790644108.0
7792,13,"{'mechanical': 13, 'ebike': 0}",2,0,0,1790644041.0
7796,13,"{'mechanical': 13, 'ebike': 0}",1,5,0,1790644133.0
7798,14,"{'mechanical': 14, 'ebike': 0}",0,1,0,1790644161.0
7799,0,"{'mechanical': 0, 'ebike': 0}",0,15,0,1790644148.0
7800,2,"{'mechanical': 2, 'ebike': 0}",1,16,0,1790644146.0
7801,3,"{'mechanical': 3, 'ebike': 0}",0,12,0,1790644138.0
7802,10,"{'mechanical': 7, 'ebike': 3}",2,0,0,1790644128.0
7803,2,"{'mechanical': 1, 'ebike': 1}",1,16,0,1790644130.0
7804,12,"{'mechanical': 11, 'ebike': 1}",1,0,0,1790644071.0
7805,5,"{'mechanical': 2, 'ebike': 3}",0,14,0,1790644049.0
7806,0,"{'mechanical': 0, 'ebike': 0}",1,14,0,1790644149.0
7807,1,"{'mechanical': 0, 'ebike': 1}",0,14,0,1790644080.0
7808,0,"{'mechanical': 0, 'ebike': 0}",0,15,0,1790644055.0
7809,1,"{'mechanical': 0, 'ebike': 1}",1,17,0,1790644067.0
7810,0,"{'mechanical': 0, 'ebike': 0}",2,13,0,1790644111.0
7811,15,"{'mechanical': 15, 'ebike': 0}",4,0,0,1790644142.0
7812,6,"{'mechanical': 6, 'ebike': 0}",0,13,0,1790644140.0
7813,0,"{'mechanical': 0, 'ebike': 0}",1,22,0,1790644043.0
7814,5,"{'mechanical': 5, 'ebike': 0}",0,10,0,1790644107.0
7815,5,"{'mechanical': 5, 'ebike': 0}",0,9,1,1790644151.0
7816,7,"{'mechanical': 7, 'ebike': 0}",2,46,0,1790644145.0
7817,5,"{'mechanical': 5, 'ebike': 0}",2,8,0,1790644045.0
7818,0,"{'mechanical': 0, 'ebike': 0}",0,19,0,1790644156.0
7819,1,"{'mechanical': 0, 'ebike': 1}",2,12,0,1790644055.0
7820,0,"{'mechanical': 0, 'ebike': 0}",0,15,0,1790644120.0
7821,16,"{'mechanical': 16, 'ebike': 0}",4,0,0,1790644155.0
7822,19,"{'mechanical': 17, 'ebike': 2}",0,0,0,1790644140.0
7823,4,"{'mechanical': 1, 'ebike': 3}",4,2,1,1790644085.0
7824,0,"{'mechanical': 0, 'ebike': 0}",1,18,0,1790644065.0
7825,2,"{'mechanical': 2, 'ebike': 0}",0,12,0,1790644079.0
7826,15,"{'mechanical': 10, 'ebike': 5}",0,0,0,1790644160.0
7827,3,"{'mechanical': 1, 'ebike': 2}",0,12,0,1790644153.0
7828,1,"{'mechanical': 0, 'ebike': 1}",0,10,0,1790644107.0
7830,2,"{'mechanical': 2, 'ebike': 0}",0,13,0,1790644079.0
7831,10,"{'mechanical': 10, 'ebike': 0}",0,9,0,1790644134.0
7832,7,"{'mechanical': 7, 'ebike': 0}",3,9,0,1790644160.0
7833,0,"{'mechanical': 0, 'ebike': 0}",0,15,0,1790644036.0
7834,0,"{'mechanical': 0, 'ebike': 0}",0,15,0,1790644081.0
7835,2,"{'mechanical': 1, 'ebike': 1}",1,16,0,1790644064.0
7836,0,"{'mechanical': 0, 'ebike': 0}",0,19,0,1790644121.0
7837,3,"{'mechanical': 3, 'ebike': 0}",0,16,0,1790644145.0
7838,16,"{'mechanical': 16, 'ebike': 0}",1,2,0,1790644092.0
7839,5,"{'mechanical': 4, 'ebike': 1}",2,4,0,1790644063.0
7840,3,"{'mechanical': 3, 'ebike': 0}",0,12,0,1790644071.0
7841,3,"{'mechanical': 2, 'ebike': 1}",2,10,0,1790644098.0
7842,7,"{'mechanical': 7, 'ebike': 0}",0,4,0,1790644035.0
7843,12,"{'mechanical': 11, 'ebike': 1}",2,1,0,1790644146.0
7844,10,"{'mechanical': 10, 'ebike': 0}",2,3,0,1790644063.0
7845,15,"{'mechanical': 15, 'ebike': 0}",0,0,0,1790644161.0
7846,1,"{'mechanical': 1, 'ebike': 0}",0,14,0,1790644061.0
7848,0,"{'mechanical': 0, 'ebike': 0}",1,22,0,1790644071.0
7849,1,"{'mechanical': 1, 'ebike': 0}",0,13,1,1790644076.0
7850,13,"{'mechanical': 13, 'ebike': 0}",1,1,1,1790644112.0
7851,0,"{'mechanical': 0, 'ebike': 0}",2,13,0,1790644105.0
7852,9,"{'mechanical': 9, 'ebike': 0}",0,14,0,1790644041.0
7853,13,"{'mechanical': 12, 'ebike': 1}",0,2,0,1790644057.0
7854,0,"{'mechanical': 0, 'ebike': 0}",0,19,0,1790644111.0
7855,1,"{'mechanical': 1, 'ebike': 0}",2,12,0,1790644147.0
7856,3,"{'mechanical': 3, 'ebike': 0}",0,12,0,1790644109.0
7857,5,"{'mechanical': 0, 'ebike': 5}",0,14,0,1790644063.0
7858,1,"{'mechanical': 1, 'ebike': 0}",0,22,0,1790644065.0
7859,4,"{'mechanical': 4, 'ebike': 0}",0,11,0,1790644076.0
7860,4,"{'mechanical': 4, 'ebike': 0}",1,10,0,1790644054.0
7861,3,"{'mechanical': 2, 'ebike': 1}",0,16,0,1790644123.0
7862,0,"{'mechanical': 0, 'ebike': 0}",0,15,0,1790644108.0
7863,0,"{'mechanical': 0, 'ebike': 0}",1,14,0,1790644097.0
7864,0,"{'mechanical': 0, 'ebike': 0}",2,13,0,1790644082.0
7865,22,"{'mechanical': 2, 'ebike': 20}",6,15,0,1790644082.0
7866,0,"{'mechanical': 0, 'ebike': 0}",3,20,0,1790644140.0
7867,2,"{'mechanical': 1, 'ebike': 1}",4,9,0,1790644069.0
7868,5,"{'mechanical': 5, 'ebike': 0}",0,14,0,1790644041.0
7869,6,"{'mechanical': 6, 'ebike': 0}",0,9,0,1790644091.0
7870,0,"{'mechanical': 0, 'ebike': 0}",0,15,0,1790644145.0
7871,2,"{'mechanical': 2, 'ebike': 0}",0,12,0,1790644043.0
7872,6,"{'mechanical': 6, 'ebike': 0}",0,9,0,1790644115.0
7874,0,"{'mechanical': 0, 'ebike': 0}",1,14,0,1790644082.0
7875,6,"{'mechanical': 6, 'ebike': 0}",0,9,0,1790644143.0
7877,7,"{'mechanical': 7, 'ebike': 0}",0,8,0,1790644118.0
7878,1,"{'mechanical': 1, 'ebike': 0}",0,14,0,1790644055.0
7880,9,"{'mechanical': 9, 'ebike': 0}",1,5,0,1790644036.0
7883,3,"{'mechanical': 2, 'ebike': 1}",0,8,0,1790644108.0
7884,4,"{'mechanical': 2, 'ebike': 2}",0,11,0,1790644086.0
7885,8,"{'mechanical': 7, 'ebike': 1}",1,2,0,1790644087.0
7887,27,"{'mechanical': 10, 'ebike': 17}",8,7,2,1790644095.0
7888,4,"{'mechanical': 3, 'ebike': 1}",0,11,0,1790644047.0
7889,14,"{'mechanical': 11, 'ebike': 3}",1,3,1,1790644047.0
7890,1,"{'mechanical': 0, 'ebike': 1}",3,19,0,1790644088.0
7891,1,"{'mechanical': 1, 'ebike': 0}",0,18,0,1790644130.0
7893,0,"{'mechanical': 0, 'ebike': 0}",0,19,0,1790644154.0
7894,0,"{'mechanical': 0, 'ebike': 0}",1,14,0,1790644155.0
7895,0,"{'mechanical': 0, 'ebike': 0}",0,15,0,1790644122.0
7896,0,"{'mechanical': 0, 'ebike': 0}",1,14,0,1790644125.0
7897,4,"{'mechanical': 1, 'ebike': 3}",0,11,0,1790644101.0
7899,0,"{'mechanical': 0, 'ebike': 0}",1,22,0,1790644097.0
7900,1,"{'mechanical': 1, 'ebike': 0}",1,9,0,1790644061.0
7901,5,"{'mechanical': 4, 'ebike': 1}",1,5,0,1790644081.0
7902,0,"{'mechanical': 0, 'ebike': 0}",0,15,0,1790644160.0
7903,0,"{'mechanical': 0, 'ebike': 0}",2,13,0,1790644079.0
7904,6,"{'mechanical': 5, 'ebike': 1}",3,2,0,1790644048.0
7906,10,"{'mechanical': 10, 'ebike': 0}",2,2,0,1790644118.0
7907,19,"{'mechanical': 2, 'ebike': 17}",4,18,0,1790644101.0
7909,4,"{'mechanical': 4, 'ebike': 0}",0,19,0,1790644117.0
7910,3,"{'mechanical': 1, 'ebike': 2}",1,11,0,1790644134.0
7911,0,"{'mechanical': 0, 'ebike': 0}",3,16,0,1790644134.0
7912,18,"{'mechanical': 18, 'ebike': 0}",1,0,0,1790644099.0
7913,0,"{'mechanical': 0, 'ebike': 0}",1,34,0,1790644089.0
7914,0,"{'mechanical': 0, 'ebike': 0}",1,26,0,1790644121.0
7915,5,"{'mechanical': 2, 'ebike': 3}",2,7,1,1790644145.0
7916,1,"{'mechanical': 1, 'ebike': 0}",1,17,0,1790644146.0
7917,0,"{'mechanical': 0, 'ebike': 0}",0,39,0,1790644081.0
7918,7,"{'mechanical': 7, 'ebike': 0}",1,7,0,1790644115.0
7919,5,"{'mechanical': 3, 'ebike': 2}",1,13,0,1790644157.0
7920,5,"{'mechanical': 5, 'ebike': 0}",0,10,0,1790644157.0
7922,0,"{'mechanical': 0, 'ebike': 0}",0,22,1,1790644124.0
7923,10,"{'mechanical': 10, 'ebike': 0}",0,9,0,1790644090.0
7924,4,"{'mechanical': 4, 'ebike': 0}",2,6,0,1790644100.0
7925,20,"{'mechanical': 19, 'ebike': 1}",1,3,0,1790644120.0
7926,1,"{'mechanical': 0, 'ebike': 1}",3,20,0,1790644060.0
7927,20,"{'mechanical': 20, 'ebike': 0}",4,0,0,1790644105.0
7928,4,"{'mechanical': 4, 'ebike': 0}",0,75,0,1790644101.0
7929,8,"{'mechanical': 7, 'ebike': 1}",2,2,0,1790644111.0
7930,5,"{'mechanical': 5, 'ebike': 0}",0,10,0,1790644092.0
7931,0,"{'mechanical': 0, 'ebike': 0}",0,16,0,1790644083.0
7932,12,"{'mechanical': 11, 'ebike': 1}",0,0,0,1790644161.0
7933,10,"{'mechanical': 10, 'ebike': 0}",1,11,1,1790644106.0
7934,2,"{'mechanical': 1, 'ebike': 1}",2,6,0,1790644095.0
7935,2,"{'mechanical': 2, 'ebike': 0}",3,10,0,1790644042.0
7936,0,"{'mechanical': 0, 'ebike': 0}",0,15,0,1790644035.0
7937,0,"{'mechanical': 0, 'ebike': 0}",1,18,0,1790644125.0
7938,12,"{'mechanical': 12, 'ebike': 0}",1,2,0,1790644074.0
7939,15,"{'mechanical': 15, 'ebike': 0}",2,0,0,1790644112.0
7940,1,"{'mechanical': 0, 'ebike': 1}",4,27,0,1790644108.0
7941,6,"{'mechanical': 6, 'ebike': 0}",0,9,0,1790644044.0
7942,2,"{'mechanical': 0, 'ebike': 2}",2,11,0,1790644045.0
7943,7,"{'mechanical': 7, 'ebike': 0}",5,11,0,1790644073.0
7944,8,"{'mechanical': 7, 'ebike': 1}",1,14,0,1790644084.0
7945,28,"{'mechanical': 28, 'ebike': 0}",2,1,0,1790644050.0
7946,12,"{'mechanical': 12, 'ebike': 0}",2,1,0,1790644096.0
7947,11,"{'mechanical': 10, 'ebike': 1}",0,0,0,1790644141.0
7948,21,"{'mechanical': 20, 'ebike': 1}",1,1,0,1790644064.0
7949,14,"{'mechanical': 11, 'ebike': 3}",1,0,0,1790644121.0
7950,4,"{'mechanical': 4, 'ebike': 0}",1,18,0,1790644152.0
7951,12,"{'mechanical': 11, 'ebike': 1}",4,3,0,1790644141.0
7952,0,"{'mechanical': 0, 'ebike': 0}",1,18,0,1790644153.0
7953,5,"{'mechanical': 5, 'ebike': 0}",1,8,0,1790644088.0
7954,21,"{'mechanical': 21, 'ebike': 0}",1,1,0,1790644042.0
7955,4,"{'mechanical': 4, 'ebike': 0}",2,17,0,1790644083.0
7956,2,"{'mechanical': 2, 'ebike': 0}",0,9,0,1790644160.0
7957,2,"{'mechanical': 2, 'ebike': 0}",2,15,0,1790644156.0
7958,5,"{'mechanical': 5, 'ebike': 0}",2,12,0,1790644136.0
7959,2,"{'mechanical': 2, 'ebike': 0}",0,13,0,1790644048.0
7960,5,"{'mechanical': 3, 'ebike': 2}",0,14,0,1790644087.0
7961,2,"{'mechanical': 1, 'ebike': 1}",0,13,0,1790644067.0
7962,6,"{'mechanical': 6, 'ebike': 0}",0,9,0,1790644062.0
7963,0,"{'mechanical': 0, 'ebike': 0}",1,10,0,1790644095.0
7964,0,"{'mechanical': 0, 'ebike': 0}",1,14,0,1790644096.0
7965,0,"{'mechanical': 0, 'ebike': 0}",1,18,0,1790644127.0
7966,2,"{'mechanical': 1, 'ebike': 1}",0,13,0,1790644046.0
7967,1,"{'mechanical': 0, 'ebike': 1}",1,13,0,1790644149.0
7968,5,"{'mechanical': 5, 'ebike': 0}",0,14,0,1790644086.0
7969,3,"{'mechanical': 3, 'ebike': 0}",0,16,0,1790644067.0
7970,6,"{'mechanical': 6, 'ebike': 0}",1,12,0,1790644131.0
7971,5,"{'mechanical': 5, 'ebike': 0}",3,6,0,1790644090.0
7972,1,"{'mechanical': 1, 'ebike': 0}",0,10,0,1790644043.0
7973,3,"{'mechanical': 3, 'ebike': 0}",4,12,0,1790644073.0
7974,13,"{'mechanical': 11, 'ebike': 2}",0,6,0,1790644064.0
7976,10,"{'mechanical': 10, 'ebike': 0}",1,7,1,1790644079.0
7977,3,"{'mechanical': 3, 'ebike': 0}",3,9,0,1790644036.0
7978,15,"{'mechanical': 15, 'ebike': 0}",1,6,0,1790644134.0
7979,1,"{'mechanical': 0, 'ebike': 1}",3,15,0,1790644094.0
7981,3,"{'mechanical': 3, 'ebike': 0}",2,10,0,1790644126.0
7982,4,"{'mechanical': 4, 'ebike': 0}",0,15,0,1790644150.0
7983,2,"{'mechanical': 2, 'ebike': 0}",6,6,0,1790644086.0
7984,14,"{'mechanical': 14, 'ebike': 0}",0,9,0,1790644127.0
7985,7,"{'mechanical': 6, 'ebike': 1}",0,7,1,1790644041.0
7986,2,"{'mechanical': 2, 'ebike': 0}",2,15,0,1790644069.0
7987,2,"{'mechanical': 2, 'ebike': 0}",0,13,0,1790644098.0
7988,3,"{'mechanical': 3, 'ebike': 0}",1,15,0,1790644139.0
7989,5,"{'mechanical': 5, 'ebike': 0}",0,10,0,1790644153.0
7990,4,"{'mechanical': 4, 'ebike': 0}",2,5,0,1790644083.0
7991,0,"{'mechanical': 0, 'ebike': 0}",2,13,0,1790644136.0
7992,1,"{'mechanical': 1, 'ebike': 0}",1,9,0,1790644067.0
7993,3,"{'mechanical': 2, 'ebike': 1}",3,8,0,1790644117.0
7994,0,"{'mechanical': 0, 'ebike': 0}",0,11,0,1790644085.0
7995,0,"{'mechanical': 0, 'ebike': 0}",2,13,0,1790644055.0
7996,14,"{'mechanical': 2, 'ebike': 12}",2,7,0,1790644044.0
7997,18,"{'mechanical': 4, 'ebike': 14}",2,19,0,1790644103.0
7998,1,"{'mechanical': 0, 'ebike': 1}",1,17,0,1790644135.0
7999,0,"{'mechanical': 0, 'ebike': 0}",1,14,0,1790644072.0
8000,1,"{'mechanical': 1, 'ebike': 0}",4,26,0,1790644103.0
8001,1,"{'mechanical': 1, 'ebike': 0}",0,23,0,1790644161.0
8002,1,"{'mechanical': 1, 'ebike': 0}",0,14,0,1790644065.0
8003,9,"{'mechanical': 8, 'ebike': 1}",1,1,0,1790644094.0
8004,0,"{'mechanical': 0, 'ebike': 0}",2,9,0,1790644150.0
8005,0,"{'mechanical': 0, 'ebike': 0}",3,8,0,1790644057.0
8006,6,"{'mechanical': 6, 'ebike': 0}",3,14,0,1790644136.0
8007,4,"{'mechanical': 2, 'ebike': 2}",2,25,0,1790644074.0
8008,0,"{'mechanical': 0, 'ebike': 0}",0,16,0,1790644154.0
8009,1,"{'mechanical': 0, 'ebike': 1}",8,30,0,1790644127.0
8010,2,"{'mechanical': 2, 'ebike': 0}",2,15,0,1790644045.0
8011,14,"{'mechanical': 3, 'ebike': 11}",4,13,0,1790644059.0
8012,10,"{'mechanical': 10, 'ebike': 0}",2,7,0,1790644046.0
8013,11,"{'mechanical': 11, 'ebike': 0}",0,1,0,1790644094.0
8014,20,"{'mechanical': 19, 'ebike': 1}",1,2,0,1790644092.0
8015,8,"{'mechanical': 8, 'ebike': 0}",0,4,0,1790644086.0
8016,13,"{'mechanical': 13, 'ebike': 0}",1,9,0,1790644115.0
8017,1,"{'mechanical': 1, 'ebike': 0}",2,12,0,1790644045.0
8018,13,"{'mechanical': 13, 'ebike': 0}",1,1,1,1790644129.0
8020,3,"{'mechanical': 2, 'ebike': 1}",3,3,0,1790644132.0
8021,4,"{'mechanical': 4, 'ebike': 0}",0,15,0,1790644083.0
8022,4,"{'mechanical': 3, 'ebike': 1}",0,7,0,1790644124.0
8023,5,"{'mechanical': 4, 'ebike': 1}",3,3,0,1790644071.0
8025,4,"{'mechanical': 4, 'ebike': 0}",1,6,0,1790644108.0
8026,1,"{'mechanical': 1, 'ebike': 0}",1,21,0,1790644157.0
8027,5,"{'mechanical': 5, 'ebike': 0}",1,33,0,1790644056.0
8028,0,"{'mechanical': 0, 'ebike': 0}",0,27,0,1790644067.0
8029,26,"{'mechanical': 26, 'ebike': 0}",0,21,0,1790644061.0
8030,0,"{'mechanical': 0, 'ebike': 0}",0,35,0,1790644041.0
8031,5,"{'mechanical': 5, 'ebike': 0}",0,10,0,1790644127.0
8032,6,"{'mechanical': 6, 'ebike': 0}",0,9,0,1790644067.0
8033,2,"{'mechanical': 2, 'ebike': 0}",0,17,0,1790644122.0
8034,6,"{'mechanical': 5, 'ebike': 1}",0,9,0,1790644100.0
8035,3,"{'mechanical': 3, 'ebike': 0}",0,16,0,1790644141.0
8036,3,"{'mechanical': 3, 'ebike': 0}",0,15,0,1790644112.0
8037,6,"{'mechanical': 6, 'ebike': 0}",2,7,0,1790644112.0
8038,3,"{'mechanical': 2, 'ebike': 1}",2,6,0,1790644122.0
8039,1,"{'mechanical': 1, 'ebike': 0}",4,14,0,1790644052.0
8040,3,"{'mechanical': 3, 'ebike': 0}",3,17,0,1790644067.0
8041,3,"{'mechanical': 2, 'ebike': 1}",2,6,0,1790644060.0
8042,4,"{'mechanical': 4, 'ebike': 0}",1,14,0,1790644105.0
8043,1,"{'mechanical': 0, 'ebike': 1}",1,13,0,1790644081.0
8044,2,"{'mechanical': 2, 'ebike': 0}",0,9,0,1790644043.0
8045,2,"{'mechanical': 0, 'ebike': 2}",0,13,0,1790644088.0
8046,1,"{'mechanical': 1, 'ebike': 0}",1,9,0,1790644083.0
8047,0,"{'mechanical': 0, 'ebike': 0}",0,11,0,1790644149.0
8048,3,"{'mechanical': 3, 'ebike': 0}",1,11,0,1790644144.0
8049,0,"{'mechanical': 0, 'ebike': 0}",0,19,0,1790644145.0
8050,1,"{'mechanical': 1, 'ebike': 0}",1,21,0,1790644153.0
8051,8,"{'mechanical': 5, 'ebike': 3}",2,2,0,1790644086.0
8052,0,"{'mechanical': 0, 'ebike': 0}",0,10,0,1790644065.0
8053,0,"{'mechanical': 0, 'ebike': 0}",0,17,0,1790644150.0
8054,3,"{'mechanical': 2, 'ebike': 1}",2,14,0,1790644084.0
8055,7,"{'mechanical': 7, 'ebike': 0}",1,3,0,1790644159.0
8056,6,"{'mechanical': 6, 'ebike': 0}",0,13,0,1790644146.0
8057,3,"{'mechanical': 3, 'ebike': 0}",0,16,0,1790644113.0
8058,3,"{'mechanical': 3, 'ebike': 0}",1,15,0,1790644112.0
8059,2,"{'mechanical': 2, 'ebike': 0}",0,9,0,1790644036.0
8060,0,"{'mechanical': 0, 'ebike': 0}",0,15,0,1790644134.0
8061,0,"{'mechanical': 0, 'ebike': 0}",1,10,0,1790644158.0
8062,0,"{'mechanical': 0, 'ebike': 0}",1,10,0,1790644131.0
8063,3,"{'mechanical': 3, 'ebike': 0}",0,8,0,1790644161.0
8064,0,"{'mechanical': 0, 'ebike': 0}",0,11,0,1790644161.0
8065,1,"{'mechanical': 1, 'ebike': 0}",2,8,0,1790644082.0
8066,0,"{'mechanical': 0, 'ebike': 0}",0,15,0,1790644104.0
8070,17,"{'mechanical': 17, 'ebike': 0}",1,13,0,1790644057.0
8073,3,"{'mechanical': 2, 'ebike': 1}",0,11,0,1790644128.0
8074,2,"{'mechanical': 2, 'ebike': 0}",0,9,0,1790644156.0
8075,17,"{'mechanical': 17, 'ebike': 0}",2,0,0,1790644090.0
8076,1,"{'mechanical': 1, 'ebike': 0}",0,10,0,1790644060.0
8077,1,"{'mechanical': 1, 'ebike': 0}",1,9,0,1790644072.0
8078,1,"{'mechanical': 1, 'ebike': 0}",2,12,0,1790644117.0
8079,4,"{'mechanical': 4, 'ebike': 0}",2,4,1,1790644036.0
8080,1,"{'mechanical': 1, 'ebike': 0}",2,12,0,1790644077.0
8081,0,"{'mechanical': 0, 'ebike': 0}",1,10,0,1790644146.0
8082,6,"{'mechanical': 6, 'ebike': 0}",0,9,0,1790644067.0
8083,0,"{'mechanical': 0, 'ebike': 0}",0,11,0,1790644128.0
8084,1,"{'mechanical': 1, 'ebike': 0}",4,10,0,1790644072.0
8085,1,"{'mechanical': 1, 'ebike': 0}",1,9,0,1790644073.0
8086,0,"{'mechanical': 0, 'ebike': 0}",3,12,0,1790644117.0
8087,15,"{'mechanical': 15, 'ebike': 0}",3,1,0,1790644075.0
8088,2,"{'mechanical': 1, 'ebike': 1}",0,9,0,1790644150.0
8089,1,"{'mechanical': 1, 'ebike': 0}",0,14,0,1790644097.0
8090,13,"{'mechanical': 11, 'ebike': 2}",0,2,0,1790644134.0
8091,7,"{'mechanical': 7, 'ebike': 0}",0,4,0,1790644071.0
8092,1,"{'mechanical': 1, 'ebike': 0}",0,13,1,1790644126.0
8093,4,"{'mechanical': 4, 'ebike': 0}",0,11,0,1790644159.0
8094,3,"{'mechanical': 3, 'ebike': 0}",1,15,0,1790644116.0
8095,3,"{'mechanical': 3, 'ebike': 0}",0,8,0,1790644108.0
8096,6,"{'mechanical': 5, 'ebike': 1}",1,13,0,1790644048.0
8099,3,"{'mechanical': 3, 'ebike': 0}",1,7,0,1790644161.0
8101,3,"{'mechanical': 3, 'ebike': 0}",1,11,0,1790644060.0
8102,4,"{'mechanical': 4, 'ebike': 0}",0,11,0,1790644051.0
8104,6,"{'mechanical': 6, 'ebike': 0}",0,9,0,1790644104.0
8105,1,"{'mechanical': 1, 'ebike': 0}",4,10,0,1790644075.0
8106,0,"{'mechanical': 0, 'ebike': 0}",2,9,0,1790644073.0
8107,1,"{'mechanical': 1, 'ebike': 0}",1,13,0,1790644080.0
8108,4,"{'mechanical': 4, 'ebike': 0}",0,11,0,1790644056.0
8109,2,"{'mechanical': 2, 'ebike': 0}",0,9,0,1790644035.0
8110,0,"{'mechanical': 0, 'ebike': 0}",2,13,0,1790644044.0
8111,0,"{'mechanical': 0, 'ebike': 0}",0,11,0,1790644045.0
8112,1,"{'mechanical': 1, 'ebike': 0}",0,10,0,1790644122.0
8113,23,"{'mechanical': 23, 'ebike': 0}",0,0,0,1790644129.0
8114,3,"{'mechanical': 2, 'ebike': 1}",3,5,0,1790644052.0
8115,5,"{'mechanical': 5, 'ebike': 0}",0,6,0,1790644129.0
8117,3,"{'mechanical': 2, 'ebike': 1}",0,12,0,1790644047.0
8119,3,"{'mechanical': 3, 'ebike': 0}",0,8,0,1790644067.0
8120,4,"{'mechanical': 4, 'ebike': 0}",1,6,0,1790644039.0
8122,5,"{'mechanical': 5, 'ebike': 0}",0,9,1,1790644149.0
8123,3,"{'mechanical': 3, 'ebike': 0}",0,8,0,1790644097.0
8125,4,"{'mechanical': 4, 'ebike': 0}",1,10,0,1790644045.0
8128,5,"{'mechanical': 5, 'ebike': 0}",1,5,0,1790644085.0
8129,1,"{'mechanical': 0, 'ebike': 1}",0,10,0,1790644049.0
8130,3,"{'mechanical': 1, 'ebike': 2}",1,7,0,1790644127.0
8131,3,"{'mechanical': 2, 'ebike': 1}",0,8,0,1790644083.0
8133,2,"{'mechanical': 2, 'ebike': 0}",0,13,0,1790644063.0
8134,1,"{'mechanical': 1, 'ebike': 0}",0,10,0,1790644047.0
8137,13,"{'mechanical': 13, 'ebike': 0}",3,14,0,1790644158.0
8138,4,"{'mechanical': 2, 'ebike': 2}",0,19,0,1790644036.0
8139,1,"{'mechanical': 1, 'ebike': 0}",0,10,0,1790644060.0
8141,1,"{'mechanical': 1, 'ebike': 0}",0,10,0,1790644087.0
8142,4,"{'mechanical': 4, 'ebike': 0}",0,7,0,1790644042.0
8144,1,"{'mechanical': 0, 'ebike': 1}",0,10,0,1790644146.0
8149,1,"{'mechanical': 1, 'ebike': 0}",0,10,0,1790644121.0
8150,0,"{'mechanical': 0, 'ebike': 0}",2,9,0,1790644121.0
8151,0,"{'mechanical': 0, 'ebike': 0}",0,11,0,1790644145.0
8152,0,"{'mechanical': 0, 'ebike': 0}",8,8,0,1790644103.0
8153,1,"{'mechanical': 1, 'ebike': 0}",1,17,0,1790644060.0
8154,3,"{'mechanical': 3, 'ebike': 0}",0,8,0,1790644109.0
8155,1,"{'mechanical': 1, 'ebike': 0}",1,13,0,1790644117.0
8156,0,"{'mechanical': 0, 'ebike': 0}",0,11,0,1790644120.0
8157,0,"{'mechanical': 0, 'ebike': 0}",0,15,0,1790644085.0
8158,1,"{'mechanical': 1, 'ebike': 0}",0,10,0,1790644054.0
8159,3,"{'mechanical': 3, 'ebike': 0}",0,11,1,1790644152.0
8160,1,"{'mechanical': 1, 'ebike': 0}",0,14,0,1790644069.0
8161,4,"{'mechanical': 4, 'ebike': 0}",1,10,0,1790644052.0
8162,18,"{'mechanical': 17, 'ebike': 1}",2,7,0,1790644091.0
8163,17,"{'mechanical': 17, 'ebike': 0}",3,3,0,1790644118.0
8164,4,"{'mechanical': 4, 'ebike': 0}",0,15,0,1790644052.0
8165,0,"{'mechanical': 0, 'ebike': 0}",2,9,0,1790644137.0
8166,1,"{'mechanical': 1, 'ebike': 0}",0,10,0,1790644125.0
8167,2,"{'mechanical': 2, 'ebike': 0}",1,12,0,1790644161.0
8168,9,"{'mechanical': 9, 'ebike': 0}",2,0,0,1790644062.0
8169,3,"{'mechanical': 3, 'ebike': 0}",0,12,0,1790644122.0
8170,13,"{'mechanical': 12, 'ebike': 1}",1,1,0,1790644126.0
8171,19,"{'mechanical': 19, 'ebike': 0}",1,3,0,1790644051.0
8172,5,"{'mechanical': 2, 'ebike': 3}",1,17,0,1790644130.0
8173,1,"{'mechanical': 0, 'ebike': 1}",1,9,0,1790644054.0
8174,6,"{'mechanical': 5, 'ebike': 1}",2,11,0,1790644136.0
8175,8,"{'mechanical': 8, 'ebike': 0}",1,14,0,1790644151.0
8176,13,"{'mechanical': 0, 'ebike': 13}",0,26,0,1790644064.0
8177,3,"{'mechanical': 1, 'ebike': 2}",0,8,0,1790644124.0
8178,5,"{'mechanical': 5, 'ebike': 0}",0,18,0,1790644108.0
8179,4,"{'mechanical': 2, 'ebike': 2}",0,7,0,1790644077.0
8180,11,"{'mechanical': 11, 'ebike': 0}",3,1,0,1790644123.0
8181,14,"{'mechanical': 14, 'ebike': 0}",1,16,0,1790644072.0
8182,20,"{'mechanical': 18, 'ebike': 2}",3,0,0,1790644144.0
8183,10,"{'mechanical': 8, 'ebike': 2}",2,11,0,1790644075.0
8184,7,"{'mechanical': 7, 'ebike': 0}",2,6,0,1790644077.0
8185,3,"{'mechanical': 0, 'ebike': 3}",2,6,0,1790644052.0
8186,2,"{'mechanical': 2, 'ebike': 0}",0,13,0,1790644111.0
8187,0,"{'mechanical': 0, 'ebike': 0}",3,12,0,1790644111.0
8188,5,"{'mechanical': 4, 'ebike': 1}",7,11,0,1790644069.0
8189,0,"{'mechanical': 0, 'ebike': 0}",4,11,0,1790644037.0
8190,11,"{'mechanical': 8, 'ebike': 3}",2,14,0,1790644038.0
8191,15,"{'mechanical': 7, 'ebike': 8}",2,6,0,1790644105.0
8193,0,"{'mechanical': 0, 'ebike': 0}",5,22,0,1790644130.0
8194,1,"{'mechanical': 1, 'ebike': 0}",5,17,0,1790644062.0
8196,0,"{'mechanical': 0, 'ebike': 0}",0,19,0,1790644054.0
8197,7,"{'mechanical': 5, 'ebike': 2}",12,11,1,1790644152.0
8198,38,"{'mechanical': 0, 'ebike': 38}",1,0,0,1790644096.0
8199,2,"{'mechanical': 2, 'ebike': 0}",3,18,0,1790644053.0
8200,12,"{'mechanical': 12, 'ebike': 0}",2,9,0,1790644062.0
8201,1,"{'mechanical': 1, 'ebike': 0}",2,8,0,1790644147.0
8202,17,"{'mechanical': 2, 'ebike': 15}",0,2,0,1790644134.0
8203,1,"{'mechanical': 1, 'ebike': 0}",0,10,0,1790644101.0
8204,0,"{'mechanical': 0, 'ebike': 0}",0,11,0,1790644108.0
8205,0,"{'mechanical': 0, 'ebike': 0}",1,14,0,1790644060.0
8206,0,"{'mechanical': 0, 'ebike': 0}",1,16,0,1790644143.0
8207,0,"{'mechanical': 0, 'ebike': 0}",0,8,0,1790644160.0
8208,3,"{'mechanical': 1, 'ebike': 2}",1,7,0,1790644127.0
8209,0,"{'mechanical': 0, 'ebike': 0}",2,12,0,1790644141.0
8210,3,"{'mechanical': 3, 'ebike': 0}",3,5,0,1790644162.0
8211,0,"{'mechanical': 0, 'ebike': 0}",0,11,0,1790644063.0
8212,0,"{'mechanical': 0, 'ebike': 0}",2,23,0,1790644156.0
8213,0,"{'mechanical': 0, 'ebike': 0}",3,14,0,1790644150.0
8214,3,"{'mechanical': 2, 'ebike': 1}",2,6,0,1790644050.0
8215,1,"{'mechanical': 0, 'ebike': 1}",3,13,0,1790644119.0
8216,4,"{'mechanical': 4, 'ebike': 0}",2,8,0,1790644091.0
8217,1,"{'mechanical': 0, 'ebike': 1}",3,10,0,1790644127.0
8218,4,"{'mechanical': 3, 'ebike': 1}",2,5,0,1790644048.0
8219,1,"{'mechanical': 1, 'ebike': 0}",0,18,0,1790644130.0
8220,3,"{'mechanical': 3, 'ebike': 0}",0,8,0,1790644139.0
8221,0,"{'mechanical': 0, 'ebike': 0}",0,11,0,1790644102.0
8224,15,"{'mechanical': 15, 'ebike': 0}",2,2,0,1790644092.0
8225,3,"{'mechanical': 3, 'ebike': 0}",0,8,0,1790644112.0
8226,3,"{'mechanical': 2, 'ebike': 1}",0,12,0,1790644104.0
8227,4,"{'mechanical': 3, 'ebike': 1}",0,7,0,1790644110.0
8228,17,"{'mechanical': 17, 'ebike': 0}",0,22,0,1790644087.0
8229,20,"{'mechanical': 20, 'ebike': 0}",0,15,0,1790644143.0
8230,36,"{'mechanical': 36, 'ebike': 0}",3,0,0,1790644077.0
8231,9,"{'mechanical': 9, 'ebike': 0}",3,7,0,1790644124.0
8232,19,"{'mechanical': 18, 'ebike': 1}",3,0,1,1790644147.0
8234,1,"{'mechanical': 1, 'ebike': 0}",0,18,0,1790644051.0
8235,7,"{'mechanical': 7, 'ebike': 0}",1,7,0,1790644043.0
8236,15,"{'mechanical': 15, 'ebike': 0}",0,0,0,1790644067.0
8237,1,"{'mechanical': 1, 'ebike': 0}",1,20,0,1790644152.0
8238,6,"{'mechanical': 3, 'ebike': 3}",0,9,0,1790644118.0
8239,0,"{'mechanical': 0, 'ebike': 0}",1,10,0,1790644123.0
8240,1,"{'mechanical': 0, 'ebike': 1}",2,12,0,1790644061.0
8241,1,"{'mechanical': 1, 'ebike': 0}",0,14,0,1790644128.0
8242,1,"{'mechanical': 1, 'ebike': 0}",0,18,0,1790644123.0
8243,1,"{'mechanical': 1, 'ebike': 0}",0,15,0,1790644128.0
8245,1,"{'mechanical': 1, 'ebike': 0}",1,16,1,1790644091.0
8246,0,"{'mechanical': 0, 'ebike': 0}",3,8,0,1790644095.0
8247,0,"{'mechanical': 0, 'ebike': 0}",1,14,0,1790644057.0
8248,0,"{'mechanical': 0, 'ebike': 0}",0,11,0,1790644161.0
8249,1,"{'mechanical': 1, 'ebike': 0}",1,13,0,1790644049.0
8250,1,"{'mechanical': 0, 'ebike': 1}",0,10,0,1790644153.0
8251,6,"{'mechanical': 6, 'ebike': 0}",3,8,0,1790644156.0
8252,0,"{'mechanical': 0, 'ebike': 0}",0,15,0,1790644149.0
8253,4,"{'mechanical': 4, 'ebike': 0}",2,13,0,1790644123.0
8254,11,"{'mechanical': 10, 'ebike': 1}",3,0,0,1790644084.0
8255,3,"{'mechanical': 2, 'ebike': 1}",1,11,0,1790644058.0
8256,1,"{'mechanical': 0, 'ebike': 1}",1,13,0,1790644078.0
8257,0,"{'mechanical': 0, 'ebike': 0}",0,17,0,1790644158.0
8258,0,"{'mechanical': 0, 'ebike': 0}",0,11,0,1790644058.0
8259,2,"{'mechanical': 1, 'ebike': 1}",0,5,0,1790644157.0
8260,29,"{'mechanical': 29, 'ebike': 0}",4,2,0,1790644103.0
8261,4,"{'mechanical': 3, 'ebike': 1}",2,9,0,1790644114.0
8262,37,"{'mechanical': 33, 'ebike': 4}",2,0,0,1790644083.0
8263,0,"{'mechanical': 0, 'ebike': 0}",0,23,0,1790644038.0
8264,0,"{'mechanical': 0, 'ebike': 0}",4,23,0,1790644056.0
8265,1,"{'mechanical': 1, 'ebike': 0}",1,17,0,1790644152.0
8266,3,"{'mechanical': 3, 'ebike': 0}",0,24,0,1790644063.0
8267,17,"{'mechanical': 17, 'ebike': 0}",0,6,0,1790644065.0
8268,3,"{'mechanical': 3, 'ebike': 0}",1,19,0,1790644087.0
8269,5,"{'mechanical': 2, 'ebike': 3}",1,5,0,1790644082.0
8271,11,"{'mechanical': 8, 'ebike': 3}",1,7,0,1790644151.0
8273,4,"{'mechanical': 3, 'ebike': 1}",0,26,1,1790644093.0
7000,44,"{'mechanical': 44, 'ebike': 0}",1,2,0,1790664655.0
7001,5,"{'mechanical': 3, 'ebike': 2}",7,11,0,1790664686.0
7002,0,"{'mechanical': 0, 'ebike': 0}",3,16,0,1790664625.0
7003,0,"{'mechanical': 0, 'ebike': 0}",1,14,0,1790664648.0
7004,1,"{'mechanical': 1, 'ebike': 0}",6,28,0,1790664587.0
7005,0,"{'mechanical': 0, 'ebike': 0}",0,23,0,1790664688.0
7006,7,"{'mechanical': 7, 'ebike': 0}",1,23,0,1790664630.0
7007,3,"{'mechanical': 3, 'ebike': 0}",0,16,0,1790664696.0
7008,0,"{'mechanical': 0, 'ebike': 0}",7,12,0,1790664619.0
7010,18,"{'mechanical': 18, 'ebike': 0}",1,0,0,1790664590.0
7013,19,"{'mechanical': 19, 'ebike': 0}",0,0,0,1790664640.0
7014,12,"{'mechanical': 9, 'ebike': 3}",1,4,0,1790664681.0
7015,0,"{'mechanical': 0, 'ebike': 0}",1,38,0,1790664622.0
7016,17,"{'mechanical': 17, 'ebike': 0}",4,14,0,1790661546.0
7017,9,"{'mechanical': 9, 'ebike': 0}",1,1,0,1790664630.0
7018,21,"{'mechanical': 21, 'ebike': 0}",0,28,0,1790664649.0
7019,0,"{'mechanical': 0, 'ebike': 0}",0,55,0,1790664674.0
7020,19,"{'mechanical': 19, 'ebike': 0}",1,13,0,1790664663.0
7021,0,"{'mechanical': 0, 'ebike': 0}",3,60,0,1790664599.0
7023,0,"{'mechanical': 0, 'ebike': 0}",1,10,0,1790664665.0
7024,0,"{'mechanical': 0, 'ebike': 0}",3,35,0,1790664625.0
7025,12,"{'mechanical': 10, 'ebike': 2}",1,14,0,1790664632.0
7026,1,"{'mechanical': 1, 'ebike': 0}",3,10,0,1790664640.0
7027,7,"{'mechanical': 7, 'ebike': 0}",1,23,0,1790664614.0
7028,16,"{'mechanical': 14, 'ebike': 2}",1,14,0,1790664619.0
7029,0,"{'mechanical': 0, 'ebike': 0}",0,15,0,1790664652.0
7030,0,"{'mechanical': 0, 'ebike': 0}",0,35,0,1790664676.0
7031,3,"{'mechanical': 2, 'ebike': 1}",3,33,0,1790664650.0
7032,8,"{'mechanical': 8, 'ebike': 0}",0,7,0,1790664608.0
7033,2,"{'mechanical': 2, 'ebike': 0}",1,40,0,1790664664.0
7034,1,"{'mechanical': 0, 'ebike': 1}",3,10,0,1790664703.0
7035,32,"{'mechanical': 32, 'ebike': 0}",0,11,0,1790664538.0
7036,18,"{'mechanical': 18, 'ebike': 0}",1,0,0,1790664679.0
7037,10,"{'mechanical': 10, 'ebike': 0}",3,28,0,1790664661.0
7038,0,"{'mechanical': 0, 'ebike': 0}",0,31,0,1790664625.0
7039,6,"{'mechanical': 6, 'ebike': 0}",1,12,0,1790664656.0
7040,4,"{'mechanical': 3, 'ebike': 1}",1,14,0,1790664608.0
7041,9,"{'mechanical': 8, 'ebike': 1}",3,9,2,1790664706.0
7042,19,"{'mechanical': 17, 'ebike': 2}",0,12,0,1790664639.0
7043,1,"{'mechanical': 1, 'ebike': 0}",0,18,0,1790664675.0
7044,6,"{'mechanical': 6, 'ebike': 0}",2,27,0,1790664588.0
7045,6,"{'mechanical': 5, 'ebike': 1}",0,31,0,1790664651.0
7046,41,"{'mechanical': 40, 'ebike': 1}",1,0,0,1790664663.0
7048,15,"{'mechanical': 15, 'ebike': 0}",1,31,0,1790664701.0
7049,8,"{'mechanical': 8, 'ebike': 0}",3,4,0,1790664633.0
7050,1,"{'mechanical': 1, 'ebike': 0}",2,13,0,1790664594.0
7052,1,"{'mechanical': 1, 'ebike': 0}",2,52,0,1790664665.0
7053,24,"{'mechanical': 24, 'ebike': 0}",0,3,0,1790664594.0
7054,9,"{'mechanical': 9, 'ebike': 0}",2,0,0,1790664604.0
7055,12,"{'mechanical': 12, 'ebike': 0}",1,2,0,1790664645.0
7057,0,"{'mechanical': 0, 'ebike': 0}",0,26,1,1790664662.0
7058,4,"{'mechanical': 4, 'ebike': 0}",2,33,0,1790664594.0
7059,13,"{'mechanical': 13, 'ebike': 0}",0,2,0,1790664634.0
7061,0,"{'mechanical': 0, 'ebike': 0}",2,13,0,1790664589.0
7063,0,"{'mechanical': 0, 'ebike': 0}",0,23,0,1790664659.0
7064,14,"{'mechanical': 14, 'ebike': 0}",0,5,0,1790664631.0
7065,14,"{'mechanical': 14, 'ebike': 0}",0,1,0,1790664707.0
7066,0,"{'mechanical': 0, 'ebike': 0}",0,15,0,1790664674.0
7067,23,"{'mechanical': 23, 'ebike': 0}",1,3,0,1790664672.0
7069,9,"{'mechanical': 9, 'ebike': 0}",0,2,0,1790664701.0
7070,1,"{'mechanical': 1, 'ebike': 0}",1,9,0,1790664686.0
7071,5,"{'mechanical': 4, 'ebike': 1}",1,17,0,1790664601.0
7073,21,"{'mechanical': 21, 'ebike': 0}",0,2,0,1790664681.0
7074,50,"{'mechanical': 50, 'ebike': 0}",1,4,0,1790664596.0
7075,3,"{'mechanical': 0, 'ebike': 3}",20,4,0,1790664606.0
7076,24,"{'mechanical': 24, 'ebike': 0}",0,33,0,1790664681.0
7077,0,"{'mechanical': 0, 'ebike': 0}",2,17,0,1790664689.0
7078,3,"{'mechanical': 3, 'ebike': 0}",1,11,0,1790664697.0
7079,9,"{'mechanical': 9, 'ebike': 0}",4,6,0,1790664709.0
7084,0,"{'mechanical': 0, 'ebike': 0}",3,8,0,1790664697.0
7085,1,"{'mechanical': 1, 'ebike': 0}",0,14,0,1790664711.0
7086,0,"{'mechanical': 0, 'ebike': 0}",1,21,1,1790664690.0
7087,1,"{'mechanical': 0, 'ebike': 1}",0,10,0,1790664626.0
7088,4,"{'mechanical': 3, 'ebike': 1}",1,10,0,1790664631.0
7089,9,"{'mechanical': 9, 'ebike': 0}",4,14,0,1790664677.0
7090,0,"{'mechanical': 0, 'ebike': 0}",0,19,0,1790664690.0
7091,2,"{'mechanical': 0, 'ebike': 2}",1,12,0,1790664670.0
7093,0,"{'mechanical': 0, 'ebike': 0}",0,25,0,1790664622.0
7094,19,"{'mechanical': 0, 'ebike': 19}",1,5,0,1790664671.0
7095,1,"{'mechanical': 0, 'ebike': 1}",0,14,0,1790664631.0
7096,2,"{'mechanical': 2, 'ebike': 0}",1,16,0,1790664638.0
7097,7,"{'mechanical': 4, 'ebike': 3}",0,23,1,1790664661.0
7098,10,"{'mechanical': 10, 'ebike': 0}",0,5,0,1790664631.0
7099,39,"{'mechanical': 39, 'ebike': 0}",0,0,0,1790664703.0
7100,26,"{'mechanical': 25, 'ebike': 1}",1,0,0,1790664638.0
7101,27,"{'mechanical': 27, 'ebike': 0}",0,0,0,1790664624.0
7102,3,"{'mechanical': 3, 'ebike': 0}",0,27,1,1790664653.0
7103,21,"{'mechanical': 21, 'ebike': 0}",0,11,0,1790664664.0
7104,13,"{'mechanical': 10, 'ebike': 3}",0,1,1,1790664703.0
7105,12,"{'mechanical': 11, 'ebike': 1}",1,1,1,1790664654.0
7107,14,"{'mechanical': 14, 'ebike': 0}",0,1,0,1790664691.0
7109,9,"{'mechanical': 8, 'ebike': 1}",1,22,0,1790664600.0
7110,15,"{'mechanical': 14, 'ebike': 1}",0,0,0,1790664655.0
7111,10,"{'mechanical': 10, 'ebike': 0}",1,0,0,1790664630.0
7112,17,"{'mechanical': 17, 'ebike': 0}",0,2,0,1790664688.0
7113,7,"{'mechanical': 5, 'ebike': 2}",2,6,0,1790664587.0
7114,12,"{'mechanical': 11, 'ebike': 1}",2,13,0,1790664616.0
7115,0,"{'mechanical': 0, 'ebike': 0}",2,29,0,1790664692.0
7116,9,"{'mechanical': 9, 'ebike': 0}",0,10,0,1790664594.0
7117,5,"{'mechanical': 4, 'ebike': 1}",1,13,0,1790664597.0
7118,0,"{'mechanical': 0, 'ebike': 0}",1,18,0,1790664710.0
7119,11,"{'mechanical': 8, 'ebike': 3}",2,2,0,1790664608.0
7120,5,"{'mechanical': 3, 'ebike': 2}",2,4,0,1790664704.0
7121,16,"{'mechanical': 16, 'ebike': 0}",0,11,0,1790664656.0
7122,14,"{'mechanical': 14, 'ebike': 0}",1,0,0,1790664622.0
7123,13,"{'mechanical': 13, 'ebike': 0}",0,2,0,1790664613.0
7124,19,"{'mechanical': 19, 'ebike': 0}",0,0,0,1790664706.0
7126,4,"{'mechanical': 2, 'ebike': 2}",5,8,0,1790664628.0
7127,0,"{'mechanical': 0, 'ebike': 0}",5,10,0,1790664622.0
7128,0,"{'mechanical': 0, 'ebike': 0}",3,20,0,1790664699.0
7129,4,"{'mechanical': 4, 'ebike': 0}",2,5,0,1790664590.0
7130,2,"{'mechanical': 2, 'ebike': 0}",1,12,0,1790664591.0
7131,0,"{'mechanical': 0, 'ebike': 0}",2,13,0,1790664636.0
7132,4,"{'mechanical': 3, 'ebike': 1}",0,5,0,1790664699.0
7133,0,"{'mechanical': 0, 'ebike': 0}",0,11,0,1790664704.0
7135,24,"{'mechanical': 24, 'ebike': 0}",0,11,0,1790664693.0
7137,0,"{'mechanical': 0, 'ebike': 0}",1,14,0,1790664667.0
7138,2,"{'mechanical': 2, 'ebike': 0}",3,22,0,1790664615.0
7139,3,"{'mechanical': 3, 'ebike': 0}",0,12,0,1790664663.0
7140,2,"{'mechanical': 2, 'ebike': 0}",1,11,1,1790664622.0
7142,0,"{'mechanical': 0, 'ebike': 0}",0,15,0,1790664623.0
7143,3,"{'mechanical': 1, 'ebike': 2}",0,11,1,1790664654.0
7144,7,"{'mechanical': 7, 'ebike': 0}",0,8,0,1790664604.0
7146,3,"{'mechanical': 0, 'ebike': 3}",0,16,0,1790664641.0
7147,14,"{'mechanical': 14, 'ebike': 0}",0,1,0,1790664658.0
7148,21,"{'mechanical': 21, 'ebike': 0}",1,0,0,1790664707.0
7149,10,"{'mechanical': 6, 'ebike': 4}",1,0,0,1790664601.0
7150,12,"{'mechanical': 8, 'ebike': 4}",1,5,1,1790664602.0
7151,15,"{'mechanical': 11, 'ebike': 4}",1,3,0,1790664599.0
7152,0,"{'mechanical': 0, 'ebike': 0}",0,11,0,1790664660.0
7153,0,"{'mechanical': 0, 'ebike': 0}",0,18,1,1790664711.0
7154,1,"{'mechanical': 1, 'ebike': 0}",3,18,0,1790664711.0
7155,0,"{'mechanical': 0, 'ebike': 0}",0,18,1,1790664654.0
7156,6,"{'mechanical': 6, 'ebike': 0}",1,7,1,1790664610.0
7157,0,"{'mechanical': 0, 'ebike': 0}",0,23,0,1790664672.0
7158,10,"{'mechanical': 10, 'ebike': 0}",3,2,0,1790664661.0
7160,19,"{'mechanical': 19, 'ebike': 0}",0,0,0,1790664693.0
7161,2,"{'mechanical': 2, 'ebike': 0}",2,19,0,1790664668.0
7162,1,"{'mechanical': 1, 'ebike': 0}",3,18,1,1790664671.0
7164,3,"{'mechanical': 2, 'ebike': 1}",1,19,0,1790664607.0
7168,38,"{'mechanical': 38, 'ebike': 0}",1,8,0,1790664682.0
7169,2,"{'mechanical': 2, 'ebike': 0}",3,6,0,1790664684.0
7170,2,"{'mechanical': 1, 'ebike': 1}",2,7,3,1790664639.0
7172,0,"{'mechanical': 0, 'ebike': 0}",0,19,0,1790664648.0
7173,1,"{'mechanical': 0, 'ebike': 1}",0,18,0,1790664641.0
7174,0,"{'mechanical': 0, 'ebike': 0}",0,15,0,1790664644.0
7175,17,"{'mechanical': 17, 'ebike': 0}",0,9,1,1790664703.0
7176,19,"{'mechanical': 18, 'ebike': 1}",0,0,0,1790664671.0
7178,0,"{'mechanical': 0, 'ebike': 0}",3,12,0,1790664628.0
7180,0,"{'mechanical': 0, 'ebike': 0}",0,23,0,1790664675.0
7181,2,"{'mechanical': 1, 'ebike': 1}",1,12,0,1790664672.0
7182,1,"{'mechanical': 1, 'ebike': 0}",1,17,0,1790664647.0
7183,2,"{'mechanical': 2, 'ebike': 0}",0,13,0,1790664599.0
7184,7,"{'mechanical': 7, 'ebike': 0}",0,4,0,1790664707.0
7188,0,"{'mechanical': 0, 'ebike': 0}",0,34,1,1790664681.0
7189,3,"{'mechanical': 3, 'ebike': 0}",3,8,1,1790664693.0
7190,0,"{'mechanical': 0, 'ebike': 0}",1,14,0,1790664592.0
7191,3,"{'mechanical': 2, 'ebike': 1}",1,7,0,1790664657.0
7192,5,"{'mechanical': 4, 'ebike': 1}",1,9,0,1790664710.0
7193,14,"{'mechanical': 14, 'ebike': 0}",1,0,0,1790664608.0
7195,0,"{'mechanical': 0, 'ebike': 0}",3,8,0,1790664657.0
7196,8,"{'mechanical': 6, 'ebike': 2}",0,3,0,1790664590.0
7198,18,"{'mechanical': 18, 'ebike': 0}",0,1,0,1790664601.0
7199,1,"{'mechanical': 1, 'ebike': 0}",0,18,0,1790664650.0
7202,0,"{'mechanical': 0, 'ebike': 0}",2,24,1,1790664664.0
7203,29,"{'mechanical': 29, 'ebike': 0}",1,5,0,1790664641.0
7204,13,"{'mechanical': 13, 'ebike': 0}",0,6,0,1790664690.0
7205,8,"{'mechanical': 8, 'ebike': 0}",1,6,0,1790664702.0
7206,10,"{'mechanical': 8, 'ebike': 2}",0,3,0,1790664618.0
7207,16,"{'mechanical': 16, 'ebike': 0}",1,30,0,1790664641.0
7208,8,"{'mechanical': 7, 'ebike': 1}",1,6,0,1790664682.0
7209,17,"{'mechanical': 16, 'ebike': 1}",2,0,0,1790664695.0
7210,8,"{'mechanical': 6, 'ebike': 2}",2,5,0,1790664654.0
7211,21,"{'mechanical': 20, 'ebike': 1}",0,2,0,1790664674.0
7216,16,"{'mechanical': 16, 'ebike': 0}",2,5,0,1790664648.0
7217,12,"{'mechanical': 12, 'ebike': 0}",3,0,0,1790664643.0
7220,18,"{'mechanical': 18, 'ebike': 0}",1,0,0,1790664645.0
7221,1,"{'mechanical': 0, 'ebike': 1}",0,10,0,1790664687.0
7222,26,"{'mechanical': 25, 'ebike': 1}",1,0,0,1790664665.0
7223,3,"{'mechanical': 3, 'ebike': 0}",4,5,0,1790664608.0
7224,0,"{'mechanical': 0, 'ebike': 0}",2,21,0,1790664710.0
7225,16,"{'mechanical': 15, 'ebike': 1}",2,0,0,1790664605.0
7226,11,"{'mechanical': 11, 'ebike': 0}",1,7,0,1790664692.0
7227,5,"{'mechanical': 4, 'ebike': 1}",0,26,0,1790664586.0
7228,16,"{'mechanical': 16, 'ebike': 0}",0,3,0,1790664632.0
7229,4,"{'mechanical': 3, 'ebike': 1}",4,3,0,1790664650.0
7230,17,"{'mechanical': 16, 'ebike': 1}",1,1,0,1790664639.0
7231,16,"{'mechanical': 15, 'ebike': 1}",1,1,0,1790664711.0
7232,10,"{'mechanical': 9, 'ebike': 1}",1,5,0,1790664614.0
7233,10,"{'mechanical': 8, 'ebike': 2}",1,5,0,1790664664.0
7234,10,"{'mechanical': 9, 'ebike': 1}",1,8,0,1790664665.0
7235,0,"{'mechanical': 0, 'ebike': 0}",0,16,0,1790664632.0
7236,18,"{'mechanical': 16, 'ebike': 2}",0,6,0,1790664679.0
7237,3,"{'mechanical': 2, 'ebike': 1}",1,11,0,1790664661.0
7238,10,"{'mechanical': 8, 'ebike': 2}",2,4,0,1790664588.0
7239,0,"{'mechanical': 0, 'ebike': 0}",0,42,0,1790664676.0
7240,5,"{'mechanical': 5, 'ebike': 0}",1,27,1,1790664662.0
7241,0,"{'mechanical': 0, 'ebike': 0}",3,8,0,1790664659.0
7242,0,"{'mechanical': 0, 'ebike': 0}",4,31,0,1790664666.0
7243,0,"{'mechanical': 0, 'ebike': 0}",6,8,0,1790664630.0
7244,4,"{'mechanical': 4, 'ebike': 0}",1,11,0,1790664615.0
7246,1,"{'mechanical': 0, 'ebike': 1}",0,18,0,1790664693.0
7247,10,"{'mechanical': 9, 'ebike': 1}",0,2,0,1790664677.0
7248,3,"{'mechanical': 3, 'ebike': 0}",0,16,1,1790664647.0
7249,38,"{'mechanical': 6, 'ebike': 32}",13,1,0,1790664636.0
7250,0,"{'mechanical': 0, 'ebike': 0}",2,14,0,1790664697.0
7252,1,"{'mechanical': 1, 'ebike': 0}",0,17,0,1790664605.0
7253,11,"{'mechanical': 11, 'ebike': 0}",0,1,0,1790664655.0
7256,6,"{'mechanical': 5, 'ebike': 1}",1,4,1,1790664591.0
7257,4,"{'mechanical': 3, 'ebike': 1}",3,12,0,1790664589.0
7258,12,"{'mechanical': 12, 'ebike': 0}",0,2,1,1790664645.0
7259,16,"{'mechanical': 16, 'ebike': 0}",0,3,0,1790664694.0
7260,12,"{'mechanical': 11, 'ebike': 1}",0,3,0,1790664633.0
7261,21,"{'mechanical': 21, 'ebike': 0}",0,5,0,1790664592.0
7262,1,"{'mechanical': 0, 'ebike': 1}",3,12,0,1790664610.0
7264,6,"{'mechanical': 2, 'ebike': 4}",3,11,0,1790664630.0
7265,3,"{'mechanical': 0, 'ebike': 3}",1,6,2,1790664664.0
7266,0,"{'mechanical': 0, 'ebike': 0}",0,12,0,1790664621.0
7267,8,"{'mechanical': 7, 'ebike': 1}",2,5,0,1790664706.0
7268,0,"{'mechanical': 0, 'ebike': 0}",1,15,0,1790664615.0
7269,1,"{'mechanical': 1, 'ebike': 0}",0,19,0,1790664696.0
7270,6,"{'mechanical': 3, 'ebike': 3}",2,12,0,1790664689.0
7271,2,"{'mechanical': 1, 'ebike': 1}",2,13,1,1790664663.0
7272,0,"{'mechanical': 0, 'ebike': 0}",3,24,0,1790664634.0
7273,1,"{'mechanical': 0, 'ebike': 1}",4,15,0,1790664598.0
7276,0,"{'mechanical': 0, 'ebike': 0}",2,9,0,1790664617.0
7277,3,"{'mechanical': 2, 'ebike': 1}",2,15,0,1790664656.0
7278,15,"{'mechanical': 15, 'ebike': 0}",0,0,0,1790664704.0
7279,2,"{'mechanical': 1, 'ebike': 1}",2,12,0,1790664710.0
7281,0,"{'mechanical': 0, 'ebike': 0}",0,24,0,1790664641.0
7282,0,"{'mechanical': 0, 'ebike': 0}",0,23,0,1790664678.0
7283,2,"{'mechanical': 2, 'ebike': 0}",0,17,0,1790664613.0
7284,0,"{'mechanical': 0, 'ebike': 0}",0,24,0,1790664701.0
7285,1,"{'mechanical': 0, 'ebike': 1}",4,31,0,1790664676.0
7286,11,"{'mechanical': 11, 'ebike': 0}",0,7,0,1790664614.0
7287,15,"{'mechanical': 15, 'ebike': 0}",0,1,0,1790664659.0
7288,28,"{'mechanical': 24, 'ebike': 4}",2,0,1,1790664668.0
7289,11,"{'mechanical': 7, 'ebike': 4}",3,9,0,1790664606.0
7291,13,"{'mechanical': 13, 'ebike': 0}",0,2,0,1790664596.0
7292,17,"{'mechanical': 17, 'ebike': 0}",0,7,0,1790664677.0
7296,8,"{'mechanical': 8, 'ebike': 0}",0,11,0,1790664677.0
7297,1,"{'mechanical': 1, 'ebike': 0}",0,18,0,1790664709.0
7298,25,"{'mechanical': 25, 'ebike': 0}",0,0,0,1790664688.0
7299,15,"{'mechanical': 15, 'ebike': 0}",0,0,0,1790664711.0
7301,3,"{'mechanical': 3, 'ebike': 0}",0,12,0,1790664675.0
7302,3,"{'mechanical': 1, 'ebike': 2}",1,7,0,1790664601.0
7303,27,"{'mechanical': 27, 'ebike': 0}",0,16,0,1790664635.0
7309,14,"{'mechanical': 14, 'ebike': 0}",0,9,0,1790664707.0
7311,12,"{'mechanical': 11, 'ebike': 1}",0,7,0,1790664604.0
7312,6,"{'mechanical': 4, 'ebike': 2}",0,5,0,1790664655.0
7313,16,"{'mechanical': 16, 'ebike': 0}",0,13,0,1790664633.0
7314,3,"{'mechanical': 3, 'ebike': 0}",0,12,0,1790664600.0
7315,9,"{'mechanical': 8, 'ebike': 1}",0,2,0,1790664670.0
7316,15,"{'mechanical': 14, 'ebike': 1}",0,0,0,1790664613.0
7317,38,"{'mechanical': 37, 'ebike': 1}",0,1,0,1790664710.0
7318,21,"{'mechanical': 21, 'ebike': 0}",0,6,0,1790664641.0
7319,10,"{'mechanical': 10, 'ebike': 0}",0,1,0,1790664638.0
7320,5,"{'mechanical': 5, 'ebike': 0}",0,14,0,1790664692.0
7321,5,"{'mechanical': 5, 'ebike': 0}",1,13,0,1790664669.0
7322,17,"{'mechanical': 16, 'ebike': 1}",1,1,0,1790664602.0
7323,19,"{'mechanical': 19, 'ebike': 0}",0,0,0,1790664652.0
7324,22,"{'mechanical': 21, 'ebike': 1}",1,0,0,1790664623.0
7326,3,"{'mechanical': 2, 'ebike': 1}",0,16,0,1790664618.0
7329,0,"{'mechanical': 0, 'ebike': 0}",2,16,1,1790664675.0
7331,2,"{'mechanical': 2, 'ebike': 0}",0,17,0,1790664647.0
7332,0,"{'mechanical': 0, 'ebike': 0}",0,23,0,1790664593.0
7333,3,"{'mechanical': 3, 'ebike': 0}",0,15,1,1790664703.0
7334,2,"{'mechanical': 2, 'ebike': 0}",1,12,0,1790664609.0
7335,1,"{'mechanical': 1, 'ebike': 0}",5,13,0,1790664697.0
7336,14,"{'mechanical': 14, 'ebike': 0}",0,5,0,1790664656.0
7337,21,"{'mechanical': 21, 'ebike': 0}",0,2,0,1790664628.0
7338,13,"{'mechanical': 11, 'ebike': 2}",0,6,0,1790664587.0
7339,6,"{'mechanical': 4, 'ebike': 2}",0,9,0,1790664671.0
7340,9,"{'mechanical': 8, 'ebike': 1}",0,6,0,1790664699.0
7341,14,"{'mechanical': 14, 'ebike': 0}",0,0,0,1790664648.0
7342,10,"{'mechanical': 9, 'ebike': 1}",0,0,0,1790664616.0
7343,40,"{'mechanical': 39, 'ebike': 1}",0,0,1,1790664593.0
7344,26,"{'mechanical': 26, 'ebike': 0}",1,21,1,1790664696.0
7345,22,"{'mechanical': 21, 'ebike': 1}",0,9,0,1790664708.0
7346,18,"{'mechanical': 18, 'ebike': 0}",0,5,0,1790664663.0
7347,2,"{'mechanical': 1, 'ebike': 1}",0,13,0,1790664687.0
7348,1,"{'mechanical': 0, 'ebike': 1}",0,18,0,1790664665.0
7349,3,"{'mechanical': 1, 'ebike': 2}",0,19,1,1790664693.0
7350,13,"{'mechanical': 10, 'ebike': 3}",1,9,0,1790664695.0
7351,6,"{'mechanical': 3, 'ebike': 3}",0,13,0,1790664604.0
7352,0,"{'mechanical': 0, 'ebike': 0}",0,19,0,1790664703.0
7353,1,"{'mechanical': 1, 'ebike': 0}",0,18,0,1790664681.0
7354,18,"{'mechanical': 17, 'ebike': 1}",0,13,0,1790664680.0
7355,0,"{'mechanical': 0, 'ebike': 0}",1,10,0,1790664650.0
7356,17,"{'mechanical': 15, 'ebike': 2}",1,13,0,1790664613.0
7357,18,"{'mechanical': 18, 'ebike': 0}",1,0,0,1790664682.0
7358,0,"{'mechanical': 0, 'ebike': 0}",3,14,0,1790664623.0
7359,4,"{'mechanical': 3, 'ebike': 1}",2,17,0,1790664630.0
7360,17,"{'mechanical': 15, 'ebike': 2}",0,0,0,1790664641.0
7361,1,"{'mechanical': 0, 'ebike': 1}",0,18,0,1790664690.0
7362,10,"{'mechanical': 5, 'ebike': 5}",2,7,0,1790664645.0
7363,0,"{'mechanical': 0, 'ebike': 0}",3,12,0,1790664698.0
7364,34,"{'mechanical': 34, 'ebike': 0}",0,1,0,1790664654.0
7365,45,"{'mechanical': 45, 'ebike': 0}",0,16,0,1790664646.0
7366,17,"{'mechanical': 16, 'ebike': 1}",0,3,0,1790664595.0
7367,12,"{'mechanical': 12, 'ebike': 0}",1,3,0,1790664681.0
7368,3,"{'mechanical': 3, 'ebike': 0}",2,3,0,1790664592.0
7371,6,"{'mechanical': 6, 'ebike': 0}",1,13,0,1790664602.0
7373,14,"{'mechanical': 14, 'ebike': 0}",1,0,0,1790664612.0
7374,19,"{'mechanical': 18, 'ebike': 1}",0,0,0,1790664682.0
7375,4,"{'mechanical': 4, 'ebike': 0}",1,6,0,1790664695.0
7376,3,"{'mechanical': 1, 'ebike': 2}",4,12,0,1790664598.0
7377,6,"{'mechanical': 3, 'ebike': 3}",4,25,1,1790664675.0
7378,0,"{'mechanical': 0, 'ebike': 0}",0,15,0,1790664647.0
7379,2,"{'mechanical': 0, 'ebike': 2}",2,11,0,1790664629.0
7380,6,"{'mechanical': 5, 'ebike': 1}",0,10,0,1790664656.0
7381,0,"{'mechanical': 0, 'ebike': 0}",1,34,0,1790664651.0
7382,1,"{'mechanical': 0, 'ebike': 1}",2,24,0,1790664592.0
7383,13,"{'mechanical': 13, 'ebike': 0}",0,2,0,1790664672.0
7384,1,"{'mechanical': 0, 'ebike': 1}",2,6,0,1790664595.0
7385,1,"{'mechanical': 1, 'ebike': 0}",19,13,0,1790664604.0
7386,2,"{'mechanical': 2, 'ebike': 0}",2,12,0,1790664675.0
7387,2,"{'mechanical': 2, 'ebike': 0}",0,10,0,1790664697.0
7388,5,"{'mechanical': 3, 'ebike': 2}",0,9,1,1790664619.0
7389,3,"{'mechanical': 3, 'ebike': 0}",7,15,0,1790664656.0
7391,2,"{'mechanical': 2, 'ebike': 0}",2,27,0,1790664705.0
7395,2,"{'mechanical': 1, 'ebike': 1}",0,21,0,1790664708.0
7398,12,"{'mechanical': 12, 'ebike': 0}",3,4,0,1790664594.0
7399,14,"{'mechanical': 13, 'ebike': 1}",0,5,0,1790664661.0
7400,0,"{'mechanical': 0, 'ebike': 0}",0,23,0,1790664688.0
7403,10,"{'mechanical': 1, 'ebike': 9}",3,6,0,1790664605.0
7404,11,"{'mechanical': 4, 'ebike': 7}",2,5,1,1790664604.0
7407,0,"{'mechanical': 0, 'ebike': 0}",4,19,0,1790664687.0
7409,0,"{'mechanical': 0, 'ebike': 0}",0,27,0,1790664634.0
7410,2,"{'mechanical': 0, 'ebike': 2}",1,16,0,1790664689.0
7411,17,"{'mechanical': 17, 'ebike': 0}",1,5,0,1790664701.0
7412,23,"{'mechanical': 23, 'ebike': 0}",0,0,0,1790664662.0
7414,3,"{'mechanical': 3, 'ebike': 0}",0,12,0,1790664637.0
7415,2,"{'mechanical': 2, 'ebike': 0}",1,20,0,1790664623.0
7416,29,"{'mechanical': 29, 'ebike': 0}",0,2,0,1790664680.0
7417,1,"{'mechanical': 1, 'ebike': 0}",3,7,0,1790664646.0
7418,1,"{'mechanical': 1, 'ebike': 0}",1,23,0,1790664675.0
7419,1,"{'mechanical': 1, 'ebike': 0}",1,25,0,1790664664.0
7420,11,"{'mechanical': 9, 'ebike': 2}",0,17,0,1790664676.0
7422,4,"{'mechanical': 4, 'ebike': 0}",1,11,0,1790664649.0
7425,22,"{'mechanical': 22, 'ebike': 0}",0,1,0,1790664705.0
7427,41,"{'mechanical': 41, 'ebike': 0}",0,0,0,1790664634.0
7428,39,"{'mechanical': 39, 'ebike': 0}",0,4,0,1790664624.0
7429,0,"{'mechanical': 0, 'ebike': 0}",0,15,0,1790664706.0
7430,9,"{'mechanical': 9, 'ebike': 0}",2,16,0,1790664651.0
7431,23,"{'mechanical': 23, 'ebike': 0}",0,2,0,1790664602.0
7432,44,"{'mechanical': 43, 'ebike': 1}",0,3,0,1790664665.0
7433,16,"{'mechanical': 12, 'ebike': 4}",0,0,0,1790664637.0
7434,6,"{'mechanical': 0, 'ebike': 6}",17,16,0,1790664685.0
7435,6,"{'mechanical': 4, 'ebike': 2}",3,2,0,1790664695.0
7437,0,"{'mechanical': 0, 'ebike': 0}",0,15,0,1790664641.0
7438,1,"{'mechanical': 1, 'ebike': 0}",3,15,0,1790664647.0
7441,10,"{'mechanical': 8, 'ebike': 2}",2,11,0,1790664607.0
7442,1,"{'mechanical': 0, 'ebike': 1}",1,13,0,1790664648.0
7444,1,"{'mechanical': 1, 'ebike': 0}",0,19,0,1790664679.0
7445,18,"{'mechanical': 14, 'ebike': 4}",0,1,0,1790664614.0
7446,20,"{'mechanical': 20, 'ebike': 0}",1,4,0,1790664628.0
7447,0,"{'mechanical': 0, 'ebike': 0}",0,23,0,1790664659.0
7448,3,"{'mechanical': 3, 'ebike': 0}",0,15,1,1790664629.0
7449,1,"{'mechanical': 1, 'ebike': 0}",0,14,0,1790664622.0
7450,1,"{'mechanical': 0, 'ebike': 1}",0,14,0,1790664593.0
7451,27,"{'mechanical': 27, 'ebike': 0}",1,3,0,1790664631.0
7452,12,"{'mechanical': 10, 'ebike': 2}",4,5,1,1790664600.0
7453,7,"{'mechanical': 5, 'ebike': 2}",1,8,1,1790664702.0
7454,2,"{'mechanical': 2, 'ebike': 0}",5,8,0,1790664647.0
7455,1,"{'mechanical': 1, 'ebike': 0}",1,25,0,1790664622.0
7457,0,"{'mechanical': 0, 'ebike': 0}",5,18,0,1790664659.0
7458,10,"{'mechanical': 10, 'ebike': 0}",2,5,0,1790664612.0
7459,1,"{'mechanical': 0, 'ebike': 1}",0,10,0,1790664620.0
7460,0,"{'mechanical': 0, 'ebike': 0}",1,24,2,1790664598.0
7461,0,"{'mechanical': 0, 'ebike': 0}",2,21,0,1790664703.0
7462,0,"{'mechanical': 0, 'ebike': 0}",2,15,0,1790664680.0
7465,10,"{'mechanical': 6, 'ebike': 4}",3,6,0,1790664648.0
7466,1,"{'mechanical': 0, 'ebike': 1}",2,16,0,1790664665.0
7467,13,"{'mechanical': 12, 'ebike': 1}",2,0,0,1790664705.0
7468,10,"{'mechanical': 10, 'ebike': 0}",3,14,0,1790664633.0
7469,0,"{'mechanical': 0, 'ebike': 0}",1,22,0,1790664614.0
7471,15,"{'mechanical': 13, 'ebike': 2}",1,0,0,1790664667.0
7473,8,"{'mechanical': 8, 'ebike': 0}",0,7,0,1790664622.0
7474,22,"{'mechanical': 22, 'ebike': 0}",1,0,0,1790664692.0
7475,7,"{'mechanical': 6, 'ebike': 1}",4,8,0,1790664681.0
7476,3,"{'mechanical': 2, 'ebike': 1}",1,11,0,1790664690.0
7477,3,"{'mechanical': 2, 'ebike': 1}",1,16,0,1790664597.0
7478,17,"{'mechanical': 17, 'ebike': 0}",2,0,0,1790664643.0
7480,0,"{'mechanical': 0, 'ebike': 0}",2,13,0,1790664609.0
7483,2,"{'mechanical': 2, 'ebike': 0}",0,10,0,1790664663.0
7484,6,"{'mechanical': 5, 'ebike': 1}",1,9,0,1790664626.0
7485,5,"{'mechanical': 5, 'ebike': 0}",2,8,0,1790664638.0
7486,2,"{'mechanical': 2, 'ebike': 0}",0,20,0,1790664599.0
7487,14,"{'mechanical': 14, 'ebike': 0}",0,1,0,1790664698.0
7488,1,"{'mechanical': 1, 'ebike': 0}",2,8,0,1790664667.0
7489,18,"{'mechanical': 18, 'ebike': 0}",0,1,0,1790664654.0
7492,8,"{'mechanical': 8, 'ebike': 0}",0,7,0,1790664663.0
7493,12,"{'mechanical': 11, 'ebike': 1}",0,0,0,1790664710.0
7494,1,"{'mechanical': 1, 'ebike': 0}",5,6,0,1790664605.0
7496,4,"{'mechanical': 3, 'ebike': 1}",3,13,0,1790664613.0
7497,5,"{'mechanical': 5, 'ebike': 0}",0,15,0,1790664669.0
7501,2,"{'mechanical': 0, 'ebike': 2}",0,18,0,1790664640.0
7502,0,"{'mechanical': 0, 'ebike': 0}",3,17,0,1790664618.0
7503,0,"{'mechanical': 0, 'ebike': 0}",0,20,0,1790664675.0
7504,2,"{'mechanical': 1, 'ebike': 1}",0,14,0,1790664655.0
7505,19,"{'mechanical': 18, 'ebike': 1}",1,0,0,1790664687.0
7506,12,"{'mechanical': 12, 'ebike': 0}",0,0,0,1790664678.0
7508,13,"{'mechanical': 12, 'ebike': 1}",2,5,0,1790664705.0
7514,56,"{'mechanical': 54, 'ebike': 2}",7,0,0,1790664628.0
7515,21,"{'mechanical': 17, 'ebike': 4}",2,4,0,1790664689.0
7516,7,"{'mechanical': 7, 'ebike': 0}",3,7,0,1790664695.0
7517,23,"{'mechanical': 23, 'ebike': 0}",0,0,0,1790664653.0
7518,14,"{'mechanical': 13, 'ebike': 1}",0,13,0,1790664593.0
7520,1,"{'mechanical': 1, 'ebike': 0}",1,13,0,1790664610.0
7521,4,"{'mechanical': 3, 'ebike': 1}",0,19,0,1790664597.0
7522,1,"{'mechanical': 0, 'ebike': 1}",0,16,0,1790664635.0
7523,12,"{'mechanical': 12, 'ebike': 0}",0,2,1,1790664697.0
7524,33,"{'mechanical': 30, 'ebike': 3}",0,2,0,1790664686.0
7526,3,"{'mechanical': 3, 'ebike': 0}",0,20,0,1790664624.0
7527,7,"{'mechanical': 5, 'ebike': 2}",0,12,0,1790664630.0
7528,1,"{'mechanical': 1, 'ebike': 0}",4,12,0,1790664705.0
7529,0,"{'mechanical': 0, 'ebike': 0}",0,15,0,1790664636.0
7530,8,"{'mechanical': 7, 'ebike': 1}",2,12,0,1790664697.0
7531,0,"{'mechanical': 0, 'ebike': 0}",2,18,0,1790664657.0
7533,26,"{'mechanical': 26, 'ebike': 0}",0,1,0,1790664682.0
7534,10,"{'mechanical': 9, 'ebike': 1}",3,2,0,1790664631.0
7536,15,"{'mechanical': 15, 'ebike': 0}",0,8,0,1790664664.0
7537,7,"{'mechanical': 6, 'ebike': 1}",3,6,0,1790664702.0
7538,2,"{'mechanical': 0, 'ebike': 2}",1,16,0,1790664627.0
7539,1,"{'mechanical': 1, 'ebike': 0}",1,16,1,1790664663.0
7540,0,"{'mechanical': 0, 'ebike': 0}",0,18,1,1790663279.0
7541,9,"{'mechanical': 8, 'ebike': 1}",1,10,0,1790664654.0
7542,1,"{'mechanical': 1, 'ebike': 0}",0,22,0,1790664627.0
7543,4,"{'mechanical': 3, 'ebike': 1}",1,10,0,1790664665.0
7545,0,"{'mechanical': 0, 'ebike': 0}",0,15,0,1790664707.0
7546,4,"{'mechanical': 3, 'ebike': 1}",2,12,0,1790664663.0
7547,0,"{'mechanical': 0, 'ebike': 0}",2,13,0,1790664678.0
7548,1,"{'mechanical': 0, 'ebike': 1}",7,12,0,1790664671.0
7549,8,"{'mechanical': 8, 'ebike': 0}",3,36,0,1790664615.0
7551,15,"{'mechanical': 15, 'ebike': 0}",0,0,0,1790664691.0
7552,2,"{'mechanical': 2, 'ebike': 0}",0,15,2,1790664707.0
7553,5,"{'mechanical': 4, 'ebike': 1}",1,13,0,1790664592.0
7554,11,"{'mechanical': 11, 'ebike': 0}",0,16,0,1790664611.0
7555,1,"{'mechanical': 1, 'ebike': 0}",1,18,0,1790664698.0
7556,1,"{'mechanical': 1, 'ebike': 0}",4,26,0,1790664669.0
7557,22,"{'mechanical': 21, 'ebike': 1}",0,1,0,1790664655.0
7558,17,"{'mechanical': 16, 'ebike': 1}",2,0,0,1790664586.0
7559,13,"{'mechanical': 13, 'ebike': 0}",0,2,0,1790664621.0
7561,6,"{'mechanical': 4, 'ebike': 2}",1,8,0,1790664608.0
7562,2,"{'mechanical': 0, 'ebike': 2}",2,19,0,1790664617.0
7563,6,"{'mechanical': 6, 'ebike': 0}",1,12,0,1790664592.0
7564,4,"{'mechanical': 3, 'ebike': 1}",1,18,0,1790664588.0
7565,0,"{'mechanical': 0, 'ebike': 0}",1,22,0,1790664683.0
7566,2,"{'mechanical': 1, 'ebike': 1}",1,16,0,1790664586.0
7567,6,"{'mechanical': 6, 'ebike': 0}",0,21,0,1790664662.0
7568,16,"{'mechanical': 13, 'ebike': 3}",2,8,1,1790664592.0
7569,0,"{'mechanical': 0, 'ebike': 0}",4,82,1,1790664594.0
7570,8,"{'mechanical': 8, 'ebike': 0}",7,2,0,1790664697.0
7571,18,"{'mechanical': 17, 'ebike': 1}",1,0,0,1790664640.0
7572,1,"{'mechanical': 0, 'ebike': 1}",1,13,0,1790664699.0
7575,15,"{'mechanical': 15, 'ebike': 0}",0,0,0,1790664674.0
7576,23,"{'mechanical': 23, 'ebike': 0}",0,0,0,1790664621.0
7577,26,"{'mechanical': 23, 'ebike': 3}",1,0,0,1790664592.0
7578,13,"{'mechanical': 12, 'ebike': 1}",1,1,0,1790664654.0
7579,3,"{'mechanical': 1, 'ebike': 2}",3,13,0,1790664696.0
7580,1,"{'mechanical': 0, 'ebike': 1}",1,13,0,1790664661.0
7581,6,"{'mechanical': 6, 'ebike': 0}",1,8,0,1790664637.0
7582,3,"{'mechanical': 1, 'ebike': 2}",0,13,0,1790664696.0
7583,5,"{'mechanical': 1, 'ebike': 4}",1,17,0,1790664697.0
7584,5,"{'mechanical': 5, 'ebike': 0}",0,22,0,1790664638.0
7587,4,"{'mechanical': 4, 'ebike': 0}",0,14,1,1790664711.0
7588,2,"{'mechanical': 2, 'ebike': 0}",2,15,0,1790664647.0
7589,5,"{'mechanical': 4, 'ebike': 1}",3,7,0,1790664668.0
7590,2,"{'mechanical': 2, 'ebike': 0}",0,21,0,1790664685.0
7591,0,"{'mechanical': 0, 'ebike': 0}",0,23,0,1790664619.0
7593,3,"{'mechanical': 3, 'ebike': 0}",1,23,0,1790664657.0
7594,7,"{'mechanical': 0, 'ebike': 7}",4,4,0,1790664700.0
7595,4,"{'mechanical': 0, 'ebike': 4}",1,10,0,1790664708.0
7596,5,"{'mechanical': 4, 'ebike': 1}",1,26,0,1790664613.0
7597,0,"{'mechanical': 0, 'ebike': 0}",0,15,0,1790664589.0
7598,1,"{'mechanical': 0, 'ebike': 1}",0,14,0,1790664709.0
7599,1,"{'mechanical': 1, 'ebike': 0}",2,13,0,1790664694.0
7600,0,"{'mechanical': 0, 'ebike': 0}",3,17,0,1790664653.0
7601,3,"{'mechanical': 3, 'ebike': 0}",4,16,2,1790664624.0
7602,3,"{'mechanical': 2, 'ebike': 1}",0,16,0,1790664632.0
7603,7,"{'mechanical': 7, 'ebike': 0}",0,7,0,1790664680.0
7604,1,"{'mechanical': 1, 'ebike': 0}",0,18,0,1790664614.0
7605,3,"{'mechanical': 3, 'ebike': 0}",0,17,0,1790664661.0
7606,3,"{'mechanical': 1, 'ebike': 2}",2,14,0,1790664605.0
7607,11,"{'mechanical': 11, 'ebike': 0}",1,6,1,1790664640.0
7608,1,"{'mechanical': 0, 'ebike': 1}",0,26,0,1790664590.0
7609,0,"{'mechanical': 0, 'ebike': 0}",0,27,0,1790664631.0
7610,1,"{'mechanical': 1, 'ebike': 0}",0,14,0,1790664667.0
7611,0,"{'mechanical': 0, 'ebike': 0}",0,19,0,1790664653.0
7612,2,"{'mechanical': 1, 'ebike': 1}",0,17,0,1790664643.0
7613,2,"{'mechanical': 2, 'ebike': 0}",0,15,2,1790664667.0
7614,1,"{'mechanical': 0, 'ebike': 1}",1,21,0,1790664586.0
7615,10,"{'mechanical': 10, 'ebike': 0}",1,8,0,1790664695.0
7616,3,"{'mechanical': 3, 'ebike': 0}",1,15,0,1790664602.0
7617,1,"{'mechanical': 1, 'ebike': 0}",0,17,1,1790664622.0
7618,2,"{'mechanical': 2, 'ebike': 0}",2,7,0,1790664626.0
7619,1,"{'mechanical': 0, 'ebike': 1}",2,12,0,1790664701.0
7620,3,"{'mechanical': 3, 'ebike': 0}",3,25,0,1790664660.0
7622,19,"{'mechanical': 18, 'ebike': 1}",0,4,0,1790664693.0
7623,3,"{'mechanical': 3, 'ebike': 0}",1,15,0,1790664593.0
7624,0,"{'mechanical': 0, 'ebike': 0}",0,11,0,1790664673.0
7625,1,"{'mechanical': 0, 'ebike': 1}",2,20,0,1790664632.0
7626,1,"{'mechanical': 1, 'ebike': 0}",2,22,0,1790664594.0
7627,11,"{'mechanical': 8, 'ebike': 3}",0,4,0,1790664678.0
7629,9,"{'mechanical': 7, 'ebike': 2}",0,6,0,1790664585.0
7630,10,"{'mechanical': 8, 'ebike': 2}",1,12,0,1790664617.0
7631,15,"{'mechanical': 13, 'ebike': 2}",0,0,0,1790664696.0
7632,0,"{'mechanical': 0, 'ebike': 0}",3,14,0,1790664694.0
7633,13,"{'mechanical': 12, 'ebike': 1}",2,0,0,1790664679.0
7635,6,"{'mechanical': 4, 'ebike': 2}",1,8,0,1790664646.0
7636,14,"{'mechanical': 10, 'ebike': 4}",1,8,0,1790664608.0
7637,0,"{'mechanical': 0, 'ebike': 0}",2,17,0,1790664696.0
7639,14,"{'mechanical': 14, 'ebike': 0}",0,2,0,1790664624.0
7640,0,"{'mechanical': 0, 'ebike': 0}",2,11,2,1790664610.0
7641,1,"{'mechanical': 0, 'ebike': 1}",1,13,0,1790664674.0
7642,10,"{'mechanical': 10, 'ebike': 0}",1,8,0,1790664622.0
7643,1,"{'mechanical': 1, 'ebike': 0}",1,17,0,1790664687.0
7644,3,"{'mechanical': 0, 'ebike': 3}",0,12,0,1790664645.0
7645,0,"{'mechanical': 0, 'ebike': 0}",0,16,0,1790664605.0
7646,0,"{'mechanical': 0, 'ebike': 0}",0,15,0,1790664635.0
7650,0,"{'mechanical': 0, 'ebike': 0}",1,21,1,1790664639.0
7653,5,"{'mechanical': 5, 'ebike': 0}",3,7,0,1790664672.0
7654,5,"{'mechanical': 3, 'ebike': 2}",1,1,0,1790664606.0
7655,1,"{'mechanical': 0, 'ebike': 1}",0,14,0,1790664667.0
7656,3,"{'mechanical': 2, 'ebike': 1}",0,8,0,1790664610.0
7657,20,"{'mechanical': 20, 'ebike': 0}",0,0,0,1790664672.0
7658,26,"{'mechanical': 22, 'ebike': 4}",0,1,0,1790664670.0
7659,0,"{'mechanical': 0, 'ebike': 0}",0,19,0,1790664632.0
7660,8,"{'mechanical': 8, 'ebike': 0}",1,30,0,1790664689.0
7662,14,"{'mechanical': 14, 'ebike': 0}",0,5,0,1790664665.0
7663,1,"{'mechanical': 0, 'ebike': 1}",3,13,0,1790664615.0
7664,0,"{'mechanical': 0, 'ebike': 0}",2,13,0,1790664683.0
7665,0,"{'mechanical': 0, 'ebike': 0}",0,11,0,1790664598.0
7666,5,"{'mechanical': 5, 'ebike': 0}",1,18,2,1790664674.0
7667,0,"{'mechanical': 0, 'ebike': 0}",4,11,0,1790664691.0
7668,16,"{'mechanical': 0, 'ebike': 16}",4,0,0,1790664642.0
7671,6,"{'mechanical': 5, 'ebike': 1}",1,5,0,1790664649.0
7675,5,"{'mechanical': 5, 'ebike': 0}",1,8,1,1790664606.0
7676,0,"{'mechanical': 0, 'ebike': 0}",0,16,0,1790664646.0
7677,2,"{'mechanical': 2, 'ebike': 0}",2,11,0,1790664674.0
7678,4,"{'mechanical': 4, 'ebike': 0}",1,11,0,1790664659.0
7679,5,"{'mechanical': 5, 'ebike': 0}",0,10,0,1790664618.0
7681,15,"{'mechanical': 14, 'ebike': 1}",1,8,0,1790664631.0
7682,32,"{'mechanical': 32, 'ebike': 0}",0,3,0,1790664593.0
7684,20,"{'mechanical': 20, 'ebike': 0}",2,1,0,1790664615.0
7685,23,"{'mechanical': 22, 'ebike': 1}",0,0,0,1790664651.0
7686,15,"{'mechanical': 13, 'ebike': 2}",0,0,0,1790664629.0
7687,2,"{'mechanical': 0, 'ebike': 2}",0,10,0,1790664610.0
7688,9,"{'mechanical': 7, 'ebike': 2}",0,6,0,1790664671.0
7691,3,"{'mechanical': 3, 'ebike': 0}",3,11,2,1790664600.0
7692,0,"{'mechanical': 0, 'ebike': 0}",2,24,0,1790664659.0
7693,22,"{'mechanical': 20, 'ebike': 2}",0,1,0,1790664685.0
7694,1,"{'mechanical': 1, 'ebike': 0}",0,18,0,1790664710.0
7695,18,"{'mechanical': 15, 'ebike': 3}",1,0,0,1790664700.0
7696,14,"{'mechanical': 14, 'ebike': 0}",0,5,0,1790664592.0
7698,4,"{'mechanical': 2, 'ebike': 2}",0,10,0,1790664651.0
7699,5,"{'mechanical': 0, 'ebike': 5}",2,8,0,1790664676.0
7700,7,"{'mechanical': 4, 'ebike': 3}",1,7,0,1790664638.0
7701,14,"{'mechanical': 14, 'ebike': 0}",1,4,0,1790664610.0
7702,16,"{'mechanical': 16, 'ebike': 0}",1,1,0,1790664669.0
7704,0,"{'mechanical': 0, 'ebike': 0}",0,19,0,1790664699.0
7705,19,"{'mechanical': 18, 'ebike': 1}",0,0,0,1790664596.0
7706,10,"{'mechanical': 7, 'ebike': 3}",0,17,0,1790664682.0
7707,0,"{'mechanical': 0, 'ebike': 0}",1,18,0,1790664598.0
7708,19,"{'mechanical': 0, 'ebike': 19}",8,1,0,1790664613.0
7709,2,"{'mechanical': 0, 'ebike': 2}",1,20,0,1790664610.0
7710,4,"{'mechanical': 1, 'ebike': 3}",9,5,0,1790664652.0
7711,14,"{'mechanical': 10, 'ebike': 4}",0,1,0,1790664690.0
7712,6,"{'mechanical': 5, 'ebike': 1}",1,16,0,1790664697.0
7713,2,"{'mechanical': 2, 'ebike': 0}",1,16,0,1790664662.0
7715,1,"{'mechanical': 0, 'ebike': 1}",0,10,0,1790664591.0
7716,19,"{'mechanical': 19, 'ebike': 0}",0,0,0,1790664618.0
7717,11,"{'mechanical': 11, 'ebike': 0}",0,0,0,1790664684.0
7718,5,"{'mechanical': 5, 'ebike': 0}",1,4,1,1790664687.0
7720,26,"{'mechanical': 26, 'ebike': 0}",0,5,0,1790664592.0
7721,11,"{'mechanical': 10, 'ebike': 1}",0,0,0,1790664703.0
7725,0,"{'mechanical': 0, 'ebike': 0}",1,14,0,1790664704.0
7728,3,"{'mechanical': 2, 'ebike': 1}",1,15,0,1790664679.0
7729,28,"{'mechanical': 1, 'ebike': 27}",6,11,0,1790664599.0
7730,23,"{'mechanical': 3, 'ebike': 20}",6,14,0,1790664691.0
7731,3,"{'mechanical': 2, 'ebike': 1}",0,12,0,1790664618.0
7732,6,"{'mechanical': 6, 'ebike': 0}",0,9,0,1790664592.0
7733,6,"{'mechanical': 6, 'ebike': 0}",0,9,0,1790664648.0
7734,1,"{'mechanical': 1, 'ebike': 0}",0,14,0,1790664710.0
7735,3,"{'mechanical': 2, 'ebike': 1}",0,12,0,1790664614.0
7736,2,"{'mechanical': 2, 'ebike': 0}",0,13,0,1790664671.0
7737,2,"{'mechanical': 2, 'ebike': 0}",0,13,0,1790664603.0
7738,1,"{'mechanical': 0, 'ebike': 1}",1,13,0,1790664686.0
7739,0,"{'mechanical': 0, 'ebike': 0}",1,14,0,1790664645.0
7740,4,"{'mechanical': 3, 'ebike': 1}",0,11,0,1790664620.0
7741,0,"{'mechanical': 0, 'ebike': 0}",1,14,0,1790664623.0
7742,2,"{'mechanical': 1, 'ebike': 1}",0,17,0,1790664633.0
7743,7,"{'mechanical': 1, 'ebike': 6}",0,12,0,1790664637.0
7744,1,"{'mechanical': 0, 'ebike': 1}",0,22,0,1790664588.0
7745,9,"{'mechanical': 9, 'ebike': 0}",0,6,0,1790664600.0
7746,2,"{'mechanical': 0, 'ebike': 2}",1,15,1,1790664596.0
7747,0,"{'mechanical': 0, 'ebike': 0}",0,15,0,1790664644.0
7748,7,"{'mechanical': 7, 'ebike': 0}",1,11,0,1790664688.0
7749,2,"{'mechanical': 1, 'ebike': 1}",0,13,0,1790664599.0
7750,0,"{'mechanical': 0, 'ebike': 0}",0,15,0,1790664630.0
7751,1,"{'mechanical': 1, 'ebike': 0}",1,13,0,1790664681.0
7752,22,"{'mechanical': 22, 'ebike': 0}",1,0,0,1790664688.0
7753,12,"{'mechanical': 10, 'ebike': 2}",3,0,0,1790664641.0
7754,0,"{'mechanical': 0, 'ebike': 0}",3,11,0,1790664692.0
7755,7,"{'mechanical': 6, 'ebike': 1}",0,8,0,1790664698.0
7756,5,"{'mechanical': 5, 'ebike': 0}",0,14,0,1790664615.0
7757,16,"{'mechanical': 16, 'ebike': 0}",3,0,0,1790664703.0
7758,7,"{'mechanical': 7, 'ebike': 0}",0,12,0,1790664654.0
7759,13,"{'mechanical': 13, 'ebike': 0}",0,2,0,1790664669.0
7760,14,"{'mechanical': 9, 'ebike': 5}",5,4,0,1790664622.0
7761,11,"{'mechanical': 10, 'ebike': 1}",2,2,0,1790664615.0
7762,0,"{'mechanical': 0, 'ebike': 0}",1,13,0,1790664628.0
7765,3,"{'mechanical': 2, 'ebike': 1}",1,11,0,1790664601.0
7766,5,"{'mechanical': 5, 'ebike': 0}",0,10,0,1790664612.0
7767,2,"{'mechanical': 2, 'ebike': 0}",0,9,0,1790664650.0
7768,12,"{'mechanical': 12, 'ebike': 0}",2,0,0,1790664650.0
7769,2,"{'mechanical': 2, 'ebike': 0}",1,12,0,1790664597.0
7770,2,"{'mechanical': 2, 'ebike': 0}",1,20,0,1790664679.0
7771,7,"{'mechanical': 3, 'ebike': 4}",1,3,0,1790664656.0
7772,0,"{'mechanical': 0, 'ebike': 0}",1,14,0,1790664607.0
7773,1,"{'mechanical': 1, 'ebike': 0}",0,12,1,1790664616.0
7774,0,"{'mechanical': 0, 'ebike': 0}",0,15,0,1790664590.0
7775,2,"{'mechanical': 1, 'ebike': 1}",0,9,0,1790664671.0
7776,0,"{'mechanical': 0, 'ebike': 0}",0,19,0,1790664674.0
7777,5,"{'mechanical': 4, 'ebike': 1}",1,8,1,1790664665.0
7778,5,"{'mechanical': 3, 'ebike': 2}",1,5,0,1790664610.0
7779,2,"{'mechanical': 1, 'ebike': 1}",2,11,0,1790664659.0
7780,5,"{'mechanical': 5, 'ebike': 0}",1,10,0,1790664707.0
7781,8,"{'mechanical': 7, 'ebike': 1}",0,7,0,1790664655.0
7782,1,"{'mechanical': 0, 'ebike': 1}",0,19,0,1790664646.0
7783,1,"{'mechanical': 1, 'ebike': 0}",0,19,0,1790664702.0
7784,8,"{'mechanical': 8, 'ebike': 0}",2,9,0,1790664608.0
7785,6,"{'mechanical': 6, 'ebike': 0}",1,9,0,1790664678.0
7787,23,"{'mechanical': 23, 'ebike': 0}",4,4,0,1790664652.0
7788,43,"{'mechanical': 42, 'ebike': 1}",1,5,0,1790664640.0
7789,2,"{'mechanical': 1, 'ebike': 1}",3,18,0,1790664696.0
7790,12,"{'mechanical': 11, 'ebike': 1}",0,5,0,1790664646.0
7791,12,"{'mechanical': 12, 'ebike': 0}",0,3,0,1790664603.0
7792,12,"{'mechanical': 12, 'ebike': 0}",0,3,0,1790664692.0
7796,18,"{'mechanical': 18, 'ebike': 0}",1,0,0,1790664644.0
7798,15,"{'mechanical': 15, 'ebike': 0}",0,0,0,1790664676.0
7799,0,"{'mechanical': 0, 'ebike': 0}",0,15,0,1790664676.0
7800,2,"{'mechanical': 2, 'ebike': 0}",1,16,0,1790664679.0
7801,3,"{'mechanical': 3, 'ebike': 0}",0,12,0,1790664668.0
7802,10,"{'mechanical': 9, 'ebike': 1}",2,0,0,1790664658.0
7803,2,"{'mechanical': 1, 'ebike': 1}",1,16,0,1790664707.0
7804,11,"{'mechanical': 11, 'ebike': 0}",0,2,0,1790664664.0
7805,5,"{'mechanical': 2, 'ebike': 3}",0,14,0,1790664599.0
7806,0,"{'mechanical': 0, 'ebike': 0}",1,14,0,1790664687.0
7807,1,"{'mechanical': 0, 'ebike': 1}",0,14,0,1790664671.0
7808,0,"{'mechanical': 0, 'ebike': 0}",0,15,0,1790664710.0
7809,1,"{'mechanical': 0, 'ebike': 1}",1,17,0,1790664645.0
7810,1,"{'mechanical': 1, 'ebike': 0}",2,12,0,1790664646.0
7811,15,"{'mechanical': 15, 'ebike': 0}",4,0,0,1790664672.0
7812,6,"{'mechanical': 6, 'ebike': 0}",0,13,0,1790664671.0
7813,0,"{'mechanical': 0, 'ebike': 0}",1,22,0,1790664679.0
7814,6,"{'mechanical': 6, 'ebike': 0}",0,9,0,1790664637.0
7815,2,"{'mechanical': 1, 'ebike': 1}",0,12,1,1790664681.0
7816,2,"{'mechanical': 2, 'ebike': 0}",2,51,0,1790664660.0
7817,15,"{'mechanical': 15, 'ebike': 0}",0,0,0,1790664704.0
7818,10,"{'mechanical': 1, 'ebike': 9}",1,8,0,1790664694.0
7819,1,"{'mechanical': 0, 'ebike': 1}",2,12,0,1790664688.0
7820,1,"{'mechanical': 0, 'ebike': 1}",0,14,0,1790664668.0
7821,18,"{'mechanical': 18, 'ebike': 0}",0,2,0,1790664688.0
7822,19,"{'mechanical': 17, 'ebike': 2}",0,0,0,1790664675.0
7823,5,"{'mechanical': 1, 'ebike': 4}",4,1,1,1790664611.0
7824,0,"{'mechanical': 0, 'ebike': 0}",1,18,0,1790664607.0
7825,2,"{'mechanical': 2, 'ebike': 0}",0,12,0,1790664649.0
7826,14,"{'mechanical': 10, 'ebike': 4}",1,0,0,1790664664.0
7827,4,"{'mechanical': 2, 'ebike': 2}",0,11,0,1790664665.0
7828,1,"{'mechanical': 0, 'ebike': 1}",0,10,0,1790664614.0
7830,2,"{'mechanical': 2, 'ebike': 0}",0,13,0,1790664613.0
7831,10,"{'mechanical': 10, 'ebike': 0}",0,9,0,1790664645.0
7832,5,"{'mechanical': 5, 'ebike': 0}",3,11,0,1790664688.0
7833,0,"{'mechanical': 0, 'ebike': 0}",0,15,0,1790664602.0
7834,0,"{'mechanical': 0, 'ebike': 0}",0,15,0,1790664612.0
7835,1,"{'mechanical': 1, 'ebike': 0}",2,16,0,1790664696.0
7836,5,"{'mechanical': 3, 'ebike': 2}",0,14,0,1790664651.0
7837,4,"{'mechanical': 4, 'ebike': 0}",0,15,0,1790664678.0
7838,17,"{'mechanical': 17, 'ebike': 0}",2,0,0,1790664622.0
7839,4,"{'mechanical': 4, 'ebike': 0}",2,5,0,1790664696.0
7840,3,"{'mechanical': 3, 'ebike': 0}",0,12,0,1790664605.0
7841,3,"{'mechanical': 2, 'ebike': 1}",2,10,0,1790664626.0
7842,7,"{'mechanical': 7, 'ebike': 0}",0,4,0,1790664695.0
7843,13,"{'mechanical': 11, 'ebike': 2}",2,0,0,1790664665.0
7844,12,"{'mechanical': 10, 'ebike': 2}",2,1,0,1790664585.0
7845,15,"{'mechanical': 15, 'ebike': 0}",0,0,0,1790664693.0
7846,2,"{'mechanical': 1, 'ebike': 1}",0,13,0,1790664590.0
7848,2,"{'mechanical': 2, 'ebike': 0}",1,20,0,1790664586.0
7849,1,"{'mechanical': 1, 'ebike': 0}",0,13,1,1790664586.0
7850,11,"{'mechanical': 11, 'ebike': 0}",1,4,0,1790664653.0
7851,1,"{'mechanical': 1, 'ebike': 0}",2,12,0,1790664615.0
7852,9,"{'mechanical': 9, 'ebike': 0}",0,14,0,1790664678.0
7853,13,"{'mechanical': 12, 'ebike': 1}",0,2,0,1790664588.0
7854,0,"{'mechanical': 0, 'ebike': 0}",0,19,0,1790664622.0
7855,3,"{'mechanical': 1, 'ebike': 2}",2,10,0,1790664660.0
7856,3,"{'mechanical': 3, 'ebike': 0}",0,12,0,1790664631.0
7857,5,"{'mechanical': 0, 'ebike': 5}",0,14,0,1790664708.0
7858,1,"{'mechanical': 1, 'ebike': 0}",0,22,0,1790664621.0
7859,4,"{'mechanical': 4, 'ebike': 0}",0,11,0,1790664606.0
7860,4,"{'mechanical': 4, 'ebike': 0}",1,10,0,1790664589.0
7861,3,"{'mechanical': 2, 'ebike': 1}",0,16,0,1790664690.0
7862,0,"{'mechanical': 0, 'ebike': 0}",0,15,0,1790664640.0
7863,0,"{'mechanical': 0, 'ebike': 0}",1,14,0,1790664627.0
7864,0,"{'mechanical': 0, 'ebike': 0}",2,13,0,1790664612.0
7865,7,"{'mechanical': 0, 'ebike': 7}",19,17,0,1790664630.0
7866,1,"{'mechanical': 1, 'ebike': 0}",4,18,0,1790664688.0
7867,0,"{'mechanical': 0, 'ebike': 0}",4,11,0,1790664645.0
7868,5,"{'mechanical': 5, 'ebike': 0}",0,14,0,1790664590.0
7869,6,"{'mechanical': 6, 'ebike': 0}",0,9,0,1790664633.0
7870,0,"{'mechanical': 0, 'ebike': 0}",0,15,0,1790664680.0
7871,2,"{'mechanical': 2, 'ebike': 0}",0,12,0,1790664703.0
7872,7,"{'mechanical': 6, 'ebike': 1}",0,8,0,1790664621.0
7874,2,"{'mechanical': 2, 'ebike': 0}",1,12,0,1790664657.0
7875,6,"{'mechanical': 6, 'ebike': 0}",0,9,0,1790664681.0
7877,7,"{'mechanical': 7, 'ebike': 0}",0,8,0,1790664659.0
7878,1,"{'mechanical': 1, 'ebike': 0}",0,14,0,1790664596.0
7880,9,"{'mechanical': 9, 'ebike': 0}",1,5,0,1790664693.0
7883,3,"{'mechanical': 2, 'ebike': 1}",0,8,0,1790664676.0
7884,3,"{'mechanical': 2, 'ebike': 1}",1,11,0,1790664612.0
7885,7,"{'mechanical': 6, 'ebike': 1}",2,2,0,1790664615.0
7887,26,"{'mechanical': 14, 'ebike': 12}",6,9,2,1790664673.0
7888,4,"{'mechanical': 3, 'ebike': 1}",0,11,0,1790664701.0
7889,14,"{'mechanical': 11, 'ebike': 3}",1,3,1,1790664706.0
7890,3,"{'mechanical': 2, 'ebike': 1}",3,17,0,1790664604.0
7891,1,"{'mechanical': 1, 'ebike': 0}",0,18,0,1790664649.0
7893,0,"{'mechanical': 0, 'ebike': 0}",0,19,0,1790664664.0
7894,0,"{'mechanical': 0, 'ebike': 0}",1,14,0,1790664673.0
7895,0,"{'mechanical': 0, 'ebike': 0}",0,15,0,1790664653.0
7896,1,"{'mechanical': 0, 'ebike': 1}",1,13,0,1790664655.0
7897,3,"{'mechanical': 1, 'ebike': 2}",0,12,0,1790664614.0
7899,0,"{'mechanical': 0, 'ebike': 0}",1,22,0,1790664627.0
7900,3,"{'mechanical': 2, 'ebike': 1}",1,7,0,1790664594.0
7901,5,"{'mechanical': 4, 'ebike': 1}",1,5,0,1790664589.0
7902,0,"{'mechanical': 0, 'ebike': 0}",0,15,0,1790664681.0
7903,0,"{'mechanical': 0, 'ebike': 0}",3,12,0,1790664591.0
7904,9,"{'mechanical': 9, 'ebike': 0}",2,0,0,1790664680.0
7906,14,"{'mechanical': 14, 'ebike': 0}",0,0,0,1790664638.0
7907,0,"{'mechanical': 0, 'ebike': 0}",0,41,0,1790664687.0
7909,4,"{'mechanical': 4, 'ebike': 0}",0,19,0,1790664652.0
7910,3,"{'mechanical': 1, 'ebike': 2}",1,11,0,1790664654.0
7911,1,"{'mechanical': 1, 'ebike': 0}",3,15,0,1790664669.0
7912,18,"{'mechanical': 17, 'ebike': 1}",1,0,0,1790664613.0
7913,0,"{'mechanical': 0, 'ebike': 0}",2,33,0,1790664621.0
7914,0,"{'mechanical': 0, 'ebike': 0}",1,26,0,1790664662.0
7915,5,"{'mechanical': 2, 'ebike': 3}",2,7,1,1790664679.0
7916,0,"{'mechanical': 0, 'ebike': 0}",1,18,0,1790664681.0
7917,0,"{'mechanical': 0, 'ebike': 0}",0,39,0,1790664616.0
7918,7,"{'mechanical': 7, 'ebike': 0}",1,7,0,1790664644.0
7919,5,"{'mechanical': 3, 'ebike': 2}",1,13,0,1790664689.0
7920,5,"{'mechanical': 5, 'ebike': 0}",0,10,0,1790664686.0
7922,21,"{'mechanical': 0, 'ebike': 21}",1,0,1,1790664700.0
7923,10,"{'mechanical': 10, 'ebike': 0}",0,9,0,1790664639.0
7924,5,"{'mechanical': 5, 'ebike': 0}",2,5,0,1790664637.0
7925,24,"{'mechanical': 23, 'ebike': 1}",0,0,0,1790664654.0
7926,0,"{'mechanical': 0, 'ebike': 0}",3,21,0,1790664587.0
7927,21,"{'mechanical': 21, 'ebike': 0}",1,2,0,1790664614.0
7928,1,"{'mechanical': 1, 'ebike': 0}",0,78,0,1790664614.0
7929,10,"{'mechanical': 10, 'ebike': 0}",0,2,0,1790664649.0
7930,7,"{'mechanical': 7, 'ebike': 0}",0,8,0,1790664619.0
7931,0,"{'mechanical': 0, 'ebike': 0}",0,16,0,1790664603.0
7932,11,"{'mechanical': 11, 'ebike': 0}",0,1,0,1790664694.0
7933,0,"{'mechanical': 0, 'ebike': 0}",1,21,1,1790664655.0
7934,2,"{'mechanical': 1, 'ebike': 1}",2,6,0,1790664655.0
7935,1,"{'mechanical': 0, 'ebike': 1}",1,13,0,1790664694.0
7936,0,"{'mechanical': 0, 'ebike': 0}",0,15,0,1790664694.0
7937,1,"{'mechanical': 1, 'ebike': 0}",0,18,0,1790664692.0
7938,13,"{'mechanical': 13, 'ebike': 0}",1,1,0,1790664710.0
7939,0,"{'mechanical': 0, 'ebike': 0}",2,15,0,1790664650.0
7940,2,"{'mechanical': 0, 'ebike': 2}",4,26,0,1790664612.0
7941,0,"{'mechanical': 0, 'ebike': 0}",0,15,0,1790664706.0
7942,0,"{'mechanical': 0, 'ebike': 0}",2,13,0,1790664692.0
7943,4,"{'mechanical': 4, 'ebike': 0}",4,15,0,1790664608.0
7944,11,"{'mechanical': 9, 'ebike': 2}",1,11,0,1790664618.0
7945,30,"{'mechanical': 30, 'ebike': 0}",0,1,0,1790664645.0
7946,11,"{'mechanical': 11, 'ebike': 0}",1,3,0,1790664604.0
7947,11,"{'mechanical': 10, 'ebike': 1}",0,0,0,1790664677.0
7948,19,"{'mechanical': 18, 'ebike': 1}",1,3,0,1790664597.0
7949,11,"{'mechanical': 11, 'ebike': 0}",0,4,0,1790664654.0
7950,6,"{'mechanical': 6, 'ebike': 0}",1,16,0,1790664676.0
7951,16,"{'mechanical': 16, 'ebike': 0}",0,3,0,1790664673.0
7952,3,"{'mechanical': 3, 'ebike': 0}",1,15,0,1790664683.0
7953,7,"{'mechanical': 7, 'ebike': 0}",2,4,1,1790664597.0
7954,23,"{'mechanical': 22, 'ebike': 1}",0,0,0,1790664694.0
7955,5,"{'mechanical': 5, 'ebike': 0}",4,14,0,1790664711.0
7956,2,"{'mechanical': 2, 'ebike': 0}",0,9,0,1790664689.0
7957,2,"{'mechanical': 2, 'ebike': 0}",2,15,0,1790664688.0
7958,5,"{'mechanical': 5, 'ebike': 0}",2,12,0,1790664666.0
7959,2,"{'mechanical': 2, 'ebike': 0}",0,13,0,1790664709.0
7960,5,"{'mechanical': 3, 'ebike': 2}",0,14,0,1790664615.0
7961,2,"{'mechanical': 1, 'ebike': 1}",0,13,0,1790664606.0
7962,6,"{'mechanical': 6, 'ebike': 0}",0,9,0,1790664592.0
7963,0,"{'mechanical': 0, 'ebike': 0}",1,10,0,1790664644.0
7964,0,"{'mechanical': 0, 'ebike': 0}",1,14,0,1790664628.0
7965,1,"{'mechanical': 0, 'ebike': 1}",1,17,0,1790664657.0
7966,0,"{'mechanical': 0, 'ebike': 0}",0,15,0,1790664683.0
7967,2,"{'mechanical': 1, 'ebike': 1}",1,12,0,1790664680.0
7968,5,"{'mechanical': 5, 'ebike': 0}",0,14,0,1790664616.0
7969,2,"{'mechanical': 2, 'ebike': 0}",0,17,0,1790664632.0
7970,6,"{'mechanical': 6, 'ebike': 0}",1,12,0,1790664657.0
7971,7,"{'mechanical': 7, 'ebike': 0}",3,4,0,1790664623.0
7972,1,"{'mechanical': 1, 'ebike': 0}",0,10,0,1790664701.0
7973,4,"{'mechanical': 4, 'ebike': 0}",4,11,0,1790664626.0
7974,13,"{'mechanical': 11, 'ebike': 2}",0,6,0,1790664593.0
7976,10,"{'mechanical': 10, 'ebike': 0}",1,7,1,1790664601.0
7977,3,"{'mechanical': 3, 'ebike': 0}",0,12,0,1790664601.0
7978,15,"{'mechanical': 15, 'ebike': 0}",1,6,0,1790664658.0
7979,1,"{'mechanical': 0, 'ebike': 1}",3,15,0,1790664626.0
7981,3,"{'mechanical': 3, 'ebike': 0}",2,10,0,1790664661.0
7982,4,"{'mechanical': 4, 'ebike': 0}",0,15,0,1790664684.0
7983,2,"{'mechanical': 2, 'ebike': 0}",0,12,0,1790664615.0
7984,21,"{'mechanical': 21, 'ebike': 0}",0,2,0,1790664646.0
7985,5,"{'mechanical': 5, 'ebike': 0}",0,9,1,1790664588.0
7986,2,"{'mechanical': 2, 'ebike': 0}",2,15,0,1790664656.0
7987,2,"{'mechanical': 2, 'ebike': 0}",0,13,0,1790664632.0
7988,3,"{'mechanical': 3, 'ebike': 0}",1,15,0,1790664673.0
7989,5,"{'mechanical': 5, 'ebike': 0}",0,10,0,1790664591.0
7990,4,"{'mechanical': 4, 'ebike': 0}",2,5,0,1790664613.0
7991,0,"{'mechanical': 0, 'ebike': 0}",2,13,0,1790664665.0
7992,1,"{'mechanical': 1, 'ebike': 0}",1,9,0,1790664606.0
7993,5,"{'mechanical': 5, 'ebike': 0}",3,6,0,1790664648.0
7994,0,"{'mechanical': 0, 'ebike': 0}",0,11,0,1790664636.0
7995,0,"{'mechanical': 0, 'ebike': 0}",2,13,0,1790664591.0
7996,12,"{'mechanical': 1, 'ebike': 11}",2,9,0,1790664620.0
7997,16,"{'mechanical': 4, 'ebike': 12}",2,21,0,1790664679.0
7998,0,"{'mechanical': 0, 'ebike': 0}",1,18,0,1790664664.0
7999,0,"{'mechanical': 0, 'ebike': 0}",1,14,0,1790664599.0
8000,0,"{'mechanical': 0, 'ebike': 0}",4,27,0,1790664681.0
8001,1,"{'mechanical': 1, 'ebike': 0}",0,23,0,1790664700.0
8002,2,"{'mechanical': 2, 'ebike': 0}",0,13,0,1790664585.0
8003,10,"{'mechanical': 10, 'ebike': 0}",1,0,0,1790664630.0
8004,2,"{'mechanical': 0, 'ebike': 2}",2,7,0,1790664596.0
8005,1,"{'mechanical': 0, 'ebike': 1}",2,8,0,1790664627.0
8006,14,"{'mechanical': 13, 'ebike': 1}",2,7,0,1790664710.0
8007,9,"{'mechanical': 0, 'ebike': 9}",16,6,0,1790664634.0
8008,0,"{'mechanical': 0, 'ebike': 0}",0,16,0,1790664661.0
8009,11,"{'mechanical': 1, 'ebike': 10}",19,9,0,1790664682.0
8010,2,"{'mechanical': 2, 'ebike': 0}",2,15,0,1790664704.0
8011,23,"{'mechanical': 8, 'ebike': 15}",4,5,0,1790664634.0
8012,0,"{'mechanical': 0, 'ebike': 0}",2,17,0,1790664592.0
8013,11,"{'mechanical': 11, 'ebike': 0}",0,1,0,1790664674.0
8014,23,"{'mechanical': 23, 'ebike': 0}",0,0,0,1790664597.0
8015,7,"{'mechanical': 7, 'ebike': 0}",0,5,0,1790664616.0
8016,20,"{'mechanical': 20, 'ebike': 0}",0,3,0,1790664666.0
8017,1,"{'mechanical': 1, 'ebike': 0}",2,12,0,1790664697.0
8018,12,"{'mechanical': 12, 'ebike': 0}",0,3,1,1790664661.0
8020,4,"{'mechanical': 3, 'ebike': 1}",3,2,0,1790664663.0
8021,4,"{'mechanical': 4, 'ebike': 0}",0,15,0,1790664614.0
8022,4,"{'mechanical': 3, 'ebike': 1}",0,7,0,1790664635.0
8023,4,"{'mechanical': 3, 'ebike': 1}",1,6,0,1790664609.0
8025,5,"{'mechanical': 5, 'ebike': 0}",1,5,0,1790664642.0
8026,7,"{'mechanical': 7, 'ebike': 0}",1,15,0,1790664665.0
8027,5,"{'mechanical': 5, 'ebike': 0}",1,33,0,1790664684.0
8028,0,"{'mechanical': 0, 'ebike': 0}",0,27,0,1790664600.0
8029,26,"{'mechanical': 26, 'ebike': 0}",0,21,0,1790664710.0
8030,11,"{'mechanical': 11, 'ebike': 0}",0,24,0,1790664699.0
8031,5,"{'mechanical': 5, 'ebike': 0}",0,10,0,1790664659.0
8032,6,"{'mechanical': 6, 'ebike': 0}",0,9,0,1790664635.0
8033,2,"{'mechanical': 2, 'ebike': 0}",0,17,0,1790664649.0
8034,6,"{'mechanical': 5, 'ebike': 1}",0,9,0,1790664677.0
8035,3,"{'mechanical': 3, 'ebike': 0}",0,16,0,1790664672.0
8036,3,"{'mechanical': 3, 'ebike': 0}",0,15,0,1790664641.0
8037,6,"{'mechanical': 6, 'ebike': 0}",2,7,0,1790664660.0
8038,3,"{'mechanical': 2, 'ebike': 1}",0,8,0,1790664690.0
8039,1,"{'mechanical': 1, 'ebike': 0}",0,18,0,1790664705.0
8040,3,"{'mechanical': 3, 'ebike': 0}",3,17,0,1790664598.0
8041,3,"{'mechanical': 2, 'ebike': 1}",2,6,0,1790664710.0
8042,4,"{'mechanical': 4, 'ebike': 0}",0,15,0,1790664657.0
8043,1,"{'mechanical': 0, 'ebike': 1}",1,13,0,1790664616.0
8044,2,"{'mechanical': 2, 'ebike': 0}",0,9,0,1790664699.0
8045,2,"{'mechanical': 0, 'ebike': 2}",0,13,0,1790664613.0
8046,1,"{'mechanical': 1, 'ebike': 0}",1,9,0,1790664616.0
8047,0,"{'mechanical': 0, 'ebike': 0}",0,11,0,1790664680.0
8048,2,"{'mechanical': 2, 'ebike': 0}",1,12,0,1790664674.0
8049,0,"{'mechanical': 0, 'ebike': 0}",0,19,0,1790664675.0
8050,1,"{'mechanical': 1, 'ebike': 0}",1,21,0,1790664683.0
8051,7,"{'mechanical': 6, 'ebike': 1}",0,5,0,1790664587.0
8052,0,"{'mechanical': 0, 'ebike': 0}",0,10,0,1790664592.0
8053,0,"{'mechanical': 0, 'ebike': 0}",0,17,0,1790664676.0
8054,3,"{'mechanical': 2, 'ebike': 1}",2,14,0,1790664611.0
8055,6,"{'mechanical': 6, 'ebike': 0}",1,4,0,1790664681.0
8056,6,"{'mechanical': 6, 'ebike': 0}",0,13,0,1790664676.0
8057,3,"{'mechanical': 3, 'ebike': 0}",0,16,0,1790664643.0
8058,3,"{'mechanical': 3, 'ebike': 0}",1,15,0,1790664648.0
8059,3,"{'mechanical': 3, 'ebike': 0}",0,8,0,1790664691.0
8060,0,"{'mechanical': 0, 'ebike': 0}",0,15,0,1790664681.0
8061,0,"{'mechanical': 0, 'ebike': 0}",1,10,0,1790664711.0
8062,0,"{'mechanical': 0, 'ebike': 0}",1,10,0,1790664685.0
8063,3,"{'mechanical': 3, 'ebike': 0}",0,8,0,1790664689.0
8064,0,"{'mechanical': 0, 'ebike': 0}",0,11,0,1790664688.0
8065,1,"{'mechanical': 1, 'ebike': 0}",2,8,0,1790664596.0
8066,0,"{'mechanical': 0, 'ebike': 0}",0,15,0,1790664642.0
8070,14,"{'mechanical': 14, 'ebike': 0}",1,16,0,1790664701.0
8073,2,"{'mechanical': 2, 'ebike': 0}",0,12,0,1790664657.0
8074,2,"{'mechanical': 2, 'ebike': 0}",0,9,0,1790664683.0
8075,17,"{'mechanical': 16, 'ebike': 1}",2,0,0,1790664636.0
8076,1,"{'mechanical': 1, 'ebike': 0}",0,10,0,1790664591.0
8077,1,"{'mechanical': 1, 'ebike': 0}",1,9,0,1790664600.0
8078,2,"{'mechanical': 1, 'ebike': 1}",2,11,0,1790664645.0
8079,5,"{'mechanical': 5, 'ebike': 0}",2,3,1,1790664691.0
8080,1,"{'mechanical': 1, 'ebike': 0}",2,12,0,1790664607.0
8081,0,"{'mechanical': 0, 'ebike': 0}",1,10,0,1790664685.0
8082,6,"{'mechanical': 6, 'ebike': 0}",0,9,0,1790664607.0
8083,0,"{'mechanical': 0, 'ebike': 0}",0,11,0,1790664655.0
8084,0,"{'mechanical': 0, 'ebike': 0}",4,11,0,1790664604.0
8085,1,"{'mechanical': 1, 'ebike': 0}",0,10,0,1790664701.0
8086,0,"{'mechanical': 0, 'ebike': 0}",3,12,0,1790664632.0
8087,17,"{'mechanical': 17, 'ebike': 0}",2,0,0,1790664600.0
8088,2,"{'mechanical': 1, 'ebike': 1}",0,9,0,1790664602.0
8089,1,"{'mechanical': 1, 'ebike': 0}",0,14,0,1790664629.0
8090,13,"{'mechanical': 11, 'ebike': 2}",0,2,0,1790664668.0
8091,7,"{'mechanical': 7, 'ebike': 0}",0,4,0,1790664600.0
8092,1,"{'mechanical': 1, 'ebike': 0}",0,13,1,1790664658.0
8093,4,"{'mechanical': 4, 'ebike': 0}",0,11,0,1790664697.0
8094,3,"{'mechanical': 3, 'ebike': 0}",1,15,0,1790664655.0
8095,3,"{'mechanical': 3, 'ebike': 0}",0,8,0,1790664640.0
8096,6,"{'mechanical': 6, 'ebike': 0}",0,14,0,1790664707.0
8099,3,"{'mechanical': 3, 'ebike': 0}",1,7,0,1790664688.0
8101,3,"{'mechanical': 3, 'ebike': 0}",1,11,0,1790664595.0
8102,4,"{'mechanical': 4, 'ebike': 0}",0,11,0,1790664707.0
8104,6,"{'mechanical': 6, 'ebike': 0}",0,9,0,1790664637.0
8105,1,"{'mechanical': 1, 'ebike': 0}",4,10,0,1790664605.0
8106,1,"{'mechanical': 1, 'ebike': 0}",0,10,0,1790664619.0
8107,1,"{'mechanical': 1, 'ebike': 0}",1,13,0,1790664609.0
8108,4,"{'mechanical': 4, 'ebike': 0}",0,11,0,1790664587.0
8109,2,"{'mechanical': 2, 'ebike': 0}",0,9,0,1790664690.0
8110,0,"{'mechanical': 0, 'ebike': 0}",2,13,0,1790664697.0
8111,0,"{'mechanical': 0, 'ebike': 0}",0,11,0,1790664700.0
8112,1,"{'mechanical': 1, 'ebike': 0}",0,10,0,1790664656.0
8113,23,"{'mechanical': 23, 'ebike': 0}",0,0,0,1790664627.0
8114,3,"{'mechanical': 2, 'ebike': 1}",3,5,0,1790664706.0
8115,5,"{'mechanical': 5, 'ebike': 0}",0,6,0,1790664657.0
8117,2,"{'mechanical': 2, 'ebike': 0}",1,12,0,1790664711.0
8119,3,"{'mechanical': 3, 'ebike': 0}",0,8,0,1790664610.0
8120,4,"{'mechanical': 4, 'ebike': 0}",1,6,0,1790664677.0
8122,5,"{'mechanical': 5, 'ebike': 0}",0,9,1,1790664680.0
8123,3,"{'mechanical': 3, 'ebike': 0}",0,8,0,1790664623.0
8125,4,"{'mechanical': 4, 'ebike': 0}",1,10,0,1790664586.0
8128,5,"{'mechanical': 5, 'ebike': 0}",1,5,0,1790664616.0
8129,1,"{'mechanical': 0, 'ebike': 1}",0,10,0,1790664622.0
8130,1,"{'mechanical': 0, 'ebike': 1}",1,9,0,1790664633.0
8131,3,"{'mechanical': 2, 'ebike': 1}",0,8,0,1790664603.0
8133,2,"{'mechanical': 2, 'ebike': 0}",0,13,0,1790664600.0
8134,1,"{'mechanical': 1, 'ebike': 0}",0,10,0,1790664701.0
8137,14,"{'mechanical': 14, 'ebike': 0}",3,13,0,1790664600.0
8138,4,"{'mechanical': 2, 'ebike': 2}",0,19,0,1790664671.0
8139,1,"{'mechanical': 1, 'ebike': 0}",0,10,0,1790664591.0
8141,1,"{'mechanical': 1, 'ebike': 0}",0,10,0,1790664615.0
8142,4,"{'mechanical': 4, 'ebike': 0}",0,7,0,1790664596.0
8144,1,"{'mechanical': 0, 'ebike': 1}",0,10,0,1790664680.0
8149,1,"{'mechanical': 1, 'ebike': 0}",0,10,0,1790664644.0
8150,0,"{'mechanical': 0, 'ebike': 0}",2,9,0,1790664648.0
8151,0,"{'mechanical': 0, 'ebike': 0}",0,11,0,1790664675.0
8152,3,"{'mechanical': 3, 'ebike': 0}",5,8,0,1790664634.0
8153,1,"{'mechanical': 1, 'ebike': 0}",1,17,0,1790664586.0
8154,3,"{'mechanical': 3, 'ebike': 0}",0,8,0,1790664644.0
8155,1,"{'mechanical': 1, 'ebike': 0}",1,13,0,1790664703.0
8156,0,"{'mechanical': 0, 'ebike': 0}",0,11,0,1790664648.0
8157,0,"{'mechanical': 0, 'ebike': 0}",0,15,0,1790664654.0
8158,1,"{'mechanical': 1, 'ebike': 0}",0,10,0,1790664585.0
8159,3,"{'mechanical': 3, 'ebike': 0}",0,11,1,1790664590.0
8160,1,"{'mechanical': 1, 'ebike': 0}",0,14,0,1790664621.0
8161,4,"{'mechanical': 4, 'ebike': 0}",1,10,0,1790664590.0
8162,24,"{'mechanical': 24, 'ebike': 0}",1,2,0,1790664624.0
8163,21,"{'mechanical': 21, 'ebike': 0}",1,1,0,1790664625.0
8164,4,"{'mechanical': 4, 'ebike': 0}",0,15,0,1790664708.0
8165,0,"{'mechanical': 0, 'ebike': 0}",0,11,0,1790664645.0
8166,1,"{'mechanical': 1, 'ebike': 0}",0,10,0,1790664662.0
8167,3,"{'mechanical': 2, 'ebike': 1}",1,11,0,1790664690.0
8168,10,"{'mechanical': 10, 'ebike': 0}",0,1,0,1790664689.0
8169,3,"{'mechanical': 3, 'ebike': 0}",0,12,0,1790664651.0
8170,11,"{'mechanical': 11, 'ebike': 0}",1,3,0,1790664659.0
8171,17,"{'mechanical': 17, 'ebike': 0}",1,5,0,1790664590.0
8172,3,"{'mechanical': 3, 'ebike': 0}",0,20,0,1790664664.0
8173,0,"{'mechanical': 0, 'ebike': 0}",2,9,0,1790664709.0
8174,6,"{'mechanical': 6, 'ebike': 0}",2,11,0,1790664651.0
8175,5,"{'mechanical': 5, 'ebike': 0}",1,16,1,1790664602.0
8176,12,"{'mechanical': 0, 'ebike': 12}",0,27,0,1790664639.0
8177,2,"{'mechanical': 1, 'ebike': 1}",1,8,0,1790664635.0
8178,5,"{'mechanical': 5, 'ebike': 0}",0,18,0,1790664644.0
8179,4,"{'mechanical': 2, 'ebike': 2}",0,7,0,1790664710.0
8180,13,"{'mechanical': 13, 'ebike': 0}",0,2,0,1790664647.0
8181,1,"{'mechanical': 1, 'ebike': 0}",1,29,0,1790664710.0
8182,13,"{'mechanical': 13, 'ebike': 0}",1,9,0,1790664700.0
8183,16,"{'mechanical': 15, 'ebike': 1}",0,7,0,1790664629.0
8184,6,"{'mechanical': 6, 'ebike': 0}",2,7,0,1790664588.0
8185,2,"{'mechanical': 0, 'ebike': 2}",2,7,0,1790664585.0
8186,1,"{'mechanical': 1, 'ebike': 0}",0,14,0,1790664659.0
8187,0,"{'mechanical': 0, 'ebike': 0}",3,12,0,1790664657.0
8188,4,"{'mechanical': 4, 'ebike': 0}",7,12,0,1790664700.0
8189,1,"{'mechanical': 1, 'ebike': 0}",5,9,0,1790664662.0
8190,2,"{'mechanical': 2, 'ebike': 0}",0,25,0,1790664703.0
8191,7,"{'mechanical': 7, 'ebike': 0}",2,14,0,1790664680.0
8193,19,"{'mechanical': 0, 'ebike': 19}",6,2,0,1790664708.0
8194,19,"{'mechanical': 0, 'ebike': 19}",4,0,0,1790664630.0
8196,13,"{'mechanical': 0, 'ebike': 13}",5,1,0,1790664600.0
8197,7,"{'mechanical': 5, 'ebike': 2}",12,11,1,1790664597.0
8198,38,"{'mechanical': 0, 'ebike': 38}",1,0,0,1790664683.0
8199,7,"{'mechanical': 2, 'ebike': 5}",16,0,0,1790664652.0
8200,14,"{'mechanical': 13, 'ebike': 1}",2,7,0,1790664632.0
8201,1,"{'mechanical': 1, 'ebike': 0}",2,8,0,1790664695.0
8202,17,"{'mechanical': 2, 'ebike': 15}",0,2,0,1790664665.0
8203,1,"{'mechanical': 1, 'ebike': 0}",0,10,0,1790664630.0
8204,0,"{'mechanical': 0, 'ebike': 0}",0,11,0,1790664659.0
8205,0,"{'mechanical': 0, 'ebike': 0}",1,14,0,1790664587.0
8206,0,"{'mechanical': 0, 'ebike': 0}",1,16,0,1790664670.0
8207,0,"{'mechanical': 0, 'ebike': 0}",0,8,0,1790664616.0
8208,3,"{'mechanical': 1, 'ebike': 2}",1,7,0,1790664649.0
8209,0,"{'mechanical': 0, 'ebike': 0}",2,12,0,1790664641.0
8210,3,"{'mechanical': 3, 'ebike': 0}",3,5,0,1790664590.0
8211,0,"{'mechanical': 0, 'ebike': 0}",0,11,0,1790664624.0
8212,9,"{'mechanical': 0, 'ebike': 9}",15,1,0,1790664702.0
8213,0,"{'mechanical': 0, 'ebike': 0}",3,14,0,1790664706.0
8214,5,"{'mechanical': 5, 'ebike': 0}",1,5,0,1790664615.0
8215,1,"{'mechanical': 1, 'ebike': 0}",2,14,0,1790664697.0
8216,4,"{'mechanical': 4, 'ebike': 0}",2,8,0,1790664670.0
8217,0,"{'mechanical': 0, 'ebike': 0}",0,14,0,1790664660.0
8218,5,"{'mechanical': 5, 'ebike': 0}",2,4,0,1790664603.0
8219,0,"{'mechanical': 0, 'ebike': 0}",0,19,0,1790664664.0
8220,3,"{'mechanical': 3, 'ebike': 0}",0,8,0,1790664690.0
8221,0,"{'mechanical': 0, 'ebike': 0}",0,11,0,1790664630.0
8224,17,"{'mechanical': 17, 'ebike': 0}",2,0,0,1790664616.0
8225,3,"{'mechanical': 3, 'ebike': 0}",0,8,0,1790664644.0
8226,3,"{'mechanical': 2, 'ebike': 1}",0,12,0,1790664623.0
8227,4,"{'mechanical': 3, 'ebike': 1}",0,7,0,1790664640.0
8228,18,"{'mechanical': 18, 'ebike': 0}",0,21,0,1790664622.0
8229,20,"{'mechanical': 20, 'ebike': 0}",0,15,0,1790664676.0
8230,31,"{'mechanical': 31, 'ebike': 0}",0,8,0,1790664602.0
8231,17,"{'mechanical': 14, 'ebike': 3}",2,0,0,1790664673.0
8232,18,"{'mechanical': 18, 'ebike': 0}",0,4,1,1790664682.0
8234,0,"{'mechanical': 0, 'ebike': 0}",0,19,0,1790664633.0
8235,10,"{'mechanical': 4, 'ebike': 6}",1,4,0,1790664704.0
8236,15,"{'mechanical': 15, 'ebike': 0}",0,0,0,1790664624.0
8237,1,"{'mechanical': 1, 'ebike': 0}",1,20,0,1790664664.0
8238,5,"{'mechanical': 2, 'ebike': 3}",0,10,0,1790664697.0
8239,0,"{'mechanical': 0, 'ebike': 0}",1,10,0,1790664624.0
8240,0,"{'mechanical': 0, 'ebike': 0}",0,15,0,1790664587.0
8241,1,"{'mechanical': 1, 'ebike': 0}",0,14,0,1790664666.0
8242,2,"{'mechanical': 2, 'ebike': 0}",0,17,0,1790664648.0
8243,1,"{'mechanical': 1, 'ebike': 0}",0,15,0,1790664689.0
8245,1,"{'mechanical': 1, 'ebike': 0}",1,16,1,1790664663.0
8246,3,"{'mechanical': 0, 'ebike': 3}",3,5,0,1790664634.0
8247,0,"{'mechanical': 0, 'ebike': 0}",1,14,0,1790664595.0
8248,1,"{'mechanical': 0, 'ebike': 1}",0,10,0,1790664705.0
8249,1,"{'mechanical': 1, 'ebike': 0}",1,13,0,1790664607.0
8250,1,"{'mechanical': 0, 'ebike': 1}",0,10,0,1790664669.0
8251,3,"{'mechanical': 3, 'ebike': 0}",3,11,0,1790664689.0
8252,0,"{'mechanical': 0, 'ebike': 0}",0,15,0,1790664685.0
8253,1,"{'mechanical': 1, 'ebike': 0}",0,18,0,1790664645.0
8254,0,"{'mechanical': 0, 'ebike': 0}",0,14,0,1790664646.0
8255,2,"{'mechanical': 2, 'ebike': 0}",1,12,0,1790664698.0
8256,1,"{'mechanical': 0, 'ebike': 1}",1,13,0,1790664615.0
8257,0,"{'mechanical': 0, 'ebike': 0}",0,17,0,1790664703.0
8258,0,"{'mechanical': 0, 'ebike': 0}",0,11,0,1790664633.0
8259,2,"{'mechanical': 1, 'ebike': 1}",0,5,0,1790664705.0
8260,30,"{'mechanical': 29, 'ebike': 1}",0,5,0,1790664669.0
8261,4,"{'mechanical': 4, 'ebike': 0}",2,9,0,1790662312.0
8262,38,"{'mechanical': 38, 'ebike': 0}",1,0,0,1790664665.0
8263,0,"{'mechanical': 0, 'ebike': 0}",0,23,0,1790664596.0
8264,0,"{'mechanical': 0, 'ebike': 0}",4,23,0,1790664588.0
8265,1,"{'mechanical': 1, 'ebike': 0}",1,17,0,1790664605.0
8266,3,"{'mechanical': 3, 'ebike': 0}",0,24,0,1790664637.0
8267,23,"{'mechanical': 22, 'ebike': 1}",0,0,0,1790664647.0
8268,0,"{'mechanical': 0, 'ebike': 0}",1,22,0,1790664642.0
8269,5,"{'mechanical': 2, 'ebike': 3}",1,5,0,1790664666.0
8271,9,"{'mechanical': 8, 'ebike': 1}",0,10,0,1790664648.0
8273,7,"{'mechanical': 5, 'ebike': 2}",0,24,0,1790664651.0
7000,7,"{'mechanical': 7, 'ebike': 0}",1,39,0,1790688267.0
7001,0,"{'mechanical': 0, 'ebike': 0}",10,13,0,1790688267.0
7002,7,"{'mechanical': 1, 'ebike': 6}",1,11,0,1790688227.0
7003,0,"{'mechanical': 0, 'ebike': 0}",1,14,0,1790688219.0
7004,28,"{'mechanical': 21, 'ebike': 7}",7,0,0,1790688203.0
7005,23,"{'mechanical': 21, 'ebike': 2}",0,0,0,1790688250.0
7006,2,"{'mechanical': 1, 'ebike': 1}",3,26,0,1790687575.0
7007,9,"{'mechanical': 9, 'ebike': 0}",0,10,0,1790688263.0
7008,2,"{'mechanical': 1, 'ebike': 1}",4,13,0,1790688206.0
7010,18,"{'mechanical': 18, 'ebike': 0}",1,0,0,1790688291.0
7013,19,"{'mechanical': 16, 'ebike': 3}",0,0,0,1790688218.0
7014,0,"{'mechanical': 0, 'ebike': 0}",1,16,0,1790688248.0
7015,11,"{'mechanical': 2, 'ebike': 9}",4,24,0,1790688313.0
7016,31,"{'mechanical': 31, 'ebike': 0}",3,0,0,1790688304.0
7017,1,"{'mechanical': 0, 'ebike': 1}",0,10,0,1790688218.0
7018,48,"{'mechanical': 48, 'ebike': 0}",1,0,0,1790688223.0
7019,38,"{'mechanical': 8, 'ebike': 30}",0,17,0,1790688248.0
7020,28,"{'mechanical': 26, 'ebike': 2}",1,4,0,1790688235.0
7021,34,"{'mechanical': 26, 'ebike': 8}",1,28,0,1790688262.0
7023,1,"{'mechanical': 1, 'ebike': 0}",1,9,0,1790688259.0
7024,0,"{'mechanical': 0, 'ebike': 0}",2,36,0,1790688211.0
7025,15,"{'mechanical': 7, 'ebike': 8}",2,10,0,1790688202.0
7026,2,"{'mechanical': 1, 'ebike': 1}",4,8,0,1790688260.0
7027,5,"{'mechanical': 4, 'ebike': 1}",0,25,1,1790688319.0
7028,2,"{'mechanical': 1, 'ebike': 1}",1,28,0,1790688252.0
7029,0,"{'mechanical': 0, 'ebike': 0}",0,15,0,1790688223.0
7030,0,"{'mechanical': 0, 'ebike': 0}",0,35,0,1790688225.0
7031,1,"{'mechanical': 1, 'ebike': 0}",4,34,0,1790688228.0
7032,0,"{'mechanical': 0, 'ebike': 0}",0,15,0,1790688283.0
7033,41,"{'mechanical': 38, 'ebike': 3}",2,0,0,1790688284.0
7034,1,"{'mechanical': 0, 'ebike': 1}",0,13,0,1790688253.0
7035,15,"{'mechanical': 15, 'ebike': 0}",0,28,0,1790686239.0
7036,8,"{'mechanical': 8, 'ebike': 0}",1,10,0,1790688258.0
7037,7,"{'mechanical': 7, 'ebike': 0}",5,29,0,1790688193.0
7038,29,"{'mechanical': 25, 'ebike': 4}",0,2,0,1790688326.0
7039,6,"{'mechanical': 4, 'ebike': 2}",1,12,0,1790688236.0
7040,0,"{'mechanical': 0, 'ebike': 0}",1,18,0,1790688202.0
7041,3,"{'mechanical': 2, 'ebike': 1}",3,15,2,1790688298.0
7042,1,"{'mechanical': 1, 'ebike': 0}",0,30,0,1790688218.0
7043,18,"{'mechanical': 17, 'ebike': 1}",0,1,0,1790688251.0
7044,1,"{'mechanical': 0, 'ebike': 1}",1,33,0,1790688297.0
7045,9,"{'mechanical': 3, 'ebike': 6}",1,27,0,1790688234.0
7046,21,"{'mechanical': 21, 'ebike': 0}",1,20,0,1790688211.0
7048,46,"{'mechanical': 46, 'ebike': 0}",1,0,0,1790688284.0
7049,9,"{'mechanical': 9, 'ebike': 0}",3,3,0,1790688201.0
7050,12,"{'mechanical': 12, 'ebike': 0}",3,1,0,1790688285.0
7052,34,"{'mechanical': 27, 'ebike': 7}",4,17,0,1790688325.0
7053,27,"{'mechanical': 26, 'ebike': 1}",0,0,0,1790688208.0
7054,2,"{'mechanical': 2, 'ebike': 0}",2,7,0,1790688319.0
7055,0,"{'mechanical': 0, 'ebike': 0}",0,15,0,1790688326.0
7057,26,"{'mechanical': 23, 'ebike': 3}",0,0,1,1790688237.0
7058,4,"{'mechanical': 3, 'ebike': 1}",3,32,0,1790688308.0
7059,14,"{'mechanical': 11, 'ebike': 3}",1,0,0,1790688310.0
7061,0,"{'mechanical': 0, 'ebike': 0}",2,13,0,1790688272.0
7063,19,"{'mechanical': 11, 'ebike': 8}",0,4,0,1790688215.0
7064,19,"{'mechanical': 17, 'ebike': 2}",0,0,0,1790688205.0
7065,0,"{'mechanical': 0, 'ebike': 0}",0,15,0,1790688308.0
7066,15,"{'mechanical': 13, 'ebike': 2}",0,0,0,1790688225.0
7067,24,"{'mechanical': 23, 'ebike': 1}",2,1,0,1790688216.0
7069,9,"{'mechanical': 8, 'ebike': 1}",0,2,0,1790688260.0
7070,11,"{'mechanical': 9, 'ebike': 2}",0,0,0,1790688284.0
7071,0,"{'mechanical': 0, 'ebike': 0}",1,22,0,1790688315.0
7073,1,"{'mechanical': 1, 'ebike': 0}",0,22,0,1790688205.0
7074,54,"{'mechanical': 54, 'ebike': 0}",1,0,0,1790688280.0
7075,0,"{'mechanical': 0, 'ebike': 0}",20,7,0,1790688235.0
7076,56,"{'mechanical': 52, 'ebike': 4}",0,1,0,1790688224.0
7077,0,"{'mechanical': 0, 'ebike': 0}",2,17,0,1790688281.0
7078,0,"{'mechanical': 0, 'ebike': 0}",0,15,0,1790688247.0
7079,0,"{'mechanical': 0, 'ebike': 0}",3,16,0,1790688296.0
7084,0,"{'mechanical': 0, 'ebike': 0}",3,8,0,1790688249.0
7085,0,"{'mechanical': 0, 'ebike': 0}",0,15,0,1790688271.0
7086,0,"{'mechanical': 0, 'ebike': 0}",1,21,1,1790688274.0
7087,0,"{'mechanical': 0, 'ebike': 0}",0,11,0,1790688209.0
7088,1,"{'mechanical': 0, 'ebike': 1}",1,13,0,1790688319.0
7089,0,"{'mechanical': 0, 'ebike': 0}",4,23,0,1790688201.0
7090,0,"{'mechanical': 0, 'ebike': 0}",0,19,0,1790688280.0
7091,2,"{'mechanical': 2, 'ebike': 0}",1,12,0,1790688221.0
7093,0,"{'mechanical': 0, 'ebike': 0}",0,25,0,1790688319.0
7094,5,"{'mechanical': 0, 'ebike': 5}",1,19,0,1790688254.0
7095,1,"{'mechanical': 0, 'ebike': 1}",0,14,0,1790688210.0
7096,2,"{'mechanical': 2, 'ebike': 0}",1,16,0,1790688215.0
7097,0,"{'mechanical': 0, 'ebike': 0}",0,30,1,1790688270.0
7098,3,"{'mechanical': 3, 'ebike': 0}",1,11,0,1790688321.0
7099,14,"{'mechanical': 12, 'ebike': 2}",0,25,0,1790688241.0
7100,0,"{'mechanical': 0, 'ebike': 0}",0,27,0,1790688304.0
7101,5,"{'mechanical': 5, 'ebike': 0}",0,22,0,1790688202.0
7102,16,"{'mechanical': 13, 'ebike': 3}",1,13,1,1790688227.0
7103,17,"{'mechanical': 15, 'ebike': 2}",0,15,0,1790688232.0
7104,2,"{'mechanical': 2, 'ebike': 0}",0,12,1,1790688291.0
7105,4,"{'mechanical': 4, 'ebike': 0}",1,9,1,1790688228.0
7107,3,"{'mechanical': 3, 'ebike': 0}",0,12,0,1790688239.0
7109,0,"{'mechanical': 0, 'ebike': 0}",1,31,0,1790688305.0
7110,9,"{'mechanical': 9, 'ebike': 0}",0,6,0,1790688229.0
7111,1,"{'mechanical': 1, 'ebike': 0}",0,10,0,1790688213.0
7112,18,"{'mechanical': 18, 'ebike': 0}",0,1,0,1790688264.0
7113,0,"{'mechanical': 0, 'ebike': 0}",1,14,0,1790688289.0
7114,0,"{'mechanical': 0, 'ebike': 0}",0,27,0,1790688317.0
7115,0,"{'mechanical': 0, 'ebike': 0}",2,29,0,1790688255.0
7116,0,"{'mechanical': 0, 'ebike': 0}",0,19,0,1790688298.0
7117,4,"{'mechanical': 1, 'ebike': 3}",1,14,0,1790688313.0
7118,17,"{'mechanical': 14, 'ebike': 3}",1,1,0,1790688307.0
7119,0,"{'mechanical': 0, 'ebike': 0}",0,15,0,1790688305.0
7120,0,"{'mechanical': 0, 'ebike': 0}",2,9,0,1790688277.0
7121,0,"{'mechanical': 0, 'ebike': 0}",1,26,0,1790688225.0
7122,0,"{'mechanical': 0, 'ebike': 0}",1,14,0,1790688230.0
7123,9,"{'mechanical': 7, 'ebike': 2}",0,6,0,1790688288.0
7124,12,"{'mechanical': 12, 'ebike': 0}",0,7,0,1790688253.0
7126,0,"{'mechanical': 0, 'ebike': 0}",4,13,0,1790688213.0
7127,1,"{'mechanical': 0, 'ebike': 1}",4,10,0,1790688320.0
7128,1,"{'mechanical': 1, 'ebike': 0}",3,19,0,1790688282.0
7129,3,"{'mechanical': 0, 'ebike': 3}",2,6,0,1790688263.0
7130,1,"{'mechanical': 0, 'ebike': 1}",1,13,0,1790688273.0
7131,2,"{'mechanical': 2, 'ebike': 0}",2,11,0,1790688203.0
7132,1,"{'mechanical': 1, 'ebike': 0}",0,8,0,1790688273.0
7133,0,"{'mechanical': 0, 'ebike': 0}",0,11,0,1790688281.0
7135,19,"{'mechanical': 17, 'ebike': 2}",0,16,0,1790688265.0
7137,0,"{'mechanical': 0, 'ebike': 0}",1,14,0,1790688246.0
7138,0,"{'mechanical': 0, 'ebike': 0}",0,27,0,1790688289.0
7139,1,"{'mechanical': 1, 'ebike': 0}",0,14,0,1790688241.0
7140,0,"{'mechanical': 0, 'ebike': 0}",0,14,1,1790688200.0
7142,0,"{'mechanical': 0, 'ebike': 0}",0,15,0,1790688316.0
7143,0,"{'mechanical': 0, 'ebike': 0}",0,14,1,1790688229.0
7144,0,"{'mechanical': 0, 'ebike': 0}",0,15,0,1790688308.0
7146,1,"{'mechanical': 0, 'ebike': 1}",0,18,0,1790688326.0
7147,14,"{'mechanical': 14, 'ebike': 0}",0,1,0,1790688220.0
7148,21,"{'mechanical': 21, 'ebike': 0}",1,0,0,1790688228.0
7149,0,"{'mechanical': 0, 'ebike': 0}",1,10,0,1790688283.0
7150,4,"{'mechanical': 4, 'ebike': 0}",1,13,1,1790688280.0
7151,0,"{'mechanical': 0, 'ebike': 0}",2,17,0,1790688274.0
7152,0,"{'mechanical': 0, 'ebike': 0}",0,11,0,1790688211.0
7153,0,"{'mechanical': 0, 'ebike': 0}",0,18,1,1790688257.0
7154,0,"{'mechanical': 0, 'ebike': 0}",0,23,0,1790688251.0
7155,1,"{'mechanical': 0, 'ebike': 1}",0,17,1,1790688107.0
7156,1,"{'mechanical': 1, 'ebike': 0}",0,13,1,1790688287.0
7157,0,"{'mechanical': 0, 'ebike': 0}",0,23,0,1790688244.0
7158,0,"{'mechanical': 0, 'ebike': 0}",0,15,0,1790688248.0
7160,0,"{'mechanical': 0, 'ebike': 0}",0,19,0,1790688246.0
7161,16,"{'mechanical': 15, 'ebike': 1}",3,4,0,1790688221.0
7162,8,"{'mechanical': 6, 'ebike': 2}",1,13,1,1790688216.0
7164,4,"{'mechanical': 1, 'ebike': 3}",1,18,0,1790688304.0
7168,45,"{'mechanical': 44, 'ebike': 1}",1,1,0,1790688237.0
7169,6,"{'mechanical': 6, 'ebike': 0}",1,4,0,1790688239.0
7170,3,"{'mechanical': 0, 'ebike': 3}",2,6,3,1790688307.0
7172,4,"{'mechanical': 4, 'ebike': 0}",0,15,0,1790688218.0
7173,0,"{'mechanical': 0, 'ebike': 0}",0,19,0,1790688222.0
7174,12,"{'mechanical': 12, 'ebike': 0}",0,3,0,1790688219.0
7175,15,"{'mechanical': 15, 'ebike': 0}",0,11,1,1790688282.0
7176,1,"{'mechanical': 0, 'ebike': 1}",0,18,0,1790688245.0
7178,5,"{'mechanical': 5, 'ebike': 0}",1,9,0,1790688223.0
7180,0,"{'mechanical': 0, 'ebike': 0}",0,23,0,1790688221.0
7181,0,"{'mechanical': 0, 'ebike': 0}",1,14,0,1790688246.0
7182,1,"{'mechanical': 0, 'ebike': 1}",1,17,0,1790688326.0
7183,0,"{'mechanical': 0, 'ebike': 0}",0,15,0,1790688277.0
7184,3,"{'mechanical': 1, 'ebike': 2}",0,8,0,1790688265.0
7188,13,"{'mechanical': 11, 'ebike': 2}",1,20,1,1790688291.0
7189,2,"{'mechanical': 2, 'ebike': 0}",3,9,1,1790688278.0
7190,13,"{'mechanical': 6, 'ebike': 7}",1,1,0,1790688201.0
7191,0,"{'mechanical': 0, 'ebike': 0}",1,10,0,1790688203.0
7192,0,"{'mechanical': 0, 'ebike': 0}",1,14,0,1790688294.0
7193,2,"{'mechanical': 2, 'ebike': 0}",1,12,0,1790688308.0
7195,0,"{'mechanical': 0, 'ebike': 0}",1,10,0,1790688248.0
7196,0,"{'mechanical': 0, 'ebike': 0}",0,11,0,1790688300.0
7198,10,"{'mechanical': 10, 'ebike': 0}",0,9,0,1790688298.0
7199,0,"{'mechanical': 0, 'ebike': 0}",1,17,1,1790688230.0
7202,24,"{'mechanical': 18, 'ebike': 6}",2,0,1,1790688251.0
7203,21,"{'mechanical': 21, 'ebike': 0}",2,12,0,1790688223.0
7204,0,"{'mechanical': 0, 'ebike': 0}",0,19,0,1790688249.0
7205,0,"{'mechanical': 0, 'ebike': 0}",1,14,0,1790688246.0
7206,0,"{'mechanical': 0, 'ebike': 0}",0,13,0,1790688326.0
7207,0,"{'mechanical': 0, 'ebike': 0}",0,47,0,1790688230.0
7208,0,"{'mechanical': 0, 'ebike': 0}",1,14,0,1790688216.0
7209,6,"{'mechanical': 6, 'ebike': 0}",2,11,0,1790688239.0
7210,4,"{'mechanical': 4, 'ebike': 0}",2,9,0,1790688244.0
7211,13,"{'mechanical': 13, 'ebike': 0}",0,10,0,1790688241.0
7216,0,"{'mechanical': 0, 'ebike': 0}",2,21,0,1790688201.0
7217,2,"{'mechanical': 2, 'ebike': 0}",2,11,0,1790688318.0
7220,15,"{'mechanical': 15, 'ebike': 0}",1,3,0,1790688203.0
7221,1,"{'mechanical': 1, 'ebike': 0}",0,10,0,1790688261.0
7222,25,"{'mechanical': 24, 'ebike': 1}",1,1,0,1790688307.0
7223,4,"{'mechanical': 4, 'ebike': 0}",4,4,0,1790688214.0
7224,1,"{'mechanical': 1, 'ebike': 0}",2,20,0,1790688294.0
7225,15,"{'mechanical': 15, 'ebike': 0}",2,1,0,1790688305.0
7226,13,"{'mechanical': 12, 'ebike': 1}",1,5,0,1790688262.0
7227,6,"{'mechanical': 5, 'ebike': 1}",0,25,0,1790688279.0
7228,17,"{'mechanical': 16, 'ebike': 1}",0,2,0,1790688209.0
7229,2,"{'mechanical': 2, 'ebike': 0}",4,5,0,1790688236.0
7230,9,"{'mechanical': 9, 'ebike': 0}",1,9,0,1790688204.0
7231,6,"{'mechanical': 6, 'ebike': 0}",1,11,0,1790688280.0
7232,5,"{'mechanical': 5, 'ebike': 0}",1,10,0,1790688318.0
7233,3,"{'mechanical': 3, 'ebike': 0}",1,12,0,1790688230.0
7234,8,"{'mechanical': 8, 'ebike': 0}",1,10,0,1790688222.0
7235,0,"{'mechanical': 0, 'ebike': 0}",0,16,0,1790688200.0
7236,10,"{'mechanical': 10, 'ebike': 0}",0,14,0,1790688280.0
7237,1,"{'mechanical': 1, 'ebike': 0}",0,14,0,1790688245.0
7238,1,"{'mechanical': 1, 'ebike': 0}",2,13,0,1790688288.0
7239,0,"{'mechanical': 0, 'ebike': 0}",1,41,0,1790688250.0
7240,0,"{'mechanical': 0, 'ebike': 0}",1,32,1,1790688261.0
7241,0,"{'mechanical': 0, 'ebike': 0}",3,8,0,1790688238.0
7242,6,"{'mechanical': 3, 'ebike': 3}",4,25,0,1790688237.0
7243,3,"{'mechanical': 3, 'ebike': 0}",0,11,0,1790688324.0
7244,3,"{'mechanical': 2, 'ebike': 1}",2,11,0,1790688317.0
7246,2,"{'mechanical': 2, 'ebike': 0}",1,16,0,1790688260.0
7247,7,"{'mechanical': 6, 'ebike': 1}",0,5,0,1790688250.0
7248,0,"{'mechanical': 0, 'ebike': 0}",1,18,1,1790688211.0
7249,16,"{'mechanical': 2, 'ebike': 14}",25,11,0,1790688243.0
7250,15,"{'mechanical': 11, 'ebike': 4}",1,0,0,1790688242.0
7252,0,"{'mechanical': 0, 'ebike': 0}",0,18,0,1790688207.0
7253,11,"{'mechanical': 10, 'ebike': 1}",0,1,0,1790688223.0
7256,2,"{'mechanical': 1, 'ebike': 1}",1,8,1,1790688263.0
7257,6,"{'mechanical': 5, 'ebike': 1}",4,9,0,1790688284.0
7258,11,"{'mechanical': 11, 'ebike': 0}",0,3,1,1790688299.0
7259,6,"{'mechanical': 6, 'ebike': 0}",0,13,0,1790688270.0
7260,6,"{'mechanical': 5, 'ebike': 1}",2,7,0,1790688209.0
7261,26,"{'mechanical': 25, 'ebike': 1}",0,0,0,1790688265.0
7262,1,"{'mechanical': 1, 'ebike': 0}",0,15,0,1790688285.0
7264,3,"{'mechanical': 0, 'ebike': 3}",2,15,0,1790688205.0
7265,2,"{'mechanical': 1, 'ebike': 1}",0,8,2,1790688232.0
7266,1,"{'mechanical': 1, 'ebike': 0}",0,11,0,1790688296.0
7267,0,"{'mechanical': 0, 'ebike': 0}",2,13,0,1790688256.0
7268,1,"{'mechanical': 1, 'ebike': 0}",2,13,0,1790688220.0
7269,18,"{'mechanical': 14, 'ebike': 4}",1,1,0,1790688321.0
7270,0,"{'mechanical': 0, 'ebike': 0}",1,19,0,1790688237.0
7271,0,"{'mechanical': 0, 'ebike': 0}",3,14,1,1790688233.0
7272,0,"{'mechanical': 0, 'ebike': 0}",2,25,0,1790688313.0
7273,1,"{'mechanical': 1, 'ebike': 0}",3,16,0,1790688312.0
7276,0,"{'mechanical': 0, 'ebike': 0}",2,9,0,1790688315.0
7277,0,"{'mechanical': 0, 'ebike': 0}",2,18,0,1790688231.0
7278,11,"{'mechanical': 11, 'ebike': 0}",0,4,0,1790688276.0
7279,2,"{'mechanical': 1, 'ebike': 1}",2,12,0,1790688280.0
7281,0,"{'mechanical': 0, 'ebike': 0}",0,24,0,1790688212.0
7282,9,"{'mechanical': 6, 'ebike': 3}",0,14,0,1790688258.0
7283,18,"{'mechanical': 8, 'ebike': 10}",0,1,0,1790688314.0
7284,24,"{'mechanical': 21, 'ebike': 3}",0,0,0,1790688278.0
7285,1,"{'mechanical': 0, 'ebike': 1}",1,34,0,1790688243.0
7286,2,"{'mechanical': 2, 'ebike': 0}",0,16,0,1790688288.0
7287,8,"{'mechanical': 8, 'ebike': 0}",0,8,0,1790688218.0
7288,20,"{'mechanical': 20, 'ebike': 0}",1,9,1,1790688277.0
7289,9,"{'mechanical': 7, 'ebike': 2}",4,10,0,1790688317.0
7291,11,"{'mechanical': 10, 'ebike': 1}",1,3,0,1790688209.0
7292,0,"{'mechanical': 0, 'ebike': 0}",0,24,0,1790688252.0
7296,3,"{'mechanical': 1, 'ebike': 2}",0,16,0,1790688293.0
7297,0,"{'mechanical': 0, 'ebike': 0}",0,19,0,1790688253.0
7298,0,"{'mechanical': 0, 'ebike': 0}",1,24,0,1790688261.0
7299,0,"{'mechanical': 0, 'ebike': 0}",0,15,0,1790688282.0
7301,2,"{'mechanical': 2, 'ebike': 0}",0,13,0,1790688256.0
7302,0,"{'mechanical': 0, 'ebike': 0}",0,11,0,1790688300.0
7303,26,"{'mechanical': 26, 'ebike': 0}",0,17,0,1790688321.0
7309,9,"{'mechanical': 9, 'ebike': 0}",0,14,0,1790688277.0
7311,1,"{'mechanical': 1, 'ebike': 0}",0,18,0,1790688304.0
7312,0,"{'mechanical': 0, 'ebike': 0}",0,11,0,1790688229.0
7313,16,"{'mechanical': 16, 'ebike': 0}",0,13,0,1790688218.0
7314,0,"{'mechanical': 0, 'ebike': 0}",0,15,0,1790688300.0
7315,11,"{'mechanical': 9, 'ebike': 2}",0,0,0,1790688241.0
7316,13,"{'mechanical': 12, 'ebike': 1}",0,2,0,1790688279.0
7317,37,"{'mechanical': 37, 'ebike': 0}",0,2,0,1790688254.0
7318,21,"{'mechanical': 21, 'ebike': 0}",0,6,0,1790688216.0
7319,9,"{'mechanical': 9, 'ebike': 0}",0,2,0,1790688210.0
7320,18,"{'mechanical': 18, 'ebike': 0}",1,0,0,1790688264.0
7321,17,"{'mechanical': 15, 'ebike': 2}",1,1,0,1790688307.0
7322,0,"{'mechanical': 0, 'ebike': 0}",0,19,0,1790688275.0
7323,18,"{'mechanical': 16, 'ebike': 2}",0,1,0,1790688244.0
7324,7,"{'mechanical': 6, 'ebike': 1}",1,15,0,1790688323.0
7326,0,"{'mechanical': 0, 'ebike': 0}",0,18,1,1790688277.0
7329,0,"{'mechanical': 0, 'ebike': 0}",2,16,1,1790688251.0
7331,1,"{'mechanical': 1, 'ebike': 0}",0,18,0,1790688239.0
7332,1,"{'mechanical': 0, 'ebike': 1}",0,22,0,1790688265.0
7333,16,"{'mechanical': 14, 'ebike': 2}",1,1,1,1790688288.0
7334,15,"{'mechanical': 13, 'ebike': 2}",0,0,0,1790688312.0
7335,0,"{'mechanical': 0, 'ebike': 0}",1,17,1,1790688237.0
7336,8,"{'mechanical': 8, 'ebike': 0}",0,11,0,1790688232.0
7337,18,"{'mechanical': 17, 'ebike': 1}",0,5,0,1790688206.0
7338,2,"{'mechanical': 2, 'ebike': 0}",0,17,0,1790688295.0
7339,0,"{'mechanical': 0, 'ebike': 0}",0,15,0,1790688248.0
7340,4,"{'mechanical': 4, 'ebike': 0}",0,11,0,1790688245.0
7341,10,"{'mechanical': 10, 'ebike': 0}",0,4,0,1790688225.0
7342,9,"{'mechanical': 9, 'ebike': 0}",0,1,0,1790688309.0
7343,32,"{'mechanical': 32, 'ebike': 0}",0,8,1,1790688267.0
7344,26,"{'mechanical': 26, 'ebike': 0}",1,21,1,1790688266.0
7345,23,"{'mechanical': 23, 'ebike': 0}",0,8,0,1790688254.0
7346,5,"{'mechanical': 5, 'ebike': 0}",0,18,0,1790688250.0
7347,0,"{'mechanical': 0, 'ebike': 0}",0,15,0,1790688277.0
7348,0,"{'mechanical': 0, 'ebike': 0}",0,19,0,1790688231.0
7349,0,"{'mechanical': 0, 'ebike': 0}",0,22,1,1790688255.0
7350,6,"{'mechanical': 6, 'ebike': 0}",0,17,0,1790688270.0
7351,1,"{'mechanical': 1, 'ebike': 0}",0,18,0,1790688304.0
7352,0,"{'mechanical': 0, 'ebike': 0}",0,19,0,1790688266.0
7353,0,"{'mechanical': 0, 'ebike': 0}",0,19,0,1790688255.0
7354,19,"{'mechanical': 18, 'ebike': 1}",0,12,0,1790688242.0
7355,0,"{'mechanical': 0, 'ebike': 0}",1,10,0,1790688319.0
7356,30,"{'mechanical': 30, 'ebike': 0}",1,0,0,1790688288.0
7357,18,"{'mechanical': 18, 'ebike': 0}",1,0,0,1790688233.0
7358,14,"{'mechanical': 12, 'ebike': 2}",3,0,0,1790688299.0
7359,1,"{'mechanical': 0, 'ebike': 1}",2,20,0,1790688200.0
7360,0,"{'mechanical': 0, 'ebike': 0}",0,17,0,1790688219.0
7361,1,"{'mechanical': 0, 'ebike': 1}",0,18,0,1790688261.0
7362,0,"{'mechanical': 0, 'ebike': 0}",3,16,0,1790688313.0
7363,0,"{'mechanical': 0, 'ebike': 0}",3,12,0,1790688246.0
7364,35,"{'mechanical': 35, 'ebike': 0}",0,0,0,1790688228.0
7365,44,"{'mechanical': 44, 'ebike': 0}",0,17,0,1790688210.0
7366,1,"{'mechanical': 1, 'ebike': 0}",0,19,0,1790688295.0
7367,0,"{'mechanical': 0, 'ebike': 0}",2,14,0,1790688258.0
7368,0,"{'mechanical': 0, 'ebike': 0}",2,6,0,1790688261.0
7371,7,"{'mechanical': 6, 'ebike': 1}",1,12,0,1790688304.0
7373,7,"{'mechanical': 5, 'ebike': 2}",1,7,0,1790688295.0
7374,17,"{'mechanical': 17, 'ebike': 0}",0,2,0,1790688235.0
7375,9,"{'mechanical': 9, 'ebike': 0}",1,1,0,1790688262.0
7376,0,"{'mechanical': 0, 'ebike': 0}",4,15,0,1790688273.0
7377,1,"{'mechanical': 0, 'ebike': 1}",4,30,1,1790688251.0
7378,0,"{'mechanical': 0, 'ebike': 0}",1,14,0,1790688320.0
7379,0,"{'mechanical': 0, 'ebike': 0}",2,13,0,1790688324.0
7380,2,"{'mechanical': 2, 'ebike': 0}",0,14,0,1790688232.0
7381,15,"{'mechanical': 1, 'ebike': 14}",1,19,0,1790688231.0
7382,25,"{'mechanical': 23, 'ebike': 2}",2,0,0,1790688297.0
7383,15,"{'mechanical': 15, 'ebike': 0}",0,0,0,1790688245.0
7384,1,"{'mechanical': 0, 'ebike': 1}",2,6,0,1790688205.0
7385,1,"{'mechanical': 0, 'ebike': 1}",19,13,0,1790688316.0
7386,1,"{'mechanical': 1, 'ebike': 0}",2,13,0,1790688268.0
7387,0,"{'mechanical': 0, 'ebike': 0}",0,12,0,1790688253.0
7388,3,"{'mechanical': 3, 'ebike': 0}",0,11,1,1790688322.0
7389,0,"{'mechanical': 0, 'ebike': 0}",6,19,0,1790688232.0
7391,9,"{'mechanical': 9, 'ebike': 0}",0,22,0,1790688320.0
7395,1,"{'mechanical': 1, 'ebike': 0}",0,22,0,1790688282.0
7398,15,"{'mechanical': 11, 'ebike': 4}",2,2,0,1790688297.0
7399,18,"{'mechanical': 18, 'ebike': 0}",0,1,0,1790688247.0
7400,20,"{'mechanical': 20, 'ebike': 0}",0,3,0,1790688273.0
7403,6,"{'mechanical': 1, 'ebike': 5}",1,12,0,1790688311.0
7404,0,"{'mechanical': 0, 'ebike': 0}",2,16,1,1790688309.0
7407,19,"{'mechanical': 18, 'ebike': 1}",4,0,0,1790688273.0
7409,2,"{'mechanical': 2, 'ebike': 0}",0,25,0,1790688209.0
7410,0,"{'mechanical': 0, 'ebike': 0}",1,18,0,1790688259.0
7411,0,"{'mechanical': 0, 'ebike': 0}",1,22,0,1790688257.0
7412,0,"{'mechanical': 0, 'ebike': 0}",0,23,0,1790688211.0
7414,0,"{'mechanical': 0, 'ebike': 0}",0,15,0,1790688200.0
7415,2,"{'mechanical': 2, 'ebike': 0}",1,20,0,1790688279.0
7416,1,"{'mechanical': 1, 'ebike': 0}",0,30,0,1790688235.0
7417,7,"{'mechanical': 7, 'ebike': 0}",4,0,0,1790688213.0
7418,0,"{'mechanical': 0, 'ebike': 0}",0,25,0,1790688280.0
7419,1,"{'mechanical': 1, 'ebike': 0}",2,24,0,1790688209.0
7420,0,"{'mechanical': 0, 'ebike': 0}",0,28,0,1790688267.0
7422,1,"{'mechanical': 1, 'ebike': 0}",1,14,0,1790688219.0
7425,20,"{'mechanical': 19, 'ebike': 1}",0,3,0,1790688280.0
7427,41,"{'mechanical': 41, 'ebike': 0}",0,0,0,1790688258.0
7428,41,"{'mechanical': 41, 'ebike': 0}",0,2,0,1790688207.0
7429,1,"{'mechanical': 1, 'ebike': 0}",0,14,0,1790688282.0
7430,12,"{'mechanical': 12, 'ebike': 0}",0,15,0,1790688220.0
7431,22,"{'mechanical': 22, 'ebike': 0}",0,3,0,1790688304.0
7432,30,"{'mechanical': 28, 'ebike': 2}",1,16,0,1790688220.0
7433,1,"{'mechanical': 1, 'ebike': 0}",0,15,0,1790688320.0
7434,21,"{'mechanical': 1, 'ebike': 20}",3,15,0,1790688263.0
7435,0,"{'mechanical': 0, 'ebike': 0}",3,8,0,1790688239.0
7437,1,"{'mechanical': 1, 'ebike': 0}",0,14,0,1790688206.0
7438,0,"{'mechanical': 0, 'ebike': 0}",3,16,0,1790688322.0
7441,3,"{'mechanical': 3, 'ebike': 0}",2,18,0,1790688309.0
7442,0,"{'mechanical': 0, 'ebike': 0}",1,14,0,1790688301.0
7444,0,"{'mechanical': 0, 'ebike': 0}",0,19,0,1790688115.0
7445,12,"{'mechanical': 12, 'ebike': 0}",0,7,0,1790688311.0
7446,14,"{'mechanical': 14, 'ebike': 0}",1,10,0,1790688323.0
7447,0,"{'mechanical': 0, 'ebike': 0}",0,23,0,1790688211.0
7448,2,"{'mechanical': 2, 'ebike': 0}",0,16,1,1790688311.0
7449,0,"{'mechanical': 0, 'ebike': 0}",0,15,0,1790688250.0
7450,0,"{'mechanical': 0, 'ebike': 0}",0,15,0,1790688290.0
7451,0,"{'mechanical': 0, 'ebike': 0}",0,31,0,1790688311.0
7452,0,"{'mechanical': 0, 'ebike': 0}",3,18,1,1790688253.0
7453,0,"{'mechanical': 0, 'ebike': 0}",1,15,1,1790688286.0
7454,1,"{'mechanical': 1, 'ebike': 0}",5,9,0,1790688222.0
7455,0,"{'mechanical': 0, 'ebike': 0}",1,26,0,1790688298.0
7457,16,"{'mechanical': 13, 'ebike': 3}",5,1,1,1790688232.0
7458,14,"{'mechanical': 14, 'ebike': 0}",3,0,0,1790688292.0
7459,0,"{'mechanical': 0, 'ebike': 0}",0,11,0,1790688202.0
7460,0,"{'mechanical': 0, 'ebike': 0}",1,24,2,1790688292.0
7461,0,"{'mechanical': 0, 'ebike': 0}",2,21,0,1790688316.0
7462,15,"{'mechanical': 14, 'ebike': 1}",2,0,0,1790688262.0
7465,3,"{'mechanical': 2, 'ebike': 1}",3,13,0,1790688325.0
7466,4,"{'mechanical': 2, 'ebike': 2}",3,12,0,1790688263.0
7467,15,"{'mechanical': 15, 'ebike': 0}",0,0,0,1790688283.0
7468,24,"{'mechanical': 23, 'ebike': 1}",3,0,0,1790688206.0
7469,23,"{'mechanical': 21, 'ebike': 2}",0,0,0,1790688233.0
7471,11,"{'mechanical': 11, 'ebike': 0}",1,4,0,1790688264.0
7473,1,"{'mechanical': 1, 'ebike': 0}",0,14,0,1790688301.0
7474,14,"{'mechanical': 14, 'ebike': 0}",1,8,0,1790688237.0
7475,3,"{'mechanical': 3, 'ebike': 0}",5,11,0,1790688227.0
7476,0,"{'mechanical': 0, 'ebike': 0}",1,14,0,1790688233.0
7477,3,"{'mechanical': 2, 'ebike': 1}",1,16,0,1790688299.0
7478,15,"{'mechanical': 15, 'ebike': 0}",2,2,0,1790688226.0
7480,4,"{'mechanical': 2, 'ebike': 2}",2,9,0,1790688283.0
7483,1,"{'mechanical': 1, 'ebike': 0}",0,11,0,1790688278.0
7484,6,"{'mechanical': 4, 'ebike': 2}",1,9,0,1790688201.0
7485,4,"{'mechanical': 3, 'ebike': 1}",2,9,0,1790688313.0
7486,0,"{'mechanical': 0, 'ebike': 0}",0,22,0,1790688299.0
7487,10,"{'mechanical': 10, 'ebike': 0}",0,5,0,1790688244.0
7488,1,"{'mechanical': 0, 'ebike': 1}",2,8,0,1790688246.0
7489,1,"{'mechanical': 0, 'ebike': 1}",0,18,0,1790688266.0
7492,7,"{'mechanical': 7, 'ebike': 0}",0,8,0,1790688232.0
7493,4,"{'mechanical': 4, 'ebike': 0}",0,8,0,1790688270.0
7494,0,"{'mechanical': 0, 'ebike': 0}",5,7,0,1790688303.0
7496,5,"{'mechanical': 3, 'ebike': 2}",3,12,0,1790688315.0
7497,8,"{'mechanical': 6, 'ebike': 2}",0,12,0,1790688235.0
7501,2,"{'mechanical': 1, 'ebike': 1}",0,18,0,1790688320.0
7502,17,"{'mechanical': 6, 'ebike': 11}",3,0,0,1790688322.0
7503,2,"{'mechanical': 0, 'ebike': 2}",0,18,0,1790688230.0
7504,0,"{'mechanical': 0, 'ebike': 0}",0,16,0,1790688258.0
7505,5,"{'mechanical': 3, 'ebike': 2}",0,15,0,1790688233.0
7506,8,"{'mechanical': 7, 'ebike': 1}",0,4,0,1790688224.0
7508,1,"{'mechanical': 1, 'ebike': 0}",2,17,0,1790688260.0
7514,50,"{'mechanical': 50, 'ebike': 0}",8,5,0,1790688205.0
7515,21,"{'mechanical': 17, 'ebike': 4}",2,4,0,1790688232.0
7516,6,"{'mechanical': 6, 'ebike': 0}",3,8,0,1790688273.0
7517,22,"{'mechanical': 22, 'ebike': 0}",0,1,0,1790688223.0
7518,16,"{'mechanical': 15, 'ebike': 1}",0,11,0,1790688208.0
7520,1,"{'mechanical': 1, 'ebike': 0}",1,13,0,1790688317.0
7521,2,"{'mechanical': 2, 'ebike': 0}",1,20,0,1790688272.0
7522,2,"{'mechanical': 0, 'ebike': 2}",0,15,0,1790688208.0
7523,2,"{'mechanical': 2, 'ebike': 0}",0,13,0,1790688266.0
7524,0,"{'mechanical': 0, 'ebike': 0}",0,35,0,1790688294.0
7526,0,"{'mechanical': 0, 'ebike': 0}",0,23,0,1790688310.0
7527,4,"{'mechanical': 4, 'ebike': 0}",0,15,0,1790688209.0
7528,0,"{'mechanical': 0, 'ebike': 0}",0,17,0,1790688256.0
7529,0,"{'mechanical': 0, 'ebike': 0}",0,15,0,1790688326.0
7530,3,"{'mechanical': 3, 'ebike': 0}",2,17,0,1790688273.0
7531,1,"{'mechanical': 0, 'ebike': 1}",2,17,0,1790688250.0
7533,2,"{'mechanical': 2, 'ebike': 0}",0,25,0,1790688245.0
7534,1,"{'mechanical': 1, 'ebike': 0}",0,14,0,1790688203.0
7536,0,"{'mechanical': 0, 'ebike': 0}",0,23,0,1790688211.0
7537,0,"{'mechanical': 0, 'ebike': 0}",0,16,0,1790688301.0
7538,0,"{'mechanical': 0, 'ebike': 0}",1,18,0,1790688299.0
7539,0,"{'mechanical': 0, 'ebike': 0}",1,17,1,1790688233.0
7540,3,"{'mechanical': 0, 'ebike': 3}",1,14,1,1790688296.0
7541,0,"{'mechanical': 0, 'ebike': 0}",1,19,0,1790688203.0
7542,10,"{'mechanical': 8, 'ebike': 2}",0,13,0,1790688208.0
7543,1,"{'mechanical': 0, 'ebike': 1}",1,13,0,1790688240.0
7545,5,"{'mechanical': 3, 'ebike': 2}",0,10,0,1790688249.0
7546,0,"{'mechanical': 0, 'ebike': 0}",2,16,0,1790688239.0
7547,12,"{'mechanical': 10, 'ebike': 2}",3,0,0,1790688256.0
7548,0,"{'mechanical': 0, 'ebike': 0}",7,13,0,1790688280.0
7549,0,"{'mechanical': 0, 'ebike': 0}",2,45,0,1790688314.0
7551,2,"{'mechanical': 2, 'ebike': 0}",0,13,0,1790688270.0
7552,4,"{'mechanical': 4, 'ebike': 0}",0,13,2,1790688254.0
7553,6,"{'mechanical': 5, 'ebike': 1}",1,12,0,1790688305.0
7554,11,"{'mechanical': 11, 'ebike': 0}",0,16,0,1790688304.0
7555,1,"{'mechanical': 1, 'ebike': 0}",1,18,0,1790688254.0
7556,14,"{'mechanical': 12, 'ebike': 2}",5,12,0,1790688239.0
7557,21,"{'mechanical': 20, 'ebike': 1}",0,2,0,1790688229.0
7558,16,"{'mechanical': 16, 'ebike': 0}",2,1,0,1790688260.0
7559,8,"{'mechanical': 8, 'ebike': 0}",0,7,0,1790688304.0
7561,0,"{'mechanical': 0, 'ebike': 0}",1,14,0,1790688279.0
7562,1,"{'mechanical': 0, 'ebike': 1}",0,22,0,1790688320.0
7563,8,"{'mechanical': 7, 'ebike': 1}",0,11,0,1790688257.0
7564,5,"{'mechanical': 4, 'ebike': 1}",1,17,0,1790688284.0
7565,0,"{'mechanical': 0, 'ebike': 0}",1,22,0,1790688241.0
7566,1,"{'mechanical': 0, 'ebike': 1}",1,17,0,1790688287.0
7567,6,"{'mechanical': 6, 'ebike': 0}",0,21,0,1790688227.0
7568,14,"{'mechanical': 14, 'ebike': 0}",2,10,1,1790688293.0
7569,4,"{'mechanical': 3, 'ebike': 1}",2,80,1,1790688290.0
7570,7,"{'mechanical': 6, 'ebike': 1}",7,3,0,1790688252.0
7571,12,"{'mechanical': 12, 'ebike': 0}",1,6,0,1790688315.0
7572,0,"{'mechanical': 0, 'ebike': 0}",1,14,0,1790688259.0
7575,1,"{'mechanical': 0, 'ebike': 1}",0,14,0,1790688234.0
7576,13,"{'mechanical': 13, 'ebike': 0}",0,10,0,1790688309.0
7577,0,"{'mechanical': 0, 'ebike': 0}",3,24,0,1790688234.0
7578,0,"{'mechanical': 0, 'ebike': 0}",1,14,0,1790688285.0
7579,1,"{'mechanical': 0, 'ebike': 1}",1,17,0,1790688269.0
7580,0,"{'mechanical': 0, 'ebike': 0}",1,14,0,1790688239.0
7581,0,"{'mechanical': 0, 'ebike': 0}",1,14,0,1790688306.0
7582,1,"{'mechanical': 0, 'ebike': 1}",0,15,0,1790688242.0
7583,3,"{'mechanical': 2, 'ebike': 1}",2,18,0,1790688246.0
7584,5,"{'mechanical': 5, 'ebike': 0}",0,22,0,1790688322.0
7587,4,"{'mechanical': 4, 'ebike': 0}",0,14,1,1790688310.0
7588,2,"{'mechanical': 2, 'ebike': 0}",2,15,0,1790688220.0
7589,5,"{'mechanical': 4, 'ebike': 1}",3,7,0,1790688228.0
7590,2,"{'mechanical': 2, 'ebike': 0}",0,21,0,1790688254.0
7591,0,"{'mechanical': 0, 'ebike': 0}",0,23,0,1790688320.0
7593,1,"{'mechanical': 0, 'ebike': 1}",1,25,0,1790688214.0
7594,2,"{'mechanical': 1, 'ebike': 1}",1,12,0,1790688247.0
7595,0,"{'mechanical': 0, 'ebike': 0}",1,14,0,1790688282.0
7596,0,"{'mechanical': 0, 'ebike': 0}",1,31,0,1790688318.0
7597,0,"{'mechanical': 0, 'ebike': 0}",0,15,0,1790688265.0
7598,0,"{'mechanical': 0, 'ebike': 0}",0,15,0,1790688253.0
7599,14,"{'mechanical': 9, 'ebike': 5}",3,0,0,1790688267.0
7600,18,"{'mechanical': 16, 'ebike': 2}",2,0,0,1790688222.0
7601,4,"{'mechanical': 4, 'ebike': 0}",2,17,2,1790688320.0
7602,0,"{'mechanical': 0, 'ebike': 0}",0,19,0,1790688200.0
7603,7,"{'mechanical': 7, 'ebike': 0}",0,7,0,1790688224.0
7604,1,"{'mechanical': 1, 'ebike': 0}",0,18,0,1790688310.0
7605,0,"{'mechanical': 0, 'ebike': 0}",0,20,0,1790688236.0
7606,2,"{'mechanical': 1, 'ebike': 1}",2,15,0,1790688295.0
7607,6,"{'mechanical': 6, 'ebike': 0}",0,12,1,1790688210.0
7608,1,"{'mechanical': 0, 'ebike': 1}",0,26,0,1790688288.0
7609,0,"{'mechanical': 0, 'ebike': 0}",0,27,0,1790688318.0
7610,0,"{'mechanical': 0, 'ebike': 0}",0,15,0,1790688226.0
7611,0,"{'mechanical': 0, 'ebike': 0}",0,19,0,1790688226.0
7612,2,"{'mechanical': 1, 'ebike': 1}",0,17,0,1790688209.0
7613,2,"{'mechanical': 2, 'ebike': 0}",0,15,2,1790688233.0
7614,1,"{'mechanical': 0, 'ebike': 1}",1,21,0,1790688271.0
7615,10,"{'mechanical': 10, 'ebike': 0}",1,8,0,1790688236.0
7616,3,"{'mechanical': 3, 'ebike': 0}",1,15,0,1790688309.0
7617,1,"{'mechanical': 1, 'ebike': 0}",0,17,1,1790688204.0
7618,0,"{'mechanical': 0, 'ebike': 0}",0,11,0,1790688221.0
7619,0,"{'mechanical': 0, 'ebike': 0}",2,13,0,1790688269.0
7620,3,"{'mechanical': 0, 'ebike': 3}",2,26,0,1790688298.0
7622,19,"{'mechanical': 18, 'ebike': 1}",0,4,0,1790688287.0
7623,1,"{'mechanical': 1, 'ebike': 0}",1,17,0,1790688304.0
7624,0,"{'mechanical': 0, 'ebike': 0}",0,11,0,1790688236.0
7625,1,"{'mechanical': 1, 'ebike': 0}",2,20,0,1790688308.0
7626,1,"{'mechanical': 1, 'ebike': 0}",2,22,0,1790688291.0
7627,1,"{'mechanical': 1, 'ebike': 0}",1,13,0,1790688242.0
7629,9,"{'mechanical': 8, 'ebike': 1}",0,6,0,1790688256.0
7630,9,"{'mechanical': 8, 'ebike': 1}",2,12,0,1790688293.0
7631,13,"{'mechanical': 12, 'ebike': 1}",0,2,0,1790688245.0
7632,0,"{'mechanical': 0, 'ebike': 0}",0,17,0,1790688243.0
7633,8,"{'mechanical': 8, 'ebike': 0}",2,5,0,1790688228.0
7635,3,"{'mechanical': 3, 'ebike': 0}",1,11,0,1790688321.0
7636,12,"{'mechanical': 9, 'ebike': 3}",1,10,0,1790688305.0
7637,5,"{'mechanical': 4, 'ebike': 1}",2,12,0,1790688237.0
7639,11,"{'mechanical': 11, 'ebike': 0}",0,5,0,1790688324.0
7640,0,"{'mechanical': 0, 'ebike': 0}",2,11,2,1790688277.0
7641,0,"{'mechanical': 0, 'ebike': 0}",1,14,0,1790688244.0
7642,11,"{'mechanical': 9, 'ebike': 2}",1,7,0,1790688320.0
7643,2,"{'mechanical': 2, 'ebike': 0}",1,16,0,1790688236.0
7644,1,"{'mechanical': 0, 'ebike': 1}",0,14,0,1790688309.0
7645,0,"{'mechanical': 0, 'ebike': 0}",0,16,0,1790688278.0
7646,15,"{'mechanical': 12, 'ebike': 3}",0,0,0,1790688209.0
7650,0,"{'mechanical': 0, 'ebike': 0}",1,21,1,1790688322.0
7653,4,"{'mechanical': 3, 'ebike': 1}",3,8,0,1790688288.0
7654,0,"{'mechanical': 0, 'ebike': 0}",1,6,0,1790688281.0
7655,0,"{'mechanical': 0, 'ebike': 0}",0,15,0,1790688238.0
7656,4,"{'mechanical': 1, 'ebike': 3}",1,6,0,1790688278.0
7657,19,"{'mechanical': 19, 'ebike': 0}",0,1,0,1790688289.0
7658,27,"{'mechanical': 22, 'ebike': 5}",0,0,0,1790688236.0
7659,0,"{'mechanical': 0, 'ebike': 0}",0,19,0,1790688204.0
7660,4,"{'mechanical': 2, 'ebike': 2}",2,33,0,1790688265.0
7662,14,"{'mechanical': 14, 'ebike': 0}",0,5,0,1790688218.0
7663,10,"{'mechanical': 8, 'ebike': 2}",3,4,0,1790688223.0
7664,14,"{'mechanical': 10, 'ebike': 4}",1,0,0,1790688250.0
7665,11,"{'mechanical': 9, 'ebike': 2}",0,0,0,1790688268.0
7666,0,"{'mechanical': 0, 'ebike': 0}",1,23,2,1790688240.0
7667,0,"{'mechanical': 0, 'ebike': 0}",2,13,0,1790688279.0
7668,13,"{'mechanical': 8, 'ebike': 5}",4,3,0,1790688206.0
7671,1,"{'mechanical': 0, 'ebike': 1}",1,10,0,1790688201.0
7675,0,"{'mechanical': 0, 'ebike': 0}",1,13,1,1790688306.0
7676,3,"{'mechanical': 0, 'ebike': 3}",0,13,0,1790688315.0
7677,1,"{'mechanical': 0, 'ebike': 1}",2,12,0,1790688251.0
7678,4,"{'mechanical': 4, 'ebike': 0}",1,11,0,1790688203.0
7679,5,"{'mechanical': 5, 'ebike': 0}",0,10,0,1790688277.0
7681,9,"{'mechanical': 7, 'ebike': 2}",0,15,0,1790688206.0
7682,1,"{'mechanical': 1, 'ebike': 0}",0,34,0,1790688297.0
7684,23,"{'mechanical': 23, 'ebike': 0}",0,0,0,1790688288.0
7685,9,"{'mechanical': 9, 'ebike': 0}",0,14,0,1790688314.0
7686,15,"{'mechanical': 15, 'ebike': 0}",0,0,0,1790688307.0
7687,1,"{'mechanical': 0, 'ebike': 1}",0,11,0,1790688282.0
7688,5,"{'mechanical': 5, 'ebike': 0}",0,10,0,1790688224.0
7691,0,"{'mechanical': 0, 'ebike': 0}",3,14,2,1790688276.0
7692,12,"{'mechanical': 1, 'ebike': 11}",2,12,0,1790688225.0
7693,0,"{'mechanical': 0, 'ebike': 0}",1,22,0,1790688258.0
7694,0,"{'mechanical': 0, 'ebike': 0}",0,19,0,1790688283.0
7695,15,"{'mechanical': 13, 'ebike': 2}",1,3,0,1790688299.0
7696,9,"{'mechanical': 9, 'ebike': 0}",0,10,0,1790688294.0
7698,1,"{'mechanical': 1, 'ebike': 0}",0,13,0,1790688226.0
7699,1,"{'mechanical': 0, 'ebike': 1}",2,12,0,1790688284.0
7700,0,"{'mechanical': 0, 'ebike': 0}",1,14,0,1790688207.0
7701,6,"{'mechanical': 6, 'ebike': 0}",2,11,0,1790688310.0
7702,13,"{'mechanical': 13, 'ebike': 0}",1,4,0,1790688240.0
7704,0,"{'mechanical': 0, 'ebike': 0}",0,19,0,1790688229.0
7705,11,"{'mechanical': 10, 'ebike': 1}",0,8,0,1790688323.0
7706,5,"{'mechanical': 2, 'ebike': 3}",0,22,0,1790688258.0
7707,1,"{'mechanical': 1, 'ebike': 0}",1,17,0,1790688274.0
7708,15,"{'mechanical': 0, 'ebike': 15}",8,5,0,1790688292.0
7709,0,"{'mechanical': 0, 'ebike': 0}",1,22,0,1790688313.0
7710,2,"{'mechanical': 2, 'ebike': 0}",5,11,0,1790688223.0
7711,0,"{'mechanical': 0, 'ebike': 0}",1,14,0,1790688282.0
7712,5,"{'mechanical': 5, 'ebike': 0}",0,18,0,1790688270.0
7713,18,"{'mechanical': 15, 'ebike': 3}",1,0,0,1790688251.0
7715,0,"{'mechanical': 0, 'ebike': 0}",0,11,0,1790688286.0
7716,18,"{'mechanical': 18, 'ebike': 0}",0,1,0,1790688326.0
7717,0,"{'mechanical': 0, 'ebike': 0}",0,11,0,1790688235.0
7718,0,"{'mechanical': 0, 'ebike': 0}",0,11,0,1790688256.0
7720,1,"{'mechanical': 1, 'ebike': 0}",1,29,0,1790688293.0
7721,4,"{'mechanical': 3, 'ebike': 1}",0,7,0,1790688275.0
7725,1,"{'mechanical': 1, 'ebike': 0}",1,13,0,1790688308.0
7728,3,"{'mechanical': 3, 'ebike': 0}",1,15,0,1790688252.0
7729,28,"{'mechanical': 4, 'ebike': 24}",7,10,0,1790688292.0
7730,5,"{'mechanical': 5, 'ebike': 0}",8,30,0,1790688287.0
7731,0,"{'mechanical': 0, 'ebike': 0}",0,15,0,1790688294.0
7732,6,"{'mechanical': 6, 'ebike': 0}",0,9,0,1790688282.0
7733,6,"{'mechanical': 6, 'ebike': 0}",0,9,0,1790688218.0
7734,1,"{'mechanical': 1, 'ebike': 0}",0,14,0,1790688278.0
7735,2,"{'mechanical': 2, 'ebike': 0}",1,12,0,1790688299.0
7736,2,"{'mechanical': 2, 'ebike': 0}",0,13,0,1790688234.0
7737,3,"{'mechanical': 2, 'ebike': 1}",0,12,0,1790688280.0
7738,1,"{'mechanical': 0, 'ebike': 1}",1,13,0,1790688258.0
7739,0,"{'mechanical': 0, 'ebike': 0}",1,14,0,1790688216.0
7740,4,"{'mechanical': 3, 'ebike': 1}",0,11,0,1790688319.0
7741,0,"{'mechanical': 0, 'ebike': 0}",1,14,0,1790688206.0
7742,2,"{'mechanical': 1, 'ebike': 1}",0,17,0,1790688210.0
7743,8,"{'mechanical': 1, 'ebike': 7}",1,10,0,1790688315.0
7744,0,"{'mechanical': 0, 'ebike': 0}",0,23,0,1790688204.0
7745,10,"{'mechanical': 9, 'ebike': 1}",0,5,0,1790688303.0
7746,1,"{'mechanical': 0, 'ebike': 1}",0,17,1,1790688267.0
7747,0,"{'mechanical': 0, 'ebike': 0}",0,15,0,1790688315.0
7748,7,"{'mechanical': 7, 'ebike': 0}",1,11,0,1790688238.0
7749,3,"{'mechanical': 2, 'ebike': 1}",0,12,0,1790688295.0
7750,0,"{'mechanical': 0, 'ebike': 0}",0,15,0,1790688309.0
7751,2,"{'mechanical': 1, 'ebike': 1}",1,12,0,1790688259.0
7752,21,"{'mechanical': 21, 'ebike': 0}",1,1,0,1790688263.0
7753,5,"{'mechanical': 5, 'ebike': 0}",0,10,0,1790688211.0
7754,0,"{'mechanical': 0, 'ebike': 0}",0,14,0,1790688247.0
7755,6,"{'mechanical': 6, 'ebike': 0}",0,9,0,1790688269.0
7756,5,"{'mechanical': 5, 'ebike': 0}",0,14,0,1790688313.0
7757,12,"{'mechanical': 12, 'ebike': 0}",4,3,0,1790688306.0
7758,6,"{'mechanical': 6, 'ebike': 0}",0,13,0,1790688239.0
7759,13,"{'mechanical': 13, 'ebike': 0}",0,2,0,1790688286.0
7760,1,"{'mechanical': 1, 'ebike': 0}",6,16,0,1790688325.0
7761,1,"{'mechanical': 1, 'ebike': 0}",0,14,0,1790688326.0
7762,13,"{'mechanical': 7, 'ebike': 6}",1,0,0,1790688301.0
7765,1,"{'mechanical': 0, 'ebike': 1}",1,13,0,1790688291.0
7766,0,"{'mechanical': 0, 'ebike': 0}",0,15,0,1790688318.0
7767,2,"{'mechanical': 2, 'ebike': 0}",0,9,0,1790688223.0
7768,11,"{'mechanical': 11, 'ebike': 0}",3,0,0,1790688218.0
7769,2,"{'mechanical': 1, 'ebike': 1}",1,12,0,1790688298.0
7770,7,"{'mechanical': 5, 'ebike': 2}",1,15,0,1790688255.0
7771,0,"{'mechanical': 0, 'ebike': 0}",1,10,0,1790688239.0
7772,13,"{'mechanical': 13, 'ebike': 0}",1,1,0,1790688307.0
7773,1,"{'mechanical': 1, 'ebike': 0}",0,12,1,1790688317.0
7774,0,"{'mechanical': 0, 'ebike': 0}",0,15,0,1790688284.0
7775,0,"{'mechanical': 0, 'ebike': 0}",0,11,0,1790688219.0
7776,0,"{'mechanical': 0, 'ebike': 0}",0,19,0,1790688250.0
7777,2,"{'mechanical': 2, 'ebike': 0}",1,11,1,1790688310.0
7778,5,"{'mechanical': 3, 'ebike': 2}",1,5,0,1790688286.0
7779,0,"{'mechanical': 0, 'ebike': 0}",0,15,0,1790688208.0
7780,1,"{'mechanical': 1, 'ebike': 0}",1,14,0,1790688290.0
7781,0,"{'mechanical': 0, 'ebike': 0}",0,15,0,1790688207.0
7782,7,"{'mechanical': 6, 'ebike': 1}",0,13,0,1790688246.0
7783,5,"{'mechanical': 5, 'ebike': 0}",0,15,0,1790688273.0
7784,8,"{'mechanical': 8, 'ebike': 0}",2,9,0,1790688305.0
7785,6,"{'mechanical': 6, 'ebike': 0}",1,9,0,1790688259.0
7787,23,"{'mechanical': 23, 'ebike': 0}",4,4,0,1790688264.0
7788,47,"{'mechanical': 47, 'ebike': 0}",1,1,0,1790688219.0
7789,16,"{'mechanical': 0, 'ebike': 16}",3,4,0,1790688257.0
7790,1,"{'mechanical': 1, 'ebike': 0}",0,16,0,1790688221.0
7791,10,"{'mechanical': 10, 'ebike': 0}",1,4,0,1790688303.0
7792,1,"{'mechanical': 1, 'ebike': 0}",0,14,0,1790688263.0
7796,0,"{'mechanical': 0, 'ebike': 0}",0,19,0,1790688319.0
7798,0,"{'mechanical': 0, 'ebike': 0}",0,15,0,1790688226.0
7799,0,"{'mechanical': 0, 'ebike': 0}",0,15,0,1790688250.0
7800,2,"{'mechanical': 2, 'ebike': 0}",1,16,0,1790688261.0
7801,2,"{'mechanical': 2, 'ebike': 0}",0,13,0,1790688254.0
7802,4,"{'mechanical': 4, 'ebike': 0}",0,8,0,1790688227.0
7803,2,"{'mechanical': 0, 'ebike': 2}",1,16,0,1790688283.0
7804,0,"{'mechanical': 0, 'ebike': 0}",1,12,0,1790688249.0
7805,7,"{'mechanical': 3, 'ebike': 4}",0,12,0,1790688297.0
7806,2,"{'mechanical': 1, 'ebike': 1}",1,12,0,1790688262.0
7807,1,"{'mechanical': 0, 'ebike': 1}",0,14,0,1790688241.0
7808,0,"{'mechanical': 0, 'ebike': 0}",0,15,0,1790688279.0
7809,1,"{'mechanical': 0, 'ebike': 1}",1,17,0,1790688288.0
7810,6,"{'mechanical': 3, 'ebike': 3}",3,6,0,1790688213.0
7811,15,"{'mechanical': 15, 'ebike': 0}",4,0,0,1790688249.0
7812,6,"{'mechanical': 6, 'ebike': 0}",0,13,0,1790688245.0
7813,0,"{'mechanical': 0, 'ebike': 0}",2,21,0,1790688235.0
7814,6,"{'mechanical': 6, 'ebike': 0}",0,9,0,1790688212.0
7815,0,"{'mechanical': 0, 'ebike': 0}",0,14,1,1790688258.0
7816,18,"{'mechanical': 18, 'ebike': 0}",2,35,0,1790688226.0
7817,0,"{'mechanical': 0, 'ebike': 0}",0,15,0,1790688283.0
7818,2,"{'mechanical': 0, 'ebike': 2}",1,16,0,1790688274.0
7819,0,"{'mechanical': 0, 'ebike': 0}",2,13,0,1790688270.0
7820,1,"{'mechanical': 1, 'ebike': 0}",0,14,0,1790688238.0
7821,0,"{'mechanical': 0, 'ebike': 0}",0,20,0,1790688263.0
7822,19,"{'mechanical': 17, 'ebike': 2}",0,0,0,1790688259.0
7823,0,"{'mechanical': 0, 'ebike': 0}",4,6,1,1790688291.0
7824,0,"{'mechanical': 0, 'ebike': 0}",1,18,0,1790688316.0
7825,2,"{'mechanical': 2, 'ebike': 0}",0,12,0,1790688224.0
7826,4,"{'mechanical': 4, 'ebike': 0}",1,10,0,1790688219.0
7827,0,"{'mechanical': 0, 'ebike': 0}",0,15,0,1790688222.0
7828,1,"{'mechanical': 0, 'ebike': 1}",0,10,0,1790688287.0
7830,2,"{'mechanical': 2, 'ebike': 0}",0,13,0,1790688314.0
7831,10,"{'mechanical': 10, 'ebike': 0}",0,9,0,1790688315.0
7832,4,"{'mechanical': 4, 'ebike': 0}",3,12,0,1790688261.0
7833,0,"{'mechanical': 0, 'ebike': 0}",0,15,0,1790688208.0
7834,0,"{'mechanical': 0, 'ebike': 0}",0,15,0,1790688282.0
7835,1,"{'mechanical': 1, 'ebike': 0}",1,17,0,1790688240.0
7836,2,"{'mechanical': 2, 'ebike': 0}",0,17,0,1790688223.0
7837,4,"{'mechanical': 4, 'ebike': 0}",0,15,0,1790688256.0
7838,18,"{'mechanical': 18, 'ebike': 0}",0,1,0,1790688323.0
7839,5,"{'mechanical': 5, 'ebike': 0}",2,4,0,1790688243.0
7840,4,"{'mechanical': 4, 'ebike': 0}",0,11,0,1790688307.0
7841,6,"{'mechanical': 5, 'ebike': 1}",2,7,0,1790688315.0
7842,6,"{'mechanical': 6, 'ebike': 0}",0,5,0,1790688268.0
7843,9,"{'mechanical': 8, 'ebike': 1}",2,4,0,1790688228.0
7844,12,"{'mechanical': 10, 'ebike': 2}",2,1,0,1790688284.0
7845,13,"{'mechanical': 13, 'ebike': 0}",0,2,0,1790688261.0
7846,1,"{'mechanical': 0, 'ebike': 1}",0,14,0,1790688291.0
7848,0,"{'mechanical': 0, 'ebike': 0}",1,22,0,1790688204.0
7849,0,"{'mechanical': 0, 'ebike': 0}",0,14,1,1790688265.0
7850,3,"{'mechanical': 3, 'ebike': 0}",1,11,1,1790688242.0
7851,1,"{'mechanical': 1, 'ebike': 0}",2,12,0,1790688285.0
7852,9,"{'mechanical': 9, 'ebike': 0}",0,14,0,1790688247.0
7853,13,"{'mechanical': 12, 'ebike': 1}",0,2,0,1790688288.0
7854,0,"{'mechanical': 0, 'ebike': 0}",0,19,0,1790688300.0
7855,0,"{'mechanical': 0, 'ebike': 0}",2,13,0,1790688211.0
7856,2,"{'mechanical': 2, 'ebike': 0}",0,13,0,1790688201.0
7857,3,"{'mechanical': 0, 'ebike': 3}",0,16,0,1790688257.0
7858,1,"{'mechanical': 1, 'ebike': 0}",0,22,0,1790688226.0
7859,4,"{'mechanical': 4, 'ebike': 0}",0,11,0,1790688309.0
7860,4,"{'mechanical': 4, 'ebike': 0}",1,10,0,1790688287.0
7861,3,"{'mechanical': 2, 'ebike': 1}",0,16,0,1790688285.0
7862,0,"{'mechanical': 0, 'ebike': 0}",0,15,0,1790688251.0
7863,0,"{'mechanical': 0, 'ebike': 0}",1,14,0,1790688322.0
7864,6,"{'mechanical': 3, 'ebike': 3}",2,7,0,1790688317.0
7865,34,"{'mechanical': 0, 'ebike': 34}",3,6,0,1790688309.0
7866,0,"{'mechanical': 0, 'ebike': 0}",2,21,0,1790688249.0
7867,0,"{'mechanical': 0, 'ebike': 0}",4,11,0,1790688229.0
7868,5,"{'mechanical': 5, 'ebike': 0}",0,14,0,1790688308.0
7869,6,"{'mechanical': 6, 'ebike': 0}",0,9,0,1790688209.0
7870,4,"{'mechanical': 3, 'ebike': 1}",0,11,0,1790688264.0
7871,2,"{'mechanical': 2, 'ebike': 0}",0,12,0,1790688276.0
7872,7,"{'mechanical': 6, 'ebike': 1}",0,8,0,1790688306.0
7874,3,"{'mechanical': 3, 'ebike': 0}",1,11,0,1790688249.0
7875,6,"{'mechanical': 6, 'ebike': 0}",0,9,0,1790688262.0
7877,7,"{'mechanical': 7, 'ebike': 0}",0,8,0,1790688231.0
7878,1,"{'mechanical': 1, 'ebike': 0}",0,14,0,1790688211.0
7880,9,"{'mechanical': 9, 'ebike': 0}",1,5,0,1790688279.0
7883,3,"{'mechanical': 2, 'ebike': 1}",0,8,0,1790688278.0
7884,2,"{'mechanical': 2, 'ebike': 0}",2,11,0,1790688314.0
7885,7,"{'mechanical': 6, 'ebike': 1}",2,2,0,1790688318.0
7887,11,"{'mechanical': 11, 'ebike': 0}",7,23,2,1790688260.0
7888,3,"{'mechanical': 3, 'ebike': 0}",0,12,0,1790688274.0
7889,12,"{'mechanical': 10, 'ebike': 2}",1,5,1,1790688286.0
7890,0,"{'mechanical': 0, 'ebike': 0}",4,19,0,1790688281.0
7891,1,"{'mechanical': 1, 'ebike': 0}",0,18,0,1790688210.0
7893,2,"{'mechanical': 1, 'ebike': 1}",0,17,0,1790688212.0
7894,0,"{'mechanical': 0, 'ebike': 0}",1,14,0,1790688233.0
7895,0,"{'mechanical': 0, 'ebike': 0}",0,15,0,1790688228.0
7896,2,"{'mechanical': 0, 'ebike': 2}",1,12,0,1790688263.0
7897,3,"{'mechanical': 1, 'ebike': 2}",1,11,0,1790688309.0
7899,8,"{'mechanical': 5, 'ebike': 3}",0,15,0,1790688208.0
7900,10,"{'mechanical': 8, 'ebike': 2}",1,0,0,1790688307.0
7901,4,"{'mechanical': 3, 'ebike': 1}",1,6,0,1790688261.0
7902,0,"{'mechanical': 0, 'ebike': 0}",0,15,0,1790688230.0
7903,0,"{'mechanical': 0, 'ebike': 0}",2,13,0,1790688266.0
7904,0,"{'mechanical': 0, 'ebike': 0}",0,11,0,1790688229.0
7906,9,"{'mechanical': 9, 'ebike': 0}",1,4,0,1790688204.0
7907,0,"{'mechanical': 0, 'ebike': 0}",0,41,0,1790688266.0
7909,4,"{'mechanical': 4, 'ebike': 0}",0,19,0,1790688253.0
7910,0,"{'mechanical': 0, 'ebike': 0}",1,14,0,1790688215.0
7911,16,"{'mechanical': 15, 'ebike': 1}",3,0,0,1790688241.0
7912,6,"{'mechanical': 5, 'ebike': 1}",0,13,0,1790688296.0
7913,31,"{'mechanical': 6, 'ebike': 25}",1,3,0,1790688320.0
7914,26,"{'mechanical': 22, 'ebike': 4}",1,0,0,1790688246.0
7915,5,"{'mechanical': 2, 'ebike': 3}",2,7,1,1790688257.0
7916,17,"{'mechanical': 14, 'ebike': 3}",1,1,0,1790688259.0
7917,36,"{'mechanical': 29, 'ebike': 7}",1,2,0,1790688319.0
7918,7,"{'mechanical': 7, 'ebike': 0}",1,7,0,1790688221.0
7919,5,"{'mechanical': 3, 'ebike': 2}",1,13,0,1790688261.0
7920,5,"{'mechanical': 5, 'ebike': 0}",0,10,0,1790688258.0
7922,5,"{'mechanical': 1, 'ebike': 4}",0,17,1,1790688288.0
7923,10,"{'mechanical': 10, 'ebike': 0}",0,9,0,1790688252.0
7924,11,"{'mechanical': 11, 'ebike': 0}",0,1,0,1790688210.0
7925,0,"{'mechanical': 0, 'ebike': 0}",0,24,0,1790688233.0
7926,0,"{'mechanical': 0, 'ebike': 0}",0,24,0,1790688289.0
7927,0,"{'mechanical': 0, 'ebike': 0}",2,22,0,1790688291.0
7928,49,"{'mechanical': 40, 'ebike': 9}",1,29,0,1790688286.0
7929,8,"{'mechanical': 7, 'ebike': 1}",0,4,0,1790688231.0
7930,7,"{'mechanical': 7, 'ebike': 0}",0,8,0,1790688317.0
7931,0,"{'mechanical': 0, 'ebike': 0}",0,16,0,1790688286.0
7932,6,"{'mechanical': 6, 'ebike': 0}",0,6,0,1790688271.0
7933,13,"{'mechanical': 10, 'ebike': 3}",0,9,1,1790688227.0
7934,3,"{'mechanical': 2, 'ebike': 1}",2,5,0,1790688235.0
7935,0,"{'mechanical': 0, 'ebike': 0}",2,13,0,1790688259.0
7936,12,"{'mechanical': 9, 'ebike': 3}",3,0,0,1790688270.0
7937,18,"{'mechanical': 15, 'ebike': 3}",0,1,0,1790688269.0
7938,1,"{'mechanical': 1, 'ebike': 0}",0,14,0,1790688254.0
7939,3,"{'mechanical': 3, 'ebike': 0}",2,12,0,1790688223.0
7940,6,"{'mechanical': 0, 'ebike': 6}",0,26,0,1790688300.0
7941,7,"{'mechanical': 5, 'ebike': 2}",0,8,0,1790688284.0
7942,0,"{'mechanical': 0, 'ebike': 0}",2,13,0,1790688232.0
7943,6,"{'mechanical': 6, 'ebike': 0}",4,13,0,1790688309.0
7944,0,"{'mechanical': 0, 'ebike': 0}",3,20,0,1790688200.0
7945,17,"{'mechanical': 17, 'ebike': 0}",1,13,0,1790688238.0
7946,2,"{'mechanical': 2, 'ebike': 0}",1,12,0,1790688306.0
7947,5,"{'mechanical': 5, 'ebike': 0}",0,6,0,1790688255.0
7948,1,"{'mechanical': 1, 'ebike': 0}",1,21,0,1790688298.0
7949,9,"{'mechanical': 9, 'ebike': 0}",0,6,0,1790688240.0
7950,0,"{'mechanical': 0, 'ebike': 0}",1,22,0,1790688220.0
7951,0,"{'mechanical': 0, 'ebike': 0}",0,19,0,1790688247.0
7952,19,"{'mechanical': 15, 'ebike': 4}",0,0,0,1790688257.0
7953,0,"{'mechanical': 0, 'ebike': 0}",3,10,1,1790688274.0
7954,9,"{'mechanical': 8, 'ebike': 1}",0,14,0,1790688252.0
7955,0,"{'mechanical': 0, 'ebike': 0}",3,20,0,1790688277.0
7956,2,"{'mechanical': 2, 'ebike': 0}",0,9,0,1790688256.0
7957,2,"{'mechanical': 2, 'ebike': 0}",2,15,0,1790688286.0
7958,5,"{'mechanical': 5, 'ebike': 0}",2,12,0,1790688245.0
7959,2,"{'mechanical': 2, 'ebike': 0}",0,13,0,1790688289.0
7960,5,"{'mechanical': 3, 'ebike': 2}",0,14,0,1790688312.0
7961,2,"{'mechanical': 1, 'ebike': 1}",0,13,0,1790688318.0
7962,6,"{'mechanical': 6, 'ebike': 0}",0,9,0,1790688296.0
7963,0,"{'mechanical': 0, 'ebike': 0}",1,10,0,1790688211.0
7964,0,"{'mechanical': 0, 'ebike': 0}",1,14,0,1790688204.0
7965,1,"{'mechanical': 0, 'ebike': 1}",1,17,0,1790688225.0
7966,1,"{'mechanical': 0, 'ebike': 1}",0,14,0,1790688238.0
7967,1,"{'mechanical': 1, 'ebike': 0}",1,13,0,1790688258.0
7968,5,"{'mechanical': 5, 'ebike': 0}",0,14,0,1790688313.0
7969,2,"{'mechanical': 2, 'ebike': 0}",0,17,0,1790688210.0
7970,7,"{'mechanical': 7, 'ebike': 0}",1,11,0,1790688224.0
7971,7,"{'mechanical': 7, 'ebike': 0}",3,4,0,1790688203.0
7972,1,"{'mechanical': 1, 'ebike': 0}",0,10,0,1790688266.0
7973,3,"{'mechanical': 3, 'ebike': 0}",4,12,0,1790688252.0
7974,12,"{'mechanical': 10, 'ebike': 2}",0,7,0,1790688291.0
7976,11,"{'mechanical': 11, 'ebike': 0}",1,6,1,1790688292.0
7977,3,"{'mechanical': 3, 'ebike': 0}",0,12,0,1790688269.0
7978,15,"{'mechanical': 15, 'ebike': 0}",1,6,0,1790688224.0
7979,3,"{'mechanical': 0, 'ebike': 3}",3,13,0,1790688324.0
7981,3,"{'mechanical': 3, 'ebike': 0}",2,10,0,1790688238.0
7982,4,"{'mechanical': 4, 'ebike': 0}",0,15,0,1790688262.0
7983,3,"{'mechanical': 3, 'ebike': 0}",0,11,0,1790688316.0
7984,8,"{'mechanical': 8, 'ebike': 0}",0,15,0,1790688285.0
7985,7,"{'mechanical': 5, 'ebike': 2}",0,7,1,1790688291.0
7986,4,"{'mechanical': 4, 'ebike': 0}",2,13,0,1790688208.0
7987,1,"{'mechanical': 1, 'ebike': 0}",0,14,0,1790688206.0
7988,3,"{'mechanical': 3, 'ebike': 0}",1,15,0,1790688256.0
7989,4,"{'mechanical': 4, 'ebike': 0}",0,11,0,1790688203.0
7990,4,"{'mechanical': 4, 'ebike': 0}",2,5,0,1790688310.0
7991,0,"{'mechanical': 0, 'ebike': 0}",2,13,0,1790688241.0
7992,2,"{'mechanical': 1, 'ebike': 1}",1,8,0,1790688313.0
7993,0,"{'mechanical': 0, 'ebike': 0}",0,14,0,1790688216.0
7994,0,"{'mechanical': 0, 'ebike': 0}",0,11,0,1790688209.0
7995,0,"{'mechanical': 0, 'ebike': 0}",0,15,0,1790688319.0
7996,13,"{'mechanical': 0, 'ebike': 13}",2,8,0,1790688204.0
7997,36,"{'mechanical': 2, 'ebike': 34}",4,0,0,1790688271.0
7998,2,"{'mechanical': 2, 'ebike': 0}",1,16,0,1790688235.0
7999,0,"{'mechanical': 0, 'ebike': 0}",1,14,0,1790688296.0
8000,21,"{'mechanical': 0, 'ebike': 21}",4,6,0,1790688294.0
8001,22,"{'mechanical': 22, 'ebike': 0}",1,1,0,1790688284.0
8002,2,"{'mechanical': 2, 'ebike': 0}",0,13,0,1790688275.0
8003,0,"{'mechanical': 0, 'ebike': 0}",0,11,0,1790688316.0
8004,0,"{'mechanical': 0, 'ebike': 0}",2,9,0,1790688302.0
8005,0,"{'mechanical': 0, 'ebike': 0}",2,9,0,1790688206.0
8006,1,"{'mechanical': 0, 'ebike': 1}",2,20,0,1790688295.0
8007,11,"{'mechanical': 1, 'ebike': 10}",3,17,0,1790688213.0
8008,0,"{'mechanical': 0, 'ebike': 0}",0,16,0,1790688209.0
8009,8,"{'mechanical': 0, 'ebike': 8}",7,24,0,1790688237.0
8010,2,"{'mechanical': 2, 'ebike': 0}",2,15,0,1790688282.0
8011,21,"{'mechanical': 17, 'ebike': 4}",6,5,0,1790688223.0
8012,3,"{'mechanical': 3, 'ebike': 0}",2,14,0,1790688271.0
8013,6,"{'mechanical': 6, 'ebike': 0}",0,6,0,1790688272.0
8014,23,"{'mechanical': 14, 'ebike': 9}",0,0,0,1790688271.0
8015,0,"{'mechanical': 0, 'ebike': 0}",0,12,0,1790688309.0
8016,21,"{'mechanical': 21, 'ebike': 0}",1,1,0,1790688241.0
8017,1,"{'mechanical': 1, 'ebike': 0}",2,12,0,1790688264.0
8018,7,"{'mechanical': 7, 'ebike': 0}",0,8,1,1790688239.0
8020,3,"{'mechanical': 0, 'ebike': 3}",2,4,0,1790688236.0
8021,4,"{'mechanical': 4, 'ebike': 0}",0,15,0,1790688318.0
8022,4,"{'mechanical': 3, 'ebike': 1}",0,7,0,1790688314.0
8023,0,"{'mechanical': 0, 'ebike': 0}",1,10,0,1790688206.0
8025,10,"{'mechanical': 10, 'ebike': 0}",1,0,0,1790688227.0
8026,22,"{'mechanical': 20, 'ebike': 2}",1,0,0,1790688223.0
8027,5,"{'mechanical': 5, 'ebike': 0}",1,33,0,1790688240.0
8028,0,"{'mechanical': 0, 'ebike': 0}",0,27,0,1790688216.0
8029,26,"{'mechanical': 26, 'ebike': 0}",0,21,0,1790688263.0
8030,10,"{'mechanical': 10, 'ebike': 0}",0,25,0,1790688274.0
8031,5,"{'mechanical': 5, 'ebike': 0}",0,10,0,1790688236.0
8032,6,"{'mechanical': 6, 'ebike': 0}",0,9,0,1790688245.0
8033,2,"{'mechanical': 2, 'ebike': 0}",0,17,0,1790688218.0
8034,6,"{'mechanical': 5, 'ebike': 1}",0,9,0,1790688320.0
8035,3,"{'mechanical': 3, 'ebike': 0}",0,16,0,1790688243.0
8036,3,"{'mechanical': 3, 'ebike': 0}",0,15,0,1790688214.0
8037,5,"{'mechanical': 5, 'ebike': 0}",2,8,0,1790688267.0
8038,3,"{'mechanical': 2, 'ebike': 1}",0,8,0,1790688261.0
8039,1,"{'mechanical': 1, 'ebike': 0}",0,18,0,1790688277.0
8040,3,"{'mechanical': 3, 'ebike': 0}",3,17,0,1790688293.0
8041,3,"{'mechanical': 2, 'ebike': 1}",2,6,0,1790688281.0
8042,3,"{'mechanical': 3, 'ebike': 0}",0,16,0,1790688269.0
8043,1,"{'mechanical': 0, 'ebike': 1}",1,13,0,1790688326.0
8044,2,"{'mechanical': 2, 'ebike': 0}",0,9,0,1790688271.0
8045,2,"{'mechanical': 0, 'ebike': 2}",0,13,0,1790688313.0
8046,1,"{'mechanical': 1, 'ebike': 0}",1,9,0,1790688314.0
8047,0,"{'mechanical': 0, 'ebike': 0}",0,11,0,1790688252.0
8048,2,"{'mechanical': 2, 'ebike': 0}",1,12,0,1790688249.0
8049,1,"{'mechanical': 1, 'ebike': 0}",0,18,0,1790688249.0
8050,3,"{'mechanical': 1, 'ebike': 2}",0,20,0,1790688252.0
8051,0,"{'mechanical': 0, 'ebike': 0}",0,12,0,1790688262.0
8052,0,"{'mechanical': 0, 'ebike': 0}",0,10,0,1790688287.0
8053,0,"{'mechanical': 0, 'ebike': 0}",0,17,0,1790688249.0
8054,3,"{'mechanical': 2, 'ebike': 1}",2,14,0,1790688313.0
8055,6,"{'mechanical': 6, 'ebike': 0}",1,4,0,1790688240.0
8056,6,"{'mechanical': 6, 'ebike': 0}",0,13,0,1790688257.0
8057,3,"{'mechanical': 3, 'ebike': 0}",0,16,0,1790688213.0
8058,3,"{'mechanical': 3, 'ebike': 0}",1,15,0,1790688225.0
8059,3,"{'mechanical': 3, 'ebike': 0}",0,8,0,1790688266.0
8060,0,"{'mechanical': 0, 'ebike': 0}",0,15,0,1790688253.0
8061,0,"{'mechanical': 0, 'ebike': 0}",1,10,0,1790688241.0
8062,9,"{'mechanical': 7, 'ebike': 2}",2,0,0,1790688277.0
8063,3,"{'mechanical': 3, 'ebike': 0}",0,8,0,1790688257.0
8064,0,"{'mechanical': 0, 'ebike': 0}",0,11,0,1790688259.0
8065,1,"{'mechanical': 1, 'ebike': 0}",2,8,0,1790688278.0
8066,0,"{'mechanical': 0, 'ebike': 0}",0,15,0,1790688216.0
8070,14,"{'mechanical': 14, 'ebike': 0}",1,16,0,1790688277.0
8073,2,"{'mechanical': 2, 'ebike': 0}",0,12,0,1790688227.0
8074,2,"{'mechanical': 2, 'ebike': 0}",0,9,0,1790688234.0
8075,16,"{'mechanical': 16, 'ebike': 0}",2,1,0,1790688206.0
8076,1,"{'mechanical': 1, 'ebike': 0}",0,10,0,1790688293.0
8077,1,"{'mechanical': 1, 'ebike': 0}",1,9,0,1790688295.0
8078,2,"{'mechanical': 1, 'ebike': 1}",2,11,0,1790688213.0
8079,5,"{'mechanical': 5, 'ebike': 0}",2,3,1,1790688261.0
8080,1,"{'mechanical': 1, 'ebike': 0}",2,12,0,1790688304.0
8081,0,"{'mechanical': 0, 'ebike': 0}",1,10,0,1790688262.0
8082,6,"{'mechanical': 6, 'ebike': 0}",0,9,0,1790688314.0
8083,0,"{'mechanical': 0, 'ebike': 0}",0,11,0,1790688230.0
8084,0,"{'mechanical': 0, 'ebike': 0}",4,11,0,1790688307.0
8085,1,"{'mechanical': 1, 'ebike': 0}",0,10,0,1790688249.0
8086,0,"{'mechanical': 0, 'ebike': 0}",2,13,0,1790688317.0
8087,3,"{'mechanical': 3, 'ebike': 0}",0,16,0,1790688297.0
8088,1,"{'mechanical': 1, 'ebike': 0}",0,10,0,1790688315.0
8089,1,"{'mechanical': 1, 'ebike': 0}",0,14,0,1790688206.0
8090,12,"{'mechanical': 11, 'ebike': 1}",1,2,0,1790688244.0
8091,8,"{'mechanical': 8, 'ebike': 0}",0,3,0,1790688303.0
8092,0,"{'mechanical': 0, 'ebike': 0}",0,14,1,1790688228.0
8093,4,"{'mechanical': 4, 'ebike': 0}",0,11,0,1790688269.0
8094,3,"{'mechanical': 3, 'ebike': 0}",1,15,0,1790688235.0
8095,3,"{'mechanical': 3, 'ebike': 0}",0,8,0,1790688213.0
8096,10,"{'mechanical': 10, 'ebike': 0}",0,10,0,1790688308.0
8099,3,"{'mechanical': 3, 'ebike': 0}",1,7,0,1790688253.0
8101,2,"{'mechanical': 2, 'ebike': 0}",1,12,0,1790688286.0
8102,4,"{'mechanical': 4, 'ebike': 0}",0,11,0,1790688278.0
8104,6,"{'mechanical': 6, 'ebike': 0}",0,9,0,1790688205.0
8105,1,"{'mechanical': 1, 'ebike': 0}",4,10,0,1790688304.0
8106,1,"{'mechanical': 1, 'ebike': 0}",0,10,0,1790688293.0
8107,1,"{'mechanical': 1, 'ebike': 0}",1,13,0,1790688308.0
8108,4,"{'mechanical': 4, 'ebike': 0}",0,11,0,1790688284.0
8109,2,"{'mechanical': 2, 'ebike': 0}",0,9,0,1790688262.0
8110,0,"{'mechanical': 0, 'ebike': 0}",2,13,0,1790688266.0
8111,0,"{'mechanical': 0, 'ebike': 0}",0,11,0,1790688274.0
8112,1,"{'mechanical': 1, 'ebike': 0}",0,10,0,1790688226.0
8113,23,"{'mechanical': 23, 'ebike': 0}",0,0,0,1790688295.0
8114,3,"{'mechanical': 2, 'ebike': 1}",3,5,0,1790688275.0
8115,5,"{'mechanical': 5, 'ebike': 0}",0,6,0,1790688229.0
8117,2,"{'mechanical': 2, 'ebike': 0}",1,12,0,1790688292.0
8119,3,"{'mechanical': 3, 'ebike': 0}",0,8,0,1790688324.0
8120,4,"{'mechanical': 4, 'ebike': 0}",1,6,0,1790688229.0
8122,5,"{'mechanical': 5, 'ebike': 0}",0,9,1,1790688250.0
8123,3,"{'mechanical': 3, 'ebike': 0}",0,8,0,1790688321.0
8125,4,"{'mechanical': 4, 'ebike': 0}",1,10,0,1790688290.0
8128,5,"{'mechanical': 5, 'ebike': 0}",1,5,0,1790688311.0
8129,0,"{'mechanical': 0, 'ebike': 0}",0,11,0,1790688227.0
8130,1,"{'mechanical': 0, 'ebike': 1}",1,9,0,1790688311.0
8131,3,"{'mechanical': 2, 'ebike': 1}",0,8,0,1790688307.0
8133,2,"{'mechanical': 2, 'ebike': 0}",0,13,0,1790688221.0
8134,1,"{'mechanical': 1, 'ebike': 0}",0,10,0,1790688274.0
8137,14,"{'mechanical': 14, 'ebike': 0}",3,13,0,1790688275.0
8138,4,"{'mechanical': 2, 'ebike': 2}",0,19,0,1790688228.0
8139,1,"{'mechanical': 1, 'ebike': 0}",0,10,0,1790688299.0
8141,1,"{'mechanical': 1, 'ebike': 0}",0,10,0,1790688210.0
8142,4,"{'mechanical': 4, 'ebike': 0}",0,7,0,1790688296.0
8144,1,"{'mechanical': 0, 'ebike': 1}",0,10,0,1790688256.0
8149,0,"{'mechanical': 0, 'ebike': 0}",0,11,0,1790688213.0
8150,0,"{'mechanical': 0, 'ebike': 0}",2,9,0,1790688219.0
8151,0,"{'mechanical': 0, 'ebike': 0}",0,11,0,1790688248.0
8152,1,"{'mechanical': 1, 'ebike': 0}",7,8,0,1790688209.0
8153,1,"{'mechanical': 1, 'ebike': 0}",1,17,0,1790688289.0
8154,3,"{'mechanical': 3, 'ebike': 0}",0,8,0,1790688223.0
8155,1,"{'mechanical': 1, 'ebike': 0}",1,13,0,1790688203.0
8156,0,"{'mechanical': 0, 'ebike': 0}",0,11,0,1790688222.0
8157,0,"{'mechanical': 0, 'ebike': 0}",0,15,0,1790688227.0
8158,1,"{'mechanical': 1, 'ebike': 0}",0,10,0,1790688287.0
8159,3,"{'mechanical': 3, 'ebike': 0}",0,11,1,1790688296.0
8160,1,"{'mechanical': 1, 'ebike': 0}",0,14,0,1790688216.0
8161,4,"{'mechanical': 4, 'ebike': 0}",1,10,0,1790688307.0
8162,3,"{'mechanical': 3, 'ebike': 0}",2,22,0,1790688206.0
8163,1,"{'mechanical': 1, 'ebike': 0}",1,21,0,1790688222.0
8164,4,"{'mechanical': 4, 'ebike': 0}",0,15,0,1790688272.0
8165,0,"{'mechanical': 0, 'ebike': 0}",0,11,0,1790688325.0
8166,1,"{'mechanical': 1, 'ebike': 0}",0,10,0,1790688241.0
8167,1,"{'mechanical': 1, 'ebike': 0}",1,13,0,1790688231.0
8168,2,"{'mechanical': 2, 'ebike': 0}",1,8,0,1790688231.0
8169,3,"{'mechanical': 3, 'ebike': 0}",0,12,0,1790688225.0
8170,11,"{'mechanical': 11, 'ebike': 0}",1,3,0,1790688236.0
8171,17,"{'mechanical': 17, 'ebike': 0}",1,5,0,1790688299.0
8172,0,"{'mechanical': 0, 'ebike': 0}",0,23,0,1790688240.0
8173,1,"{'mechanical': 0, 'ebike': 1}",2,8,0,1790688283.0
8174,17,"{'mechanical': 15, 'ebike': 2}",2,0,0,1790688210.0
8175,23,"{'mechanical': 22, 'ebike': 1}",0,0,0,1790688294.0
8176,39,"{'mechanical': 0, 'ebike': 39}",0,0,0,1790688225.0
8177,0,"{'mechanical': 0, 'ebike': 0}",1,10,0,1790688241.0
8178,5,"{'mechanical': 5, 'ebike': 0}",0,18,0,1790688220.0
8179,4,"{'mechanical': 2, 'ebike': 2}",0,7,0,1790688259.0
8180,1,"{'mechanical': 1, 'ebike': 0}",0,14,0,1790688215.0
8181,0,"{'mechanical': 0, 'ebike': 0}",1,30,0,1790688267.0
8182,11,"{'mechanical': 11, 'ebike': 0}",1,11,0,1790688315.0
8183,2,"{'mechanical': 2, 'ebike': 0}",0,21,0,1790688258.0
8184,6,"{'mechanical': 6, 'ebike': 0}",2,7,0,1790688269.0
8185,0,"{'mechanical': 0, 'ebike': 0}",0,11,0,1790688326.0
8186,1,"{'mechanical': 1, 'ebike': 0}",0,14,0,1790688215.0
8187,0,"{'mechanical': 0, 'ebike': 0}",2,13,0,1790688210.0
8188,4,"{'mechanical': 4, 'ebike': 0}",7,12,0,1790688306.0
8189,0,"{'mechanical': 0, 'ebike': 0}",0,15,0,1790688207.0
8190,2,"{'mechanical': 2, 'ebike': 0}",0,25,0,1790688285.0
8191,7,"{'mechanical': 7, 'ebike': 0}",2,14,0,1790688302.0
8193,10,"{'mechanical': 0, 'ebike': 10}",6,11,0,1790688295.0
8194,10,"{'mechanical': 0, 'ebike': 10}",9,4,0,1790688210.0
8196,13,"{'mechanical': 0, 'ebike': 13}",1,5,0,1790688294.0
8197,7,"{'mechanical': 5, 'ebike': 2}",12,11,1,1790688303.0
8198,38,"{'mechanical': 0, 'ebike': 38}",1,0,0,1790688279.0
8199,13,"{'mechanical': 1, 'ebike': 12}",1,9,0,1790688223.0
8200,13,"{'mechanical': 13, 'ebike': 0}",2,8,0,1790688211.0
8201,1,"{'mechanical': 1, 'ebike': 0}",2,8,0,1790688304.0
8202,17,"{'mechanical': 2, 'ebike': 15}",0,2,0,1790688238.0
8203,1,"{'mechanical': 1, 'ebike': 0}",0,10,0,1790688207.0
8204,0,"{'mechanical': 0, 'ebike': 0}",0,11,0,1790688273.0
8205,0,"{'mechanical': 0, 'ebike': 0}",1,14,0,1790688292.0
8206,14,"{'mechanical': 14, 'ebike': 0}",1,2,0,1790688307.0
8207,0,"{'mechanical': 0, 'ebike': 0}",0,8,0,1790688226.0
8208,2,"{'mechanical': 1, 'ebike': 1}",1,8,0,1790688321.0
8209,0,"{'mechanical': 0, 'ebike': 0}",2,12,0,1790688286.0
8210,3,"{'mechanical': 3, 'ebike': 0}",3,5,0,1790688318.0
8211,0,"{'mechanical': 0, 'ebike': 0}",0,11,0,1790688208.0
8212,17,"{'mechanical': 0, 'ebike': 17}",4,5,0,1790688261.0
8213,0,"{'mechanical': 0, 'ebike': 0}",3,14,0,1790688285.0
8214,0,"{'mechanical': 0, 'ebike': 0}",1,10,0,1790688209.0
8215,6,"{'mechanical': 4, 'ebike': 2}",2,9,0,1790688264.0
8216,1,"{'mechanical': 1, 'ebike': 0}",2,11,0,1790688281.0
8217,0,"{'mechanical': 0, 'ebike': 0}",0,14,0,1790688240.0
8218,5,"{'mechanical': 5, 'ebike': 0}",2,4,0,1790688202.0
8219,0,"{'mechanical': 0, 'ebike': 0}",0,19,0,1790688241.0
8220,3,"{'mechanical': 3, 'ebike': 0}",0,8,0,1790688318.0
8221,0,"{'mechanical': 0, 'ebike': 0}",0,11,0,1790688201.0
8224,10,"{'mechanical': 9, 'ebike': 1}",3,6,0,1790688317.0
8225,3,"{'mechanical': 3, 'ebike': 0}",0,8,0,1790688227.0
8226,4,"{'mechanical': 2, 'ebike': 2}",0,11,0,1790688302.0
8227,6,"{'mechanical': 3, 'ebike': 3}",0,5,0,1790688215.0
8228,18,"{'mechanical': 18, 'ebike': 0}",0,21,0,1790688201.0
8229,20,"{'mechanical': 20, 'ebike': 0}",0,15,0,1790688252.0
8230,28,"{'mechanical': 28, 'ebike': 0}",0,11,0,1790688298.0
8231,5,"{'mechanical': 5, 'ebike': 0}",2,12,0,1790688244.0
8232,2,"{'mechanical': 2, 'ebike': 0}",0,20,1,1790688263.0
8234,2,"{'mechanical': 0, 'ebike': 2}",0,17,0,1790688251.0
8235,1,"{'mechanical': 0, 'ebike': 1}",2,12,0,1790688279.0
8236,4,"{'mechanical': 4, 'ebike': 0}",0,11,0,1790688206.0
8237,19,"{'mechanical': 19, 'ebike': 0}",1,2,0,1790688214.0
8238,3,"{'mechanical': 1, 'ebike': 2}",0,12,0,1790688310.0
8239,0,"{'mechanical': 0, 'ebike': 0}",1,10,0,1790688297.0
8240,0,"{'mechanical': 0, 'ebike': 0}",0,15,0,1790688261.0
8241,0,"{'mechanical': 0, 'ebike': 0}",0,15,0,1790688238.0
8242,2,"{'mechanical': 2, 'ebike': 0}",0,17,0,1790688212.0
8243,0,"{'mechanical': 0, 'ebike': 0}",0,16,0,1790688294.0
8245,0,"{'mechanical': 0, 'ebike': 0}",1,17,1,1790688248.0
8246,0,"{'mechanical': 0, 'ebike': 0}",3,8,0,1790688202.0
8247,1,"{'mechanical': 0, 'ebike': 1}",1,13,0,1790688295.0
8248,1,"{'mechanical': 0, 'ebike': 1}",0,10,0,1790688271.0
8249,4,"{'mechanical': 4, 'ebike': 0}",1,10,0,1790688298.0
8250,1,"{'mechanical': 0, 'ebike': 1}",0,10,0,1790688211.0
8251,12,"{'mechanical': 9, 'ebike': 3}",4,1,0,1790688269.0
8252,0,"{'mechanical': 0, 'ebike': 0}",0,15,0,1790688277.0
8253,0,"{'mechanical': 0, 'ebike': 0}",0,19,0,1790688324.0
8254,3,"{'mechanical': 1, 'ebike': 2}",0,11,0,1790688223.0
8255,3,"{'mechanical': 1, 'ebike': 2}",1,11,0,1790688254.0
8256,1,"{'mechanical': 0, 'ebike': 1}",1,13,0,1790688304.0
8257,0,"{'mechanical': 0, 'ebike': 0}",0,17,0,1790688276.0
8258,0,"{'mechanical': 0, 'ebike': 0}",0,11,0,1790688246.0
8259,1,"{'mechanical': 1, 'ebike': 0}",0,6,0,1790688271.0
8260,25,"{'mechanical': 25, 'ebike': 0}",0,10,0,1790688266.0
8261,2,"{'mechanical': 2, 'ebike': 0}",0,13,0,1790688209.0
8262,18,"{'mechanical': 18, 'ebike': 0}",1,20,0,1790688279.0
8263,0,"{'mechanical': 0, 'ebike': 0}",0,23,0,1790688301.0
8264,0,"{'mechanical': 0, 'ebike': 0}",5,22,0,1790688284.0
8265,1,"{'mechanical': 1, 'ebike': 0}",1,17,0,1790688216.0
8266,3,"{'mechanical': 3, 'ebike': 0}",0,24,0,1790688225.0
8267,0,"{'mechanical': 0, 'ebike': 0}",0,23,0,1790688261.0
8268,21,"{'mechanical': 19, 'ebike': 2}",2,0,0,1790688225.0
8269,3,"{'mechanical': 2, 'ebike': 1}",1,7,0,1790688280.0
8271,8,"{'mechanical': 7, 'ebike': 1}",0,11,0,1790688267.0
8273,7,"{'mechanical': 5, 'ebike': 2}",0,24,0,1790688267.0
